/* SPDX-License-Identifier: OFL-1.1 */
/* Rasterized Noto Color Emoji glyphs; Copyright 2021 Google Inc. All Rights Reserved.
 * See assets/ui/noto_emoji/LICENSE.txt and SOURCES.json for license and source hashes.
 * Generated by scripts/generate-lvgl-ui-assets.py. Do not edit.
 * BGRA byte order, straight alpha; each 64x61 PNG is padded to 64x64 without scaling.
 */
#include "display/lvgl_assets.h"

/* U+1F636; source SHA256: 96a0d0f28089c3f58a932214db0e7ff351796fbb899a7d68bca459adc63a6e8a */
_Alignas(LV_DRAW_BUF_ALIGN) static const uint8_t neutral_pixels[] = {
    0x00, 0x00, 0x00, 0x00, 0x00, 0x00, 0x00, 0x00, 0x00, 0x00, 0x00, 0x00, 0x00, 0x00, 0x00, 0x00,
    0x00, 0x00, 0x00, 0x00, 0x00, 0x00, 0x00, 0x00, 0x00, 0x00, 0x00, 0x00, 0x00, 0x00, 0x00, 0x00,
    0x00, 0x00, 0x00, 0x00, 0x00, 0x00, 0x00, 0x00, 0x00, 0x00, 0x00, 0x00, 0x00, 0x00, 0x00, 0x00,
    0x00, 0x00, 0x00, 0x00, 0x00, 0x00, 0x00, 0x00, 0x00, 0x00, 0x00, 0x00, 0x00, 0x00, 0x00, 0x00,
    0x00, 0x00, 0x00, 0x00, 0x00, 0x00, 0x00, 0x00, 0x00, 0x00, 0x00, 0x00, 0x00, 0x00, 0x00, 0x00,
    0x00, 0x00, 0x00, 0x00, 0x00, 0x00, 0x00, 0x00, 0x00, 0x00, 0x00, 0x00, 0x00, 0x00, 0x00, 0x00,
    0x00, 0x00, 0x00, 0x00, 0x00, 0x00, 0x00, 0x00, 0x00, 0x00, 0x00, 0x00, 0x00, 0x00, 0x00, 0x00,
    0x00, 0x00, 0x00, 0x00, 0x00, 0x00, 0x00, 0x00, 0x00, 0x00, 0x00, 0x00, 0x00, 0x00, 0x00, 0x00,
    0x00, 0x00, 0x00, 0x00, 0x00, 0x00, 0x00, 0x00, 0x00, 0x00, 0x00, 0x00, 0x00, 0x00, 0x00, 0x00,
    0x00, 0x00, 0x00, 0x00, 0x00, 0x00, 0x00, 0x00, 0x00, 0x00, 0x00, 0x00, 0x00, 0x00, 0x00, 0x00,
    0x00, 0x00, 0x00, 0x00, 0x00, 0x00, 0x00, 0x00, 0x00, 0x00, 0x00, 0x00, 0x00, 0x00, 0x00, 0x00,
    0x00, 0x00, 0x00, 0x00, 0x00, 0x00, 0x00, 0x00, 0x00, 0x00, 0x00, 0x00, 0x00, 0x00, 0x00, 0x00,
    0x00, 0x00, 0x00, 0x00, 0x00, 0x00, 0x00, 0x00, 0x00, 0x00, 0x00, 0x00, 0x00, 0x00, 0x00, 0x00,
    0x00, 0x00, 0x00, 0x00, 0x00, 0x00, 0x00, 0x00, 0x00, 0x00, 0x00, 0x00, 0x00, 0x00, 0x00, 0x00,
    0x00, 0x00, 0x00, 0x00, 0x00, 0x00, 0x00, 0x00, 0x00, 0x00, 0x00, 0x00, 0x00, 0x00, 0x00, 0x00,
    0x00, 0x00, 0x00, 0x00, 0x00, 0x00, 0x00, 0x00, 0x00, 0x00, 0x00, 0x00, 0x00, 0x00, 0x00, 0x00,
    0x00, 0x00, 0x00, 0x00, 0x00, 0x00, 0x00, 0x00, 0x00, 0x00, 0x00, 0x00, 0x00, 0x00, 0x00, 0x00,
    0x00, 0x00, 0x00, 0x00, 0x00, 0x00, 0x00, 0x00, 0x00, 0x00, 0x00, 0x00, 0x00, 0x00, 0x00, 0x00,
    0x00, 0x00, 0x00, 0x00, 0x00, 0x00, 0x00, 0x00, 0x00, 0x00, 0x00, 0x00, 0x00, 0x00, 0x00, 0x00,
    0x00, 0x00, 0x00, 0x00, 0x00, 0x00, 0x00, 0x00, 0x00, 0x00, 0x00, 0x00, 0x00, 0x00, 0x00, 0x00,
    0x00, 0x00, 0x00, 0x00, 0x00, 0x00, 0x00, 0x00, 0x00, 0x00, 0x00, 0x00, 0x00, 0x00, 0x00, 0x00,
    0x00, 0x00, 0x00, 0x00, 0x00, 0x00, 0x00, 0x00, 0x00, 0x00, 0x00, 0x00, 0x00, 0x00, 0x00, 0x00,
    0x00, 0x00, 0x00, 0x00, 0x00, 0x00, 0x00, 0x00, 0x00, 0x00, 0x00, 0x00, 0x00, 0x00, 0x00, 0x00,
    0x00, 0x00, 0x00, 0x00, 0x00, 0x00, 0x00, 0x00, 0x00, 0x00, 0x00, 0x00, 0x00, 0x00, 0x00, 0x00,
    0x00, 0x00, 0x00, 0x00, 0x00, 0x00, 0x00, 0x00, 0x00, 0x00, 0x00, 0x00, 0x00, 0x00, 0x00, 0x00,
    0x00, 0x00, 0x00, 0x00, 0x00, 0x00, 0x00, 0x00, 0x00, 0x00, 0x00, 0x00, 0x00, 0x00, 0x00, 0x00,
    0x00, 0x00, 0x00, 0x00, 0x00, 0x00, 0x00, 0x00, 0x00, 0x00, 0x00, 0x00, 0x00, 0x00, 0x00, 0x00,
    0x00, 0x00, 0x00, 0x00, 0x00, 0x00, 0x00, 0x00, 0x00, 0x00, 0x00, 0x00, 0x00, 0x00, 0x00, 0x00,
    0x00, 0x00, 0x00, 0x00, 0x00, 0x00, 0x00, 0x00, 0x00, 0x00, 0x00, 0x00, 0x00, 0x00, 0x00, 0x00,
    0x00, 0x00, 0x00, 0x00, 0x00, 0x00, 0x00, 0x00, 0x00, 0x00, 0x00, 0x00, 0x00, 0x00, 0x00, 0x00,
    0x00, 0x00, 0x00, 0x00, 0x00, 0x00, 0x00, 0x00, 0x00, 0x00, 0x00, 0x00, 0x00, 0x00, 0x00, 0x00,
    0x00, 0x00, 0x00, 0x00, 0x00, 0x00, 0x00, 0x00, 0x00, 0x00, 0x00, 0x00, 0x00, 0x00, 0x00, 0x00,
    0x00, 0x00, 0x00, 0x00, 0x00, 0x00, 0x00, 0x00, 0x00, 0x00, 0x00, 0x00, 0x00, 0x00, 0x00, 0x00,
    0x00, 0x00, 0x00, 0x00, 0x00, 0x00, 0x00, 0x00, 0x00, 0x00, 0x00, 0x00, 0x00, 0x00, 0x00, 0x00,
    0x00, 0x00, 0x00, 0x00, 0x00, 0x00, 0x00, 0x00, 0x00, 0x00, 0x00, 0x00, 0x00, 0x00, 0x00, 0x00,
    0x00, 0x00, 0x00, 0x00, 0x00, 0x00, 0x00, 0x00, 0x00, 0x00, 0x00, 0x00, 0x00, 0x00, 0x00, 0x00,
    0x00, 0x00, 0x00, 0x00, 0x00, 0x00, 0x00, 0x00, 0x00, 0x00, 0x00, 0x00, 0x00, 0x00, 0x00, 0x00,
    0x00, 0x00, 0x00, 0x00, 0x00, 0x00, 0x00, 0x00, 0x00, 0x00, 0x00, 0x00, 0x00, 0x00, 0x00, 0x00,
    0x00, 0x00, 0x00, 0x00, 0x00, 0x00, 0x00, 0x00, 0x00, 0x00, 0x00, 0x00, 0x00, 0x00, 0x00, 0x00,
    0x00, 0x00, 0x00, 0x00, 0x00, 0x00, 0x00, 0x00, 0x00, 0x00, 0x00, 0x00, 0x00, 0x00, 0x00, 0x00,
    0x00, 0x00, 0x00, 0x00, 0x00, 0x00, 0x00, 0x00, 0x00, 0x00, 0x00, 0x00, 0x00, 0x00, 0x00, 0x00,
    0x00, 0x00, 0x00, 0x00, 0x00, 0x00, 0x00, 0x00, 0x00, 0x00, 0x00, 0x00, 0x00, 0x00, 0x00, 0x00,
    0x00, 0x00, 0x00, 0x00, 0x00, 0x00, 0x00, 0x00, 0x00, 0x00, 0x00, 0x00, 0x00, 0x00, 0x00, 0x00,
    0x00, 0x00, 0x00, 0x00, 0x00, 0x00, 0x00, 0x00, 0x00, 0x00, 0x00, 0x00, 0x00, 0x00, 0x00, 0x00,
    0x00, 0x00, 0x00, 0x00, 0x00, 0x00, 0x00, 0x00, 0x00, 0x00, 0x00, 0x00, 0x00, 0x00, 0x00, 0x00,
    0x00, 0x00, 0x00, 0x00, 0x00, 0x00, 0x00, 0x00, 0x00, 0x00, 0x00, 0x00, 0x00, 0x00, 0x00, 0x00,
    0x00, 0x00, 0x00, 0x00, 0x00, 0x00, 0x00, 0x00, 0x00, 0x00, 0x00, 0x00, 0x00, 0x00, 0x00, 0x00,
    0x00, 0x00, 0x00, 0x00, 0x00, 0x00, 0x00, 0x00, 0x00, 0x00, 0x00, 0x00, 0x00, 0x00, 0x00, 0x00,
    0x00, 0x00, 0x00, 0x00, 0x00, 0x00, 0x00, 0x00, 0x00, 0x00, 0x00, 0x00, 0x00, 0x00, 0x00, 0x00,
    0x00, 0x00, 0x00, 0x00, 0x00, 0x00, 0x00, 0x00, 0x00, 0x00, 0x00, 0x00, 0x00, 0x00, 0x00, 0x00,
    0x00, 0x00, 0x00, 0x00, 0x00, 0x00, 0x00, 0x00, 0x00, 0x00, 0x00, 0x00, 0x00, 0x00, 0x00, 0x00,
    0x00, 0x00, 0x00, 0x00, 0x00, 0x00, 0x00, 0x00, 0x00, 0x00, 0x00, 0x00, 0x00, 0x00, 0x00, 0x00,
    0x00, 0x00, 0x00, 0x00, 0x00, 0x00, 0x00, 0x00, 0x00, 0x00, 0x00, 0x00, 0x00, 0x00, 0x00, 0x00,
    0x00, 0x00, 0x00, 0x00, 0x00, 0x00, 0x00, 0x00, 0x00, 0x00, 0x00, 0x00, 0x00, 0x00, 0x00, 0x00,
    0x00, 0x00, 0x00, 0x00, 0x00, 0x00, 0x00, 0x00, 0x00, 0x00, 0x00, 0x00, 0x00, 0x00, 0x00, 0x00,
    0x00, 0x00, 0x00, 0x00, 0x00, 0x00, 0x00, 0x00, 0x00, 0x00, 0x00, 0x00, 0x00, 0x00, 0x00, 0x00,
    0x00, 0x00, 0x00, 0x00, 0x00, 0x00, 0x00, 0x00, 0x00, 0x00, 0x00, 0x00, 0x00, 0x00, 0x00, 0x00,
    0x00, 0x00, 0x00, 0x00, 0x00, 0x00, 0x00, 0x00, 0x00, 0x00, 0x00, 0x00, 0x00, 0x00, 0x00, 0x00,
    0x00, 0x00, 0x00, 0x00, 0x00, 0x00, 0x00, 0x00, 0x00, 0x00, 0x00, 0x00, 0x00, 0x00, 0x00, 0x00,
    0x00, 0x00, 0x00, 0x00, 0x00, 0x00, 0x00, 0x00, 0x00, 0x00, 0x00, 0x00, 0x00, 0x00, 0x00, 0x00,
    0x00, 0x00, 0x00, 0x00, 0x00, 0x00, 0x00, 0x00, 0x00, 0x00, 0x00, 0x00, 0x00, 0x00, 0x00, 0x00,
    0x00, 0x00, 0x00, 0x00, 0x00, 0x00, 0x00, 0x00, 0x00, 0x00, 0x00, 0x00, 0x00, 0x00, 0x00, 0x00,
    0x00, 0x00, 0x00, 0x00, 0x00, 0x00, 0x00, 0x00, 0x00, 0x00, 0x00, 0x00, 0x00, 0x00, 0x00, 0x00,
    0x00, 0x00, 0x00, 0x00, 0x00, 0x00, 0x00, 0x00, 0x00, 0x00, 0x00, 0x00, 0x00, 0x00, 0x00, 0x00,
    0x00, 0x00, 0x00, 0x00, 0x00, 0x00, 0x00, 0x00, 0x00, 0x00, 0x00, 0x00, 0x00, 0x00, 0x00, 0x00,
    0x00, 0x00, 0x00, 0x00, 0x00, 0x00, 0x00, 0x00, 0x00, 0x00, 0x00, 0x00, 0x00, 0x00, 0x00, 0x00,
    0x00, 0x00, 0x00, 0x00, 0x00, 0x00, 0x00, 0x00, 0x00, 0x00, 0x00, 0x00, 0x00, 0x00, 0x00, 0x00,
    0x00, 0x00, 0x00, 0x00, 0x00, 0x00, 0x00, 0x00, 0x00, 0x00, 0x00, 0x00, 0x00, 0x00, 0x00, 0x00,
    0x00, 0x00, 0x00, 0x00, 0x00, 0x00, 0x00, 0x00, 0x00, 0x00, 0x00, 0x00, 0x00, 0x00, 0x00, 0x00,
    0x00, 0x00, 0x00, 0x00, 0x00, 0x00, 0x00, 0x00, 0x00, 0x00, 0x00, 0x00, 0x00, 0x00, 0x00, 0x00,
    0x00, 0x00, 0x00, 0x00, 0x40, 0xbf, 0xff, 0x04, 0x23, 0xa2, 0xf3, 0x2c, 0x24, 0xa7, 0xf4, 0x5d,
    0x26, 0xa9, 0xf4, 0x79, 0x25, 0xa9, 0xf6, 0x89, 0x24, 0xab, 0xf5, 0x9a, 0x26, 0xad, 0xf5, 0xaa,
    0x26, 0xad, 0xf5, 0xaa, 0x25, 0xab, 0xf5, 0x9d, 0x24, 0xaa, 0xf5, 0x93, 0x25, 0xa8, 0xf4, 0x75,
    0x24, 0xa6, 0xf3, 0x56, 0x21, 0xa3, 0xf4, 0x2f, 0x40, 0xbf, 0xff, 0x04, 0x00, 0x00, 0x00, 0x00,
    0x00, 0x00, 0x00, 0x00, 0x00, 0x00, 0x00, 0x00, 0x00, 0x00, 0x00, 0x00, 0x00, 0x00, 0x00, 0x00,
    0x00, 0x00, 0x00, 0x00, 0x00, 0x00, 0x00, 0x00, 0x00, 0x00, 0x00, 0x00, 0x00, 0x00, 0x00, 0x00,
    0x00, 0x00, 0x00, 0x00, 0x00, 0x00, 0x00, 0x00, 0x00, 0x00, 0x00, 0x00, 0x00, 0x00, 0x00, 0x00,
    0x00, 0x00, 0x00, 0x00, 0x00, 0x00, 0x00, 0x00, 0x00, 0x00, 0x00, 0x00, 0x00, 0x00, 0x00, 0x00,
    0x00, 0x00, 0x00, 0x00, 0x00, 0x00, 0x00, 0x00, 0x00, 0x00, 0x00, 0x00, 0x00, 0x00, 0x00, 0x00,
    0x00, 0x00, 0x00, 0x00, 0x00, 0x00, 0x00, 0x00, 0x00, 0x00, 0x00, 0x00, 0x00, 0x00, 0x00, 0x00,
    0x00, 0x00, 0x00, 0x00, 0x00, 0x00, 0x00, 0x00, 0x00, 0x00, 0x00, 0x00, 0x00, 0x00, 0x00, 0x00,
    0x00, 0x00, 0x00, 0x00, 0x00, 0x00, 0x00, 0x00, 0x00, 0x00, 0x00, 0x00, 0x00, 0x00, 0x00, 0x00,
    0x00, 0x00, 0x00, 0x00, 0x00, 0x00, 0x00, 0x00, 0x00, 0x00, 0x00, 0x00, 0x00, 0x00, 0x00, 0x00,
    0x00, 0x00, 0x00, 0x00, 0x00, 0x00, 0x00, 0x00, 0x00, 0x00, 0x00, 0x00, 0x00, 0x00, 0x00, 0x00,
    0x00, 0x00, 0x00, 0x00, 0x00, 0x00, 0x00, 0x00, 0x00, 0x00, 0x00, 0x00, 0x00, 0x00, 0x00, 0x00,
    0x00, 0x00, 0x00, 0x00, 0x00, 0x00, 0x00, 0x00, 0x22, 0xa4, 0xf5, 0x35, 0x23, 0xa8, 0xf4, 0x89,
    0x25, 0xaa, 0xf5, 0xca, 0x26, 0xb0, 0xf5, 0xf7, 0x27, 0xb2, 0xf6, 0xff, 0x28, 0xb4, 0xf6, 0xff,
    0x28, 0xb7, 0xf6, 0xff, 0x29, 0xb8, 0xf6, 0xff, 0x29, 0xb9, 0xf6, 0xff, 0x29, 0xba, 0xf6, 0xff,
    0x29, 0xba, 0xf6, 0xff, 0x29, 0xb9, 0xf6, 0xff, 0x29, 0xb8, 0xf6, 0xff, 0x28, 0xb6, 0xf6, 0xff,
    0x28, 0xb4, 0xf6, 0xff, 0x27, 0xb1, 0xf5, 0xff, 0x26, 0xad, 0xf5, 0xf4, 0x25, 0xaa, 0xf4, 0xc2,
    0x24, 0xa4, 0xf4, 0x79, 0x24, 0xa0, 0xf3, 0x2b, 0x00, 0x00, 0x00, 0x00, 0x00, 0x00, 0x00, 0x00,
    0x00, 0x00, 0x00, 0x00, 0x00, 0x00, 0x00, 0x00, 0x00, 0x00, 0x00, 0x00, 0x00, 0x00, 0x00, 0x00,
    0x00, 0x00, 0x00, 0x00, 0x00, 0x00, 0x00, 0x00, 0x00, 0x00, 0x00, 0x00, 0x00, 0x00, 0x00, 0x00,
    0x00, 0x00, 0x00, 0x00, 0x00, 0x00, 0x00, 0x00, 0x00, 0x00, 0x00, 0x00, 0x00, 0x00, 0x00, 0x00,
    0x00, 0x00, 0x00, 0x00, 0x00, 0x00, 0x00, 0x00, 0x00, 0x00, 0x00, 0x00, 0x00, 0x00, 0x00, 0x00,
    0x00, 0x00, 0x00, 0x00, 0x00, 0x00, 0x00, 0x00, 0x00, 0x00, 0x00, 0x00, 0x00, 0x00, 0x00, 0x00,
    0x00, 0x00, 0x00, 0x00, 0x00, 0x00, 0x00, 0x00, 0x00, 0x00, 0x00, 0x00, 0x00, 0x00, 0x00, 0x00,
    0x00, 0x00, 0x00, 0x00, 0x00, 0x00, 0x00, 0x00, 0x00, 0x00, 0x00, 0x00, 0x00, 0x00, 0x00, 0x00,
    0x00, 0x00, 0x00, 0x00, 0x00, 0x00, 0x00, 0x00, 0x00, 0x00, 0x00, 0x00, 0x00, 0x00, 0x00, 0x00,
    0x00, 0x00, 0x00, 0x00, 0x00, 0x00, 0x00, 0x00, 0x00, 0x00, 0x00, 0x00, 0x00, 0x00, 0x00, 0x00,
    0x00, 0x00, 0x00, 0x00, 0x00, 0x00, 0x00, 0x00, 0x00, 0x00, 0x00, 0x00, 0x27, 0xa2, 0xf7, 0x21,
    0x25, 0xa3, 0xf4, 0x8b, 0x25, 0xaa, 0xf5, 0xdf, 0x27, 0xaf, 0xf5, 0xff, 0x28, 0xb4, 0xf6, 0xff,
    0x29, 0xb8, 0xf6, 0xff, 0x2a, 0xbc, 0xf7, 0xff, 0x2b, 0xbf, 0xf7, 0xff, 0x2b, 0xc0, 0xf7, 0xff,
    0x2b, 0xc1, 0xf7, 0xff, 0x2b, 0xc1, 0xf7, 0xff, 0x2b, 0xc1, 0xf7, 0xff, 0x2b, 0xc2, 0xf7, 0xff,
    0x2b, 0xc2, 0xf7, 0xff, 0x2b, 0xc1, 0xf7, 0xff, 0x2b, 0xc1, 0xf7, 0xff, 0x2b, 0xc1, 0xf7, 0xff,
    0x2b, 0xc0, 0xf7, 0xff, 0x2b, 0xbe, 0xf7, 0xff, 0x2a, 0xbb, 0xf6, 0xff, 0x29, 0xb7, 0xf6, 0xff,
    0x27, 0xb2, 0xf6, 0xff, 0x26, 0xad, 0xf5, 0xff, 0x25, 0xa8, 0xf5, 0xd4, 0x23, 0xa3, 0xf3, 0x6c,
    0x22, 0xaa, 0xee, 0x0f, 0x00, 0x00, 0x00, 0x00, 0x00, 0x00, 0x00, 0x00, 0x00, 0x00, 0x00, 0x00,
    0x00, 0x00, 0x00, 0x00, 0x00, 0x00, 0x00, 0x00, 0x00, 0x00, 0x00, 0x00, 0x00, 0x00, 0x00, 0x00,
    0x00, 0x00, 0x00, 0x00, 0x00, 0x00, 0x00, 0x00, 0x00, 0x00, 0x00, 0x00, 0x00, 0x00, 0x00, 0x00,
    0x00, 0x00, 0x00, 0x00, 0x00, 0x00, 0x00, 0x00, 0x00, 0x00, 0x00, 0x00, 0x00, 0x00, 0x00, 0x00,
    0x00, 0x00, 0x00, 0x00, 0x00, 0x00, 0x00, 0x00, 0x00, 0x00, 0x00, 0x00, 0x00, 0x00, 0x00, 0x00,
    0x00, 0x00, 0x00, 0x00, 0x00, 0x00, 0x00, 0x00, 0x00, 0x00, 0x00, 0x00, 0x00, 0x00, 0x00, 0x00,
    0x00, 0x00, 0x00, 0x00, 0x00, 0x00, 0x00, 0x00, 0x00, 0x00, 0x00, 0x00, 0x00, 0x00, 0x00, 0x00,
    0x00, 0x00, 0x00, 0x00, 0x00, 0x00, 0x00, 0x00, 0x00, 0x00, 0x00, 0x00, 0x00, 0x00, 0x00, 0x00,
    0x00, 0x00, 0x00, 0x00, 0x00, 0x00, 0x00, 0x00, 0x00, 0x00, 0x00, 0x00, 0x00, 0x00, 0x00, 0x00,
    0x00, 0x00, 0x00, 0x00, 0x20, 0x9f, 0xf7, 0x20, 0x23, 0xa4, 0xf4, 0x91, 0x25, 0xab, 0xf5, 0xf8,
    0x27, 0xb1, 0xf5, 0xff, 0x29, 0xb7, 0xf6, 0xff, 0x2a, 0xbc, 0xf7, 0xff, 0x2b, 0xc0, 0xf7, 0xff,
    0x2b, 0xc1, 0xf7, 0xff, 0x2b, 0xc2, 0xf7, 0xff, 0x2b, 0xc3, 0xf8, 0xff, 0x2c, 0xc3, 0xf8, 0xff,
    0x2c, 0xc4, 0xf8, 0xff, 0x2c, 0xc4, 0xf8, 0xff, 0x2c, 0xc4, 0xf8, 0xff, 0x2c, 0xc4, 0xf8, 0xff,
    0x2c, 0xc4, 0xf8, 0xff, 0x2c, 0xc4, 0xf8, 0xff, 0x2c, 0xc4, 0xf8, 0xff, 0x2c, 0xc4, 0xf8, 0xff,
    0x2b, 0xc3, 0xf8, 0xff, 0x2b, 0xc2, 0xf7, 0xff, 0x2b, 0xc2, 0xf7, 0xff, 0x2b, 0xc1, 0xf7, 0xff,
    0x2b, 0xc0, 0xf7, 0xff, 0x2a, 0xba, 0xf6, 0xff, 0x28, 0xb5, 0xf6, 0xff, 0x26, 0xaf, 0xf5, 0xff,
    0x25, 0xa8, 0xf5, 0xf4, 0x24, 0xa1, 0xf4, 0x88, 0x20, 0x9f, 0xef, 0x10, 0x00, 0x00, 0x00, 0x00,
    0x00, 0x00, 0x00, 0x00, 0x00, 0x00, 0x00, 0x00, 0x00, 0x00, 0x00, 0x00, 0x00, 0x00, 0x00, 0x00,
    0x00, 0x00, 0x00, 0x00, 0x00, 0x00, 0x00, 0x00, 0x00, 0x00, 0x00, 0x00, 0x00, 0x00, 0x00, 0x00,
    0x00, 0x00, 0x00, 0x00, 0x00, 0x00, 0x00, 0x00, 0x00, 0x00, 0x00, 0x00, 0x00, 0x00, 0x00, 0x00,
    0x00, 0x00, 0x00, 0x00, 0x00, 0x00, 0x00, 0x00, 0x00, 0x00, 0x00, 0x00, 0x00, 0x00, 0x00, 0x00,
    0x00, 0x00, 0x00, 0x00, 0x00, 0x00, 0x00, 0x00, 0x00, 0x00, 0x00, 0x00, 0x00, 0x00, 0x00, 0x00,
    0x00, 0x00, 0x00, 0x00, 0x00, 0x00, 0x00, 0x00, 0x00, 0x00, 0x00, 0x00, 0x00, 0x00, 0x00, 0x00,
    0x00, 0x00, 0x00, 0x00, 0x00, 0x00, 0x00, 0x00, 0x00, 0x00, 0x00, 0x00, 0x00, 0x00, 0x00, 0x00,
    0x00, 0x00, 0x00, 0x00, 0x00, 0x00, 0x00, 0x00, 0x00, 0x00, 0x00, 0x00, 0x1c, 0x9c, 0xf1, 0x12,
    0x23, 0xa2, 0xf3, 0x9a, 0x25, 0xa8, 0xf5, 0xfb, 0x27, 0xb0, 0xf5, 0xff, 0x29, 0xb7, 0xf6, 0xff,
    0x2a, 0xbd, 0xf7, 0xff, 0x2b, 0xc1, 0xf7, 0xff, 0x2b, 0xc2, 0xf7, 0xff, 0x2b, 0xc3, 0xf8, 0xff,
    0x2c, 0xc4, 0xf8, 0xff, 0x2c, 0xc5, 0xf8, 0xff, 0x2c, 0xc5, 0xf8, 0xff, 0x2c, 0xc6, 0xf8, 0xff,
    0x2c, 0xc7, 0xf8, 0xff, 0x2c, 0xc7, 0xf8, 0xff, 0x2c, 0xc7, 0xf8, 0xff, 0x2c, 0xc7, 0xf8, 0xff,
    0x2c, 0xc7, 0xf8, 0xff, 0x2c, 0xc7, 0xf8, 0xff, 0x2c, 0xc7, 0xf8, 0xff, 0x2c, 0xc6, 0xf8, 0xff,
    0x2c, 0xc6, 0xf8, 0xff, 0x2c, 0xc5, 0xf8, 0xff, 0x2c, 0xc4, 0xf8, 0xff, 0x2c, 0xc4, 0xf8, 0xff,
    0x2b, 0xc3, 0xf7, 0xff, 0x2b, 0xc1, 0xf7, 0xff, 0x2b, 0xc0, 0xf7, 0xff, 0x2a, 0xbb, 0xf7, 0xff,
    0x28, 0xb4, 0xf6, 0xff, 0x26, 0xad, 0xf5, 0xff, 0x24, 0xa6, 0xf4, 0xec, 0x23, 0xa2, 0xf4, 0x60,
    0x00, 0x00, 0x00, 0x00, 0x00, 0x00, 0x00, 0x00, 0x00, 0x00, 0x00, 0x00, 0x00, 0x00, 0x00, 0x00,
    0x00, 0x00, 0x00, 0x00, 0x00, 0x00, 0x00, 0x00, 0x00, 0x00, 0x00, 0x00, 0x00, 0x00, 0x00, 0x00,
    0x00, 0x00, 0x00, 0x00, 0x00, 0x00, 0x00, 0x00, 0x00, 0x00, 0x00, 0x00, 0x00, 0x00, 0x00, 0x00,
    0x00, 0x00, 0x00, 0x00, 0x00, 0x00, 0x00, 0x00, 0x00, 0x00, 0x00, 0x00, 0x00, 0x00, 0x00, 0x00,
    0x00, 0x00, 0x00, 0x00, 0x00, 0x00, 0x00, 0x00, 0x00, 0x00, 0x00, 0x00, 0x00, 0x00, 0x00, 0x00,
    0x00, 0x00, 0x00, 0x00, 0x00, 0x00, 0x00, 0x00, 0x00, 0x00, 0x00, 0x00, 0x00, 0x00, 0x00, 0x00,
    0x00, 0x00, 0x00, 0x00, 0x00, 0x00, 0x00, 0x00, 0x00, 0x00, 0x00, 0x00, 0x00, 0x00, 0x00, 0x00,
    0x00, 0x00, 0x00, 0x00, 0x00, 0x00, 0x00, 0x00, 0x24, 0xa1, 0xf5, 0x4f, 0x23, 0xa4, 0xf4, 0xe9,
    0x26, 0xac, 0xf5, 0xff, 0x28, 0xb4, 0xf6, 0xff, 0x2a, 0xbc, 0xf7, 0xff, 0x2b, 0xc1, 0xf7, 0xff,
    0x2b, 0xc2, 0xf7, 0xff, 0x2c, 0xc3, 0xf8, 0xff, 0x2c, 0xc4, 0xf8, 0xff, 0x2c, 0xc6, 0xf8, 0xff,
    0x2c, 0xc7, 0xf8, 0xff, 0x2c, 0xc7, 0xf8, 0xff, 0x2c, 0xc8, 0xf9, 0xff, 0x2c, 0xc9, 0xf9, 0xff,
    0x2c, 0xc9, 0xf9, 0xff, 0x2d, 0xca, 0xf9, 0xff, 0x2d, 0xca, 0xf9, 0xff, 0x2d, 0xca, 0xf9, 0xff,
    0x2d, 0xca, 0xf9, 0xff, 0x2d, 0xca, 0xf9, 0xff, 0x2c, 0xca, 0xf9, 0xff, 0x2c, 0xc9, 0xf9, 0xff,
    0x2c, 0xc9, 0xf9, 0xff, 0x2c, 0xc8, 0xf8, 0xff, 0x2c, 0xc7, 0xf8, 0xff, 0x2c, 0xc6, 0xf8, 0xff,
    0x2c, 0xc5, 0xf8, 0xff, 0x2c, 0xc4, 0xf8, 0xff, 0x2b, 0xc3, 0xf8, 0xff, 0x2b, 0xc2, 0xf7, 0xff,
    0x2b, 0xc0, 0xf7, 0xff, 0x29, 0xb9, 0xf6, 0xff, 0x27, 0xb1, 0xf6, 0xff, 0x25, 0xa9, 0xf5, 0xff,
    0x23, 0xa2, 0xf4, 0xb8, 0x20, 0x9f, 0xf4, 0x18, 0x00, 0x00, 0x00, 0x00, 0x00, 0x00, 0x00, 0x00,
    0x00, 0x00, 0x00, 0x00, 0x00, 0x00, 0x00, 0x00, 0x00, 0x00, 0x00, 0x00, 0x00, 0x00, 0x00, 0x00,
    0x00, 0x00, 0x00, 0x00, 0x00, 0x00, 0x00, 0x00, 0x00, 0x00, 0x00, 0x00, 0x00, 0x00, 0x00, 0x00,
    0x00, 0x00, 0x00, 0x00, 0x00, 0x00, 0x00, 0x00, 0x00, 0x00, 0x00, 0x00, 0x00, 0x00, 0x00, 0x00,
    0x00, 0x00, 0x00, 0x00, 0x00, 0x00, 0x00, 0x00, 0x00, 0x00, 0x00, 0x00, 0x00, 0x00, 0x00, 0x00,
    0x00, 0x00, 0x00, 0x00, 0x00, 0x00, 0x00, 0x00, 0x00, 0x00, 0x00, 0x00, 0x00, 0x00, 0x00, 0x00,
    0x00, 0x00, 0x00, 0x00, 0x00, 0x00, 0x00, 0x00, 0x00, 0x00, 0x00, 0x00, 0x00, 0x00, 0x00, 0x00,
    0x00, 0x80, 0xff, 0x02, 0x24, 0xa1, 0xf4, 0x88, 0x24, 0xa6, 0xf4, 0xfe, 0x26, 0xaf, 0xf5, 0xff,
    0x29, 0xb7, 0xf6, 0xff, 0x2b, 0xc0, 0xf7, 0xff, 0x2b, 0xc2, 0xf7, 0xff, 0x2b, 0xc3, 0xf8, 0xff,
    0x2c, 0xc4, 0xf8, 0xff, 0x2c, 0xc6, 0xf8, 0xff, 0x2c, 0xc7, 0xf8, 0xff, 0x2c, 0xc8, 0xf9, 0xff,
    0x2c, 0xc9, 0xf9, 0xff, 0x2d, 0xca, 0xf9, 0xff, 0x2d, 0xcb, 0xf9, 0xff, 0x2d, 0xcc, 0xf9, 0xff,
    0x2d, 0xcc, 0xf9, 0xff, 0x2d, 0xcd, 0xf9, 0xff, 0x2d, 0xcd, 0xf9, 0xff, 0x2d, 0xcd, 0xf9, 0xff,
    0x2d, 0xcd, 0xf9, 0xff, 0x2d, 0xcd, 0xf9, 0xff, 0x2d, 0xcc, 0xf9, 0xff, 0x2d, 0xcc, 0xf9, 0xff,
    0x2d, 0xcb, 0xf9, 0xff, 0x2d, 0xcb, 0xf9, 0xff, 0x2d, 0xca, 0xf9, 0xff, 0x2c, 0xc9, 0xf9, 0xff,
    0x2c, 0xc8, 0xf8, 0xff, 0x2c, 0xc7, 0xf8, 0xff, 0x2c, 0xc5, 0xf8, 0xff, 0x2c, 0xc4, 0xf8, 0xff,
    0x2b, 0xc3, 0xf7, 0xff, 0x2b, 0xc1, 0xf7, 0xff, 0x2a, 0xbd, 0xf7, 0xff, 0x28, 0xb4, 0xf6, 0xff,
    0x26, 0xab, 0xf5, 0xff, 0x23, 0xa2, 0xf4, 0xe4, 0x25, 0xa2, 0xf6, 0x37, 0x00, 0x00, 0x00, 0x00,
    0x00, 0x00, 0x00, 0x00, 0x00, 0x00, 0x00, 0x00, 0x00, 0x00, 0x00, 0x00, 0x00, 0x00, 0x00, 0x00,
    0x00, 0x00, 0x00, 0x00, 0x00, 0x00, 0x00, 0x00, 0x00, 0x00, 0x00, 0x00, 0x00, 0x00, 0x00, 0x00,
    0x00, 0x00, 0x00, 0x00, 0x00, 0x00, 0x00, 0x00, 0x00, 0x00, 0x00, 0x00, 0x00, 0x00, 0x00, 0x00,
    0x00, 0x00, 0x00, 0x00, 0x00, 0x00, 0x00, 0x00, 0x00, 0x00, 0x00, 0x00, 0x00, 0x00, 0x00, 0x00,
    0x00, 0x00, 0x00, 0x00, 0x00, 0x00, 0x00, 0x00, 0x00, 0x00, 0x00, 0x00, 0x00, 0x00, 0x00, 0x00,
    0x00, 0x00, 0x00, 0x00, 0x00, 0x00, 0x00, 0x00, 0x00, 0x00, 0x00, 0x00, 0x2b, 0xaa, 0xff, 0x06,
    0x23, 0xa2, 0xf4, 0xa8, 0x24, 0xa7, 0xf4, 0xff, 0x27, 0xb0, 0xf5, 0xff, 0x29, 0xb9, 0xf6, 0xff,
    0x2b, 0xc0, 0xf7, 0xff, 0x2b, 0xc2, 0xf7, 0xff, 0x2c, 0xc4, 0xf8, 0xff, 0x2c, 0xc5, 0xf8, 0xff,
    0x2c, 0xc7, 0xf8, 0xff, 0x2c, 0xc8, 0xf9, 0xff, 0x2d, 0xca, 0xf9, 0xff, 0x2d, 0xcb, 0xf9, 0xff,
    0x2d, 0xcc, 0xf9, 0xff, 0x2d, 0xcd, 0xf9, 0xff, 0x2d, 0xce, 0xfa, 0xff, 0x2d, 0xce, 0xfa, 0xff,
    0x2d, 0xcf, 0xfa, 0xff, 0x2d, 0xcf, 0xfa, 0xff, 0x2d, 0xd0, 0xfa, 0xff, 0x2d, 0xd0, 0xfa, 0xff,
    0x2d, 0xd0, 0xfa, 0xff, 0x2d, 0xd0, 0xfa, 0xff, 0x2d, 0xcf, 0xfa, 0xff, 0x2d, 0xcf, 0xfa, 0xff,
    0x2d, 0xce, 0xfa, 0xff, 0x2d, 0xcd, 0xfa, 0xff, 0x2d, 0xcd, 0xf9, 0xff, 0x2d, 0xcc, 0xf9, 0xff,
    0x2d, 0xca, 0xf9, 0xff, 0x2c, 0xc9, 0xf9, 0xff, 0x2c, 0xc8, 0xf8, 0xff, 0x2c, 0xc6, 0xf8, 0xff,
    0x2c, 0xc5, 0xf8, 0xff, 0x2c, 0xc3, 0xf8, 0xff, 0x2b, 0xc2, 0xf7, 0xff, 0x2b, 0xbf, 0xf7, 0xff,
    0x28, 0xb6, 0xf6, 0xff, 0x26, 0xad, 0xf5, 0xff, 0x23, 0xa3, 0xf4, 0xf7, 0x22, 0xa2, 0xf5, 0x4a,
    0x00, 0x00, 0x00, 0x00, 0x00, 0x00, 0x00, 0x00, 0x00, 0x00, 0x00, 0x00, 0x00, 0x00, 0x00, 0x00,
    0x00, 0x00, 0x00, 0x00, 0x00, 0x00, 0x00, 0x00, 0x00, 0x00, 0x00, 0x00, 0x00, 0x00, 0x00, 0x00,
    0x00, 0x00, 0x00, 0x00, 0x00, 0x00, 0x00, 0x00, 0x00, 0x00, 0x00, 0x00, 0x00, 0x00, 0x00, 0x00,
    0x00, 0x00, 0x00, 0x00, 0x00, 0x00, 0x00, 0x00, 0x00, 0x00, 0x00, 0x00, 0x00, 0x00, 0x00, 0x00,
    0x00, 0x00, 0x00, 0x00, 0x00, 0x00, 0x00, 0x00, 0x00, 0x00, 0x00, 0x00, 0x00, 0x00, 0x00, 0x00,
    0x00, 0x00, 0x00, 0x00, 0x00, 0x00, 0x00, 0x00, 0x40, 0xbf, 0xff, 0x04, 0x23, 0xa2, 0xf3, 0xb0,
    0x24, 0xa6, 0xf4, 0xff, 0x27, 0xb1, 0xf5, 0xff, 0x29, 0xba, 0xf6, 0xff, 0x2b, 0xc1, 0xf7, 0xff,
    0x2b, 0xc3, 0xf7, 0xff, 0x2c, 0xc4, 0xf8, 0xff, 0x2c, 0xc6, 0xf8, 0xff, 0x2c, 0xc8, 0xf8, 0xff,
    0x2c, 0xc9, 0xf9, 0xff, 0x2d, 0xcb, 0xf9, 0xff, 0x2d, 0xcc, 0xf9, 0xff, 0x2d, 0xcd, 0xfa, 0xff,
    0x2d, 0xcf, 0xfa, 0xff, 0x2d, 0xd0, 0xfa, 0xff, 0x2e, 0xd0, 0xfa, 0xff, 0x2e, 0xd1, 0xfa, 0xff,
    0x2e, 0xd2, 0xfa, 0xff, 0x2e, 0xd2, 0xfa, 0xff, 0x2e, 0xd2, 0xfa, 0xff, 0x2e, 0xd3, 0xfa, 0xff,
    0x2e, 0xd3, 0xfa, 0xff, 0x2e, 0xd2, 0xfa, 0xff, 0x2e, 0xd2, 0xfa, 0xff, 0x2e, 0xd2, 0xfa, 0xff,
    0x2e, 0xd1, 0xfa, 0xff, 0x2e, 0xd0, 0xfa, 0xff, 0x2d, 0xcf, 0xfa, 0xff, 0x2d, 0xce, 0xfa, 0xff,
    0x2d, 0xcd, 0xf9, 0xff, 0x2d, 0xcc, 0xf9, 0xff, 0x2d, 0xca, 0xf9, 0xff, 0x2c, 0xc9, 0xf9, 0xff,
    0x2c, 0xc7, 0xf8, 0xff, 0x2c, 0xc6, 0xf8, 0xff, 0x2c, 0xc4, 0xf8, 0xff, 0x2b, 0xc2, 0xf7, 0xff,
    0x2b, 0xc0, 0xf7, 0xff, 0x29, 0xb7, 0xf6, 0xff, 0x26, 0xad, 0xf5, 0xff, 0x23, 0xa3, 0xf4, 0xf8,
    0x22, 0xa1, 0xf5, 0x4c, 0x00, 0x00, 0x00, 0x00, 0x00, 0x00, 0x00, 0x00, 0x00, 0x00, 0x00, 0x00,
    0x00, 0x00, 0x00, 0x00, 0x00, 0x00, 0x00, 0x00, 0x00, 0x00, 0x00, 0x00, 0x00, 0x00, 0x00, 0x00,
    0x00, 0x00, 0x00, 0x00, 0x00, 0x00, 0x00, 0x00, 0x00, 0x00, 0x00, 0x00, 0x00, 0x00, 0x00, 0x00,
    0x00, 0x00, 0x00, 0x00, 0x00, 0x00, 0x00, 0x00, 0x00, 0x00, 0x00, 0x00, 0x00, 0x00, 0x00, 0x00,
    0x00, 0x00, 0x00, 0x00, 0x00, 0x00, 0x00, 0x00, 0x00, 0x00, 0x00, 0x00, 0x00, 0x00, 0x00, 0x00,
    0x00, 0x00, 0x00, 0x00, 0x00, 0x00, 0x00, 0x00, 0x24, 0xa1, 0xf4, 0x9e, 0x24, 0xa5, 0xf4, 0xff,
    0x27, 0xb0, 0xf5, 0xff, 0x29, 0xba, 0xf6, 0xff, 0x2b, 0xc1, 0xf7, 0xff, 0x2b, 0xc3, 0xf8, 0xff,
    0x2c, 0xc5, 0xf8, 0xff, 0x2c, 0xc7, 0xf8, 0xff, 0x2c, 0xc8, 0xf9, 0xff, 0x2d, 0xca, 0xf9, 0xff,
    0x2d, 0xcc, 0xf9, 0xff, 0x2d, 0xcd, 0xf9, 0xff, 0x2d, 0xcf, 0xfa, 0xff, 0x2d, 0xd0, 0xfa, 0xff,
    0x2e, 0xd1, 0xfa, 0xff, 0x2e, 0xd2, 0xfa, 0xff, 0x2e, 0xd3, 0xfb, 0xff, 0x2e, 0xd4, 0xfb, 0xff,
    0x2e, 0xd5, 0xfb, 0xff, 0x2e, 0xd5, 0xfb, 0xff, 0x2e, 0xd5, 0xfb, 0xff, 0x2e, 0xd5, 0xfb, 0xff,
    0x2e, 0xd5, 0xfb, 0xff, 0x2e, 0xd5, 0xfb, 0xff, 0x2e, 0xd5, 0xfb, 0xff, 0x2e, 0xd4, 0xfb, 0xff,
    0x2e, 0xd4, 0xfb, 0xff, 0x2e, 0xd3, 0xfb, 0xff, 0x2e, 0xd2, 0xfa, 0xff, 0x2e, 0xd1, 0xfa, 0xff,
    0x2d, 0xd0, 0xfa, 0xff, 0x2d, 0xce, 0xfa, 0xff, 0x2d, 0xcd, 0xf9, 0xff, 0x2d, 0xcb, 0xf9, 0xff,
    0x2c, 0xca, 0xf9, 0xff, 0x2c, 0xc8, 0xf8, 0xff, 0x2c, 0xc6, 0xf8, 0xff, 0x2c, 0xc4, 0xf8, 0xff,
    0x2b, 0xc2, 0xf7, 0xff, 0x2b, 0xc0, 0xf7, 0xff, 0x28, 0xb7, 0xf6, 0xff, 0x26, 0xac, 0xf5, 0xff,
    0x23, 0xa2, 0xf4, 0xf7, 0x22, 0xa2, 0xf5, 0x34, 0x00, 0x00, 0x00, 0x00, 0x00, 0x00, 0x00, 0x00,
    0x00, 0x00, 0x00, 0x00, 0x00, 0x00, 0x00, 0x00, 0x00, 0x00, 0x00, 0x00, 0x00, 0x00, 0x00, 0x00,
    0x00, 0x00, 0x00, 0x00, 0x00, 0x00, 0x00, 0x00, 0x00, 0x00, 0x00, 0x00, 0x00, 0x00, 0x00, 0x00,
    0x00, 0x00, 0x00, 0x00, 0x00, 0x00, 0x00, 0x00, 0x00, 0x00, 0x00, 0x00, 0x00, 0x00, 0x00, 0x00,
    0x00, 0x00, 0x00, 0x00, 0x00, 0x00, 0x00, 0x00, 0x00, 0x00, 0x00, 0x00, 0x00, 0x00, 0x00, 0x00,
    0x00, 0x00, 0x00, 0x00, 0x22, 0xa3, 0xf4, 0x6f, 0x23, 0xa3, 0xf4, 0xff, 0x26, 0xae, 0xf5, 0xff,
    0x29, 0xb9, 0xf6, 0xff, 0x2b, 0xc1, 0xf7, 0xff, 0x2b, 0xc3, 0xf8, 0xff, 0x2c, 0xc5, 0xf8, 0xff,
    0x2c, 0xc7, 0xf8, 0xff, 0x2c, 0xc9, 0xf9, 0xff, 0x2d, 0xcb, 0xf9, 0xff, 0x2d, 0xcc, 0xf9, 0xff,
    0x2d, 0xce, 0xfa, 0xff, 0x2d, 0xd0, 0xfa, 0xff, 0x2e, 0xd1, 0xfa, 0xff, 0x2e, 0xd3, 0xfa, 0xff,
    0x2e, 0xd4, 0xfb, 0xff, 0x2e, 0xd5, 0xfb, 0xff, 0x2e, 0xd6, 0xfb, 0xff, 0x2f, 0xd7, 0xfb, 0xff,
    0x2f, 0xd7, 0xfb, 0xff, 0x2f, 0xd8, 0xfb, 0xff, 0x2f, 0xd8, 0xfc, 0xff, 0x2f, 0xd8, 0xfc, 0xff,
    0x2f, 0xd8, 0xfc, 0xff, 0x2f, 0xd8, 0xfc, 0xff, 0x2f, 0xd8, 0xfb, 0xff, 0x2f, 0xd7, 0xfb, 0xff,
    0x2e, 0xd6, 0xfb, 0xff, 0x2e, 0xd6, 0xfb, 0xff, 0x2e, 0xd5, 0xfb, 0xff, 0x2e, 0xd3, 0xfb, 0xff,
    0x2e, 0xd2, 0xfa, 0xff, 0x2e, 0xd1, 0xfa, 0xff, 0x2d, 0xcf, 0xfa, 0xff, 0x2d, 0xce, 0xfa, 0xff,
    0x2d, 0xcc, 0xf9, 0xff, 0x2d, 0xca, 0xf9, 0xff, 0x2c, 0xc8, 0xf9, 0xff, 0x2c, 0xc6, 0xf8, 0xff,
    0x2c, 0xc4, 0xf8, 0xff, 0x2b, 0xc2, 0xf7, 0xff, 0x2b, 0xc0, 0xf7, 0xff, 0x28, 0xb5, 0xf6, 0xff,
    0x25, 0xaa, 0xf5, 0xff, 0x23, 0xa2, 0xf4, 0xe6, 0x27, 0xa7, 0xf5, 0x1a, 0x00, 0x00, 0x00, 0x00,
    0x00, 0x00, 0x00, 0x00, 0x00, 0x00, 0x00, 0x00, 0x00, 0x00, 0x00, 0x00, 0x00, 0x00, 0x00, 0x00,
    0x00, 0x00, 0x00, 0x00, 0x00, 0x00, 0x00, 0x00, 0x00, 0x00, 0x00, 0x00, 0x00, 0x00, 0x00, 0x00,
    0x00, 0x00, 0x00, 0x00, 0x00, 0x00, 0x00, 0x00, 0x00, 0x00, 0x00, 0x00, 0x00, 0x00, 0x00, 0x00,
    0x00, 0x00, 0x00, 0x00, 0x00, 0x00, 0x00, 0x00, 0x00, 0x00, 0x00, 0x00, 0x00, 0x00, 0x00, 0x00,
    0x21, 0xa3, 0xf4, 0x2f, 0x23, 0xa2, 0xf4, 0xfa, 0x25, 0xab, 0xf5, 0xff, 0x29, 0xb7, 0xf6, 0xff,
    0x2b, 0xc0, 0xf7, 0xff, 0x2b, 0xc3, 0xf7, 0xff, 0x2c, 0xc5, 0xf8, 0xff, 0x2c, 0xc7, 0xf8, 0xff,
    0x2c, 0xc9, 0xf9, 0xff, 0x2d, 0xcb, 0xf9, 0xff, 0x2d, 0xcd, 0xf9, 0xff, 0x2d, 0xcf, 0xfa, 0xff,
    0x2e, 0xd0, 0xfa, 0xff, 0x2e, 0xd2, 0xfa, 0xff, 0x2e, 0xd4, 0xfb, 0xff, 0x2e, 0xd5, 0xfb, 0xff,
    0x2e, 0xd6, 0xfb, 0xff, 0x2f, 0xd8, 0xfb, 0xff, 0x2f, 0xd9, 0xfc, 0xff, 0x2f, 0xd9, 0xfc, 0xff,
    0x2f, 0xda, 0xfc, 0xff, 0x2f, 0xdb, 0xfc, 0xff, 0x2f, 0xdb, 0xfc, 0xff, 0x2f, 0xdb, 0xfc, 0xff,
    0x2f, 0xdb, 0xfc, 0xff, 0x2f, 0xdb, 0xfc, 0xff, 0x2f, 0xda, 0xfc, 0xff, 0x2f, 0xda, 0xfc, 0xff,
    0x2f, 0xd9, 0xfc, 0xff, 0x2f, 0xd8, 0xfc, 0xff, 0x2f, 0xd7, 0xfb, 0xff, 0x2e, 0xd6, 0xfb, 0xff,
    0x2e, 0xd5, 0xfb, 0xff, 0x2e, 0xd3, 0xfb, 0xff, 0x2e, 0xd1, 0xfa, 0xff, 0x2d, 0xd0, 0xfa, 0xff,
    0x2d, 0xce, 0xfa, 0xff, 0x2d, 0xcc, 0xf9, 0xff, 0x2d, 0xca, 0xf9, 0xff, 0x2c, 0xc8, 0xf9, 0xff,
    0x2c, 0xc6, 0xf8, 0xff, 0x2c, 0xc4, 0xf8, 0xff, 0x2b, 0xc2, 0xf7, 0xff, 0x2a, 0xbe, 0xf7, 0xff,
    0x27, 0xb3, 0xf6, 0xff, 0x24, 0xa7, 0xf5, 0xff, 0x1f, 0xa0, 0xf1, 0xbb, 0x00, 0xff, 0xff, 0x01,
    0x00, 0x00, 0x00, 0x00, 0x00, 0x00, 0x00, 0x00, 0x00, 0x00, 0x00, 0x00, 0x00, 0x00, 0x00, 0x00,
    0x00, 0x00, 0x00, 0x00, 0x00, 0x00, 0x00, 0x00, 0x00, 0x00, 0x00, 0x00, 0x00, 0x00, 0x00, 0x00,
    0x00, 0x00, 0x00, 0x00, 0x00, 0x00, 0x00, 0x00, 0x00, 0x00, 0x00, 0x00, 0x00, 0x00, 0x00, 0x00,
    0x00, 0x00, 0x00, 0x00, 0x00, 0x00, 0x00, 0x00, 0x00, 0x00, 0x00, 0x00, 0x00, 0xaa, 0xff, 0x03,
    0x23, 0xa2, 0xf4, 0xca, 0x24, 0xa7, 0xf5, 0xff, 0x28, 0xb3, 0xf6, 0xff, 0x2b, 0xbf, 0xf7, 0xff,
    0x2b, 0xc2, 0xf7, 0xff, 0x2c, 0xc4, 0xf8, 0xff, 0x2c, 0xc7, 0xf8, 0xff, 0x2c, 0xc9, 0xf9, 0xff,
    0x2d, 0xcb, 0xf9, 0xff, 0x2d, 0xcd, 0xf9, 0xff, 0x2d, 0xcf, 0xfa, 0xff, 0x2e, 0xd1, 0xfa, 0xff,
    0x2e, 0xd3, 0xfa, 0xff, 0x2e, 0xd4, 0xfb, 0xff, 0x2e, 0xd6, 0xfb, 0xff, 0x2f, 0xd8, 0xfb, 0xff,
    0x2f, 0xd9, 0xfc, 0xff, 0x2f, 0xda, 0xfc, 0xff, 0x2f, 0xdb, 0xfc, 0xff, 0x2f, 0xdc, 0xfc, 0xff,
    0x30, 0xdd, 0xfc, 0xff, 0x30, 0xdd, 0xfd, 0xff, 0x30, 0xde, 0xfd, 0xff, 0x30, 0xde, 0xfd, 0xff,
    0x30, 0xde, 0xfd, 0xff, 0x30, 0xde, 0xfd, 0xff, 0x30, 0xdd, 0xfc, 0xff, 0x2f, 0xdd, 0xfc, 0xff,
    0x2f, 0xdc, 0xfc, 0xff, 0x2f, 0xdb, 0xfc, 0xff, 0x2f, 0xda, 0xfc, 0xff, 0x2f, 0xd8, 0xfc, 0xff,
    0x2f, 0xd7, 0xfb, 0xff, 0x2e, 0xd5, 0xfb, 0xff, 0x2e, 0xd4, 0xfb, 0xff, 0x2e, 0xd2, 0xfa, 0xff,
    0x2e, 0xd0, 0xfa, 0xff, 0x2d, 0xce, 0xfa, 0xff, 0x2d, 0xcc, 0xf9, 0xff, 0x2d, 0xca, 0xf9, 0xff,
    0x2c, 0xc8, 0xf8, 0xff, 0x2c, 0xc6, 0xf8, 0xff, 0x2c, 0xc4, 0xf8, 0xff, 0x2b, 0xc1, 0xf7, 0xff,
    0x2a, 0xbb, 0xf6, 0xff, 0x27, 0xaf, 0xf5, 0xff, 0x23, 0xa3, 0xf4, 0xff, 0x15, 0x9b, 0xf0, 0x7a,
    0x00, 0x00, 0x00, 0x00, 0x00, 0x00, 0x00, 0x00, 0x00, 0x00, 0x00, 0x00, 0x00, 0x00, 0x00, 0x00,
    0x00, 0x00, 0x00, 0x00, 0x00, 0x00, 0x00, 0x00, 0x00, 0x00, 0x00, 0x00, 0x00, 0x00, 0x00, 0x00,
    0x00, 0x00, 0x00, 0x00, 0x00, 0x00, 0x00, 0x00, 0x00, 0x00, 0x00, 0x00, 0x00, 0x00, 0x00, 0x00,
    0x00, 0x00, 0x00, 0x00, 0x00, 0x00, 0x00, 0x00, 0x00, 0x00, 0x00, 0x00, 0x23, 0xa2, 0xf4, 0x60,
    0x23, 0xa3, 0xf4, 0xff, 0x26, 0xaf, 0xf5, 0xff, 0x2a, 0xbb, 0xf6, 0xff, 0x2b, 0xc1, 0xf7, 0xff,
    0x2c, 0xc4, 0xf8, 0xff, 0x2c, 0xc6, 0xf8, 0xff, 0x2c, 0xc8, 0xf9, 0xff, 0x2d, 0xcb, 0xf9, 0xff,
    0x2d, 0xcd, 0xf9, 0xff, 0x2d, 0xcf, 0xfa, 0xff, 0x2e, 0xd1, 0xfa, 0xff, 0x2e, 0xd3, 0xfb, 0xff,
    0x2e, 0xd5, 0xfb, 0xff, 0x2f, 0xd7, 0xfb, 0xff, 0x2f, 0xd8, 0xfc, 0xff, 0x2f, 0xda, 0xfc, 0xff,
    0x2f, 0xdb, 0xfc, 0xff, 0x2f, 0xdd, 0xfc, 0xff, 0x30, 0xde, 0xfd, 0xff, 0x30, 0xdf, 0xfd, 0xff,
    0x30, 0xe0, 0xfd, 0xff, 0x30, 0xe0, 0xfd, 0xff, 0x30, 0xe0, 0xfd, 0xff, 0x30, 0xe0, 0xfd, 0xff,
    0x30, 0xe0, 0xfd, 0xff, 0x30, 0xe0, 0xfd, 0xff, 0x30, 0xe0, 0xfd, 0xff, 0x30, 0xdf, 0xfd, 0xff,
    0x30, 0xdf, 0xfd, 0xff, 0x30, 0xdd, 0xfd, 0xff, 0x2f, 0xdc, 0xfc, 0xff, 0x2f, 0xdb, 0xfc, 0xff,
    0x2f, 0xd9, 0xfc, 0xff, 0x2f, 0xd8, 0xfb, 0xff, 0x2e, 0xd6, 0xfb, 0xff, 0x2e, 0xd4, 0xfb, 0xff,
    0x2e, 0xd2, 0xfa, 0xff, 0x2e, 0xd0, 0xfa, 0xff, 0x2d, 0xce, 0xfa, 0xff, 0x2d, 0xcc, 0xf9, 0xff,
    0x2d, 0xca, 0xf9, 0xff, 0x2c, 0xc8, 0xf8, 0xff, 0x2c, 0xc5, 0xf8, 0xff, 0x2b, 0xc3, 0xf8, 0xff,
    0x2b, 0xc0, 0xf7, 0xff, 0x28, 0xb7, 0xf6, 0xff, 0x25, 0xab, 0xf5, 0xff, 0x1b, 0x9e, 0xf1, 0xec,
    0x0c, 0x97, 0xf3, 0x16, 0x00, 0x00, 0x00, 0x00, 0x00, 0x00, 0x00, 0x00, 0x00, 0x00, 0x00, 0x00,
    0x00, 0x00, 0x00, 0x00, 0x00, 0x00, 0x00, 0x00, 0x00, 0x00, 0x00, 0x00, 0x00, 0x00, 0x00, 0x00,
    0x00, 0x00, 0x00, 0x00, 0x00, 0x00, 0x00, 0x00, 0x00, 0x00, 0x00, 0x00, 0x00, 0x00, 0x00, 0x00,
    0x00, 0x00, 0x00, 0x00, 0x00, 0x00, 0x00, 0x00, 0x33, 0x99, 0xff, 0x05, 0x22, 0xa2, 0xf4, 0xde,
    0x25, 0xa9, 0xf5, 0xff, 0x28, 0xb6, 0xf6, 0xff, 0x2b, 0xc0, 0xf7, 0xff, 0x2b, 0xc3, 0xf8, 0xff,
    0x2c, 0xc5, 0xf8, 0xff, 0x2c, 0xc8, 0xf8, 0xff, 0x2d, 0xca, 0xf9, 0xff, 0x2d, 0xcc, 0xf9, 0xff,
    0x2d, 0xcf, 0xfa, 0xff, 0x2e, 0xd1, 0xfa, 0xff, 0x2e, 0xd3, 0xfb, 0xff, 0x2e, 0xd5, 0xfb, 0xff,
    0x2f, 0xd7, 0xfb, 0xff, 0x2f, 0xd9, 0xfc, 0xff, 0x2f, 0xdb, 0xfc, 0xff, 0x2f, 0xdc, 0xfc, 0xff,
    0x30, 0xde, 0xfd, 0xff, 0x30, 0xdf, 0xfd, 0xff, 0x30, 0xe0, 0xfd, 0xff, 0x30, 0xe0, 0xfd, 0xff,
    0x30, 0xe0, 0xfd, 0xff, 0x30, 0xe0, 0xfd, 0xff, 0x30, 0xe0, 0xfd, 0xff, 0x30, 0xe0, 0xfd, 0xff,
    0x30, 0xe0, 0xfd, 0xff, 0x30, 0xe0, 0xfd, 0xff, 0x30, 0xe0, 0xfd, 0xff, 0x30, 0xe0, 0xfd, 0xff,
    0x30, 0xe0, 0xfd, 0xff, 0x30, 0xe0, 0xfd, 0xff, 0x30, 0xdf, 0xfd, 0xff, 0x30, 0xdd, 0xfc, 0xff,
    0x2f, 0xdc, 0xfc, 0xff, 0x2f, 0xda, 0xfc, 0xff, 0x2f, 0xd8, 0xfc, 0xff, 0x2e, 0xd6, 0xfb, 0xff,
    0x2e, 0xd4, 0xfb, 0xff, 0x2e, 0xd2, 0xfa, 0xff, 0x2e, 0xd0, 0xfa, 0xff, 0x2d, 0xce, 0xfa, 0xff,
    0x2d, 0xcc, 0xf9, 0xff, 0x2c, 0xc9, 0xf9, 0xff, 0x2c, 0xc7, 0xf8, 0xff, 0x2c, 0xc4, 0xf8, 0xff,
    0x2b, 0xc2, 0xf7, 0xff, 0x2a, 0xbe, 0xf7, 0xff, 0x27, 0xb1, 0xf6, 0xff, 0x24, 0xa5, 0xf4, 0xff,
    0x10, 0x97, 0xef, 0x9f, 0x00, 0x00, 0x00, 0x00, 0x00, 0x00, 0x00, 0x00, 0x00, 0x00, 0x00, 0x00,
    0x00, 0x00, 0x00, 0x00, 0x00, 0x00, 0x00, 0x00, 0x00, 0x00, 0x00, 0x00, 0x00, 0x00, 0x00, 0x00,
    0x00, 0x00, 0x00, 0x00, 0x00, 0x00, 0x00, 0x00, 0x00, 0x00, 0x00, 0x00, 0x00, 0x00, 0x00, 0x00,
    0x00, 0x00, 0x00, 0x00, 0x00, 0x00, 0x00, 0x00, 0x23, 0xa1, 0xf3, 0x57, 0x23, 0xa3, 0xf4, 0xff,
    0x27, 0xb0, 0xf5, 0xff, 0x2a, 0xbc, 0xf7, 0xff, 0x2b, 0xc2, 0xf7, 0xff, 0x2c, 0xc4, 0xf8, 0xff,
    0x2c, 0xc7, 0xf8, 0xff, 0x2c, 0xc9, 0xf9, 0xff, 0x2d, 0xcc, 0xf9, 0xff, 0x2d, 0xce, 0xfa, 0xff,
    0x2e, 0xd0, 0xfa, 0xff, 0x2e, 0xd3, 0xfa, 0xff, 0x2e, 0xd5, 0xfb, 0xff, 0x2f, 0xd7, 0xfb, 0xff,
    0x2f, 0xd9, 0xfc, 0xff, 0x2f, 0xdb, 0xfc, 0xff, 0x30, 0xdd, 0xfc, 0xff, 0x30, 0xdf, 0xfd, 0xff,
    0x30, 0xe0, 0xfd, 0xff, 0x30, 0xe0, 0xfd, 0xff, 0x30, 0xe0, 0xfd, 0xff, 0x30, 0xe0, 0xfd, 0xff,
    0x30, 0xe0, 0xfd, 0xff, 0x30, 0xe0, 0xfd, 0xff, 0x30, 0xe0, 0xfd, 0xff, 0x30, 0xe0, 0xfd, 0xff,
    0x30, 0xe0, 0xfd, 0xff, 0x30, 0xe0, 0xfd, 0xff, 0x30, 0xe0, 0xfd, 0xff, 0x30, 0xe0, 0xfd, 0xff,
    0x30, 0xe0, 0xfd, 0xff, 0x30, 0xe0, 0xfd, 0xff, 0x30, 0xe0, 0xfd, 0xff, 0x30, 0xe0, 0xfd, 0xff,
    0x30, 0xde, 0xfd, 0xff, 0x2f, 0xdc, 0xfc, 0xff, 0x2f, 0xda, 0xfc, 0xff, 0x2f, 0xd8, 0xfc, 0xff,
    0x2e, 0xd6, 0xfb, 0xff, 0x2e, 0xd4, 0xfb, 0xff, 0x2e, 0xd2, 0xfa, 0xff, 0x2d, 0xcf, 0xfa, 0xff,
    0x2d, 0xcd, 0xf9, 0xff, 0x2d, 0xcb, 0xf9, 0xff, 0x2c, 0xc8, 0xf9, 0xff, 0x2c, 0xc6, 0xf8, 0xff,
    0x2c, 0xc3, 0xf8, 0xff, 0x2b, 0xc1, 0xf7, 0xff, 0x29, 0xb8, 0xf6, 0xff, 0x25, 0xab, 0xf5, 0xff,
    0x13, 0x9b, 0xf1, 0xef, 0x14, 0x89, 0xeb, 0x0d, 0x00, 0x00, 0x00, 0x00, 0x00, 0x00, 0x00, 0x00,
    0x00, 0x00, 0x00, 0x00, 0x00, 0x00, 0x00, 0x00, 0x00, 0x00, 0x00, 0x00, 0x00, 0x00, 0x00, 0x00,
    0x00, 0x00, 0x00, 0x00, 0x00, 0x00, 0x00, 0x00, 0x00, 0x00, 0x00, 0x00, 0x00, 0x00, 0x00, 0x00,
    0x00, 0x00, 0x00, 0x00, 0x00, 0x00, 0x00, 0x00, 0x23, 0xa2, 0xf4, 0xbf, 0x25, 0xa8, 0xf5, 0xff,
    0x28, 0xb5, 0xf6, 0xff, 0x2b, 0xc0, 0xf7, 0xff, 0x2b, 0xc3, 0xf8, 0xff, 0x2c, 0xc6, 0xf8, 0xff,
    0x2c, 0xc8, 0xf9, 0xff, 0x2d, 0xcb, 0xf9, 0xff, 0x2d, 0xcd, 0xf9, 0xff, 0x2d, 0xd0, 0xfa, 0xff,
    0x2e, 0xd2, 0xfa, 0xff, 0x2e, 0xd4, 0xfb, 0xff, 0x2f, 0xd7, 0xfb, 0xff, 0x2f, 0xd9, 0xfc, 0xff,
    0x2f, 0xdb, 0xfc, 0xff, 0x30, 0xdd, 0xfc, 0xff, 0x30, 0xdf, 0xfd, 0xff, 0x30, 0xe0, 0xfd, 0xff,
    0x30, 0xe0, 0xfd, 0xff, 0x30, 0xe0, 0xfd, 0xff, 0x30, 0xe0, 0xfd, 0xff, 0x30, 0xe0, 0xfd, 0xff,
    0x30, 0xe0, 0xfd, 0xff, 0x30, 0xe0, 0xfd, 0xff, 0x30, 0xe0, 0xfd, 0xff, 0x30, 0xe0, 0xfd, 0xff,
    0x30, 0xe0, 0xfd, 0xff, 0x30, 0xe0, 0xfd, 0xff, 0x30, 0xe0, 0xfd, 0xff, 0x30, 0xe0, 0xfd, 0xff,
    0x30, 0xe0, 0xfd, 0xff, 0x30, 0xe0, 0xfd, 0xff, 0x30, 0xe0, 0xfd, 0xff, 0x30, 0xe0, 0xfd, 0xff,
    0x30, 0xe0, 0xfd, 0xff, 0x30, 0xde, 0xfd, 0xff, 0x2f, 0xdc, 0xfc, 0xff, 0x2f, 0xda, 0xfc, 0xff,
    0x2f, 0xd8, 0xfb, 0xff, 0x2e, 0xd6, 0xfb, 0xff, 0x2e, 0xd3, 0xfb, 0xff, 0x2e, 0xd1, 0xfa, 0xff,
    0x2d, 0xcf, 0xfa, 0xff, 0x2d, 0xcc, 0xf9, 0xff, 0x2d, 0xca, 0xf9, 0xff, 0x2c, 0xc7, 0xf8, 0xff,
    0x2c, 0xc5, 0xf8, 0xff, 0x2b, 0xc2, 0xf7, 0xff, 0x2a, 0xbe, 0xf7, 0xff, 0x27, 0xb1, 0xf5, 0xff,
    0x1e, 0xa1, 0xf3, 0xff, 0x0d, 0x95, 0xf0, 0x8c, 0x00, 0x00, 0x00, 0x00, 0x00, 0x00, 0x00, 0x00,
    0x00, 0x00, 0x00, 0x00, 0x00, 0x00, 0x00, 0x00, 0x00, 0x00, 0x00, 0x00, 0x00, 0x00, 0x00, 0x00,
    0x00, 0x00, 0x00, 0x00, 0x00, 0x00, 0x00, 0x00, 0x00, 0x00, 0x00, 0x00, 0x00, 0x00, 0x00, 0x00,
    0x00, 0x00, 0x00, 0x00, 0x26, 0xa1, 0xf6, 0x1b, 0x23, 0xa2, 0xf4, 0xfe, 0x26, 0xae, 0xf5, 0xff,
    0x2a, 0xbb, 0xf6, 0xff, 0x2b, 0xc2, 0xf7, 0xff, 0x2c, 0xc4, 0xf8, 0xff, 0x2c, 0xc7, 0xf8, 0xff,
    0x2c, 0xc9, 0xf9, 0xff, 0x2d, 0xcc, 0xf9, 0xff, 0x2d, 0xce, 0xfa, 0xff, 0x2e, 0xd1, 0xfa, 0xff,
    0x2e, 0xd3, 0xfb, 0xff, 0x2e, 0xd6, 0xfb, 0xff, 0x2f, 0xd8, 0xfc, 0xff, 0x2f, 0xdb, 0xfc, 0xff,
    0x2f, 0xdd, 0xfc, 0xff, 0x30, 0xdf, 0xfd, 0xff, 0x30, 0xe0, 0xfd, 0xff, 0x30, 0xe0, 0xfd, 0xff,
    0x30, 0xe0, 0xfd, 0xff, 0x30, 0xe0, 0xfd, 0xff, 0x30, 0xe0, 0xfd, 0xff, 0x30, 0xe0, 0xfd, 0xff,
    0x30, 0xe0, 0xfd, 0xff, 0x30, 0xe0, 0xfd, 0xff, 0x30, 0xe0, 0xfd, 0xff, 0x30, 0xe0, 0xfd, 0xff,
    0x30, 0xe0, 0xfd, 0xff, 0x30, 0xe0, 0xfd, 0xff, 0x30, 0xe0, 0xfd, 0xff, 0x30, 0xe0, 0xfd, 0xff,
    0x30, 0xe0, 0xfd, 0xff, 0x30, 0xe0, 0xfd, 0xff, 0x30, 0xe0, 0xfd, 0xff, 0x30, 0xe0, 0xfd, 0xff,
    0x30, 0xe0, 0xfd, 0xff, 0x30, 0xe0, 0xfd, 0xff, 0x30, 0xde, 0xfd, 0xff, 0x2f, 0xdc, 0xfc, 0xff,
    0x2f, 0xda, 0xfc, 0xff, 0x2f, 0xd7, 0xfb, 0xff, 0x2e, 0xd5, 0xfb, 0xff, 0x2e, 0xd3, 0xfa, 0xff,
    0x2e, 0xd0, 0xfa, 0xff, 0x2d, 0xce, 0xfa, 0xff, 0x2d, 0xcb, 0xf9, 0xff, 0x2c, 0xc8, 0xf9, 0xff,
    0x2c, 0xc6, 0xf8, 0xff, 0x2c, 0xc3, 0xf8, 0xff, 0x2b, 0xc1, 0xf7, 0xff, 0x28, 0xb6, 0xf6, 0xff,
    0x25, 0xa9, 0xf5, 0xff, 0x0d, 0x95, 0xee, 0xd7, 0x00, 0x00, 0x00, 0x00, 0x00, 0x00, 0x00, 0x00,
    0x00, 0x00, 0x00, 0x00, 0x00, 0x00, 0x00, 0x00, 0x00, 0x00, 0x00, 0x00, 0x00, 0x00, 0x00, 0x00,
    0x00, 0x00, 0x00, 0x00, 0x00, 0x00, 0x00, 0x00, 0x00, 0x00, 0x00, 0x00, 0x00, 0x00, 0x00, 0x00,
    0x00, 0x00, 0x00, 0x00, 0x22, 0xa3, 0xf3, 0x69, 0x24, 0xa5, 0xf4, 0xff, 0x27, 0xb2, 0xf6, 0xff,
    0x2b, 0xc0, 0xf7, 0xff, 0x2b, 0xc3, 0xf7, 0xff, 0x2c, 0xc5, 0xf8, 0xff, 0x2c, 0xc8, 0xf8, 0xff,
    0x2d, 0xcb, 0xf9, 0xff, 0x2d, 0xcd, 0xf9, 0xff, 0x2d, 0xd0, 0xfa, 0xff, 0x2e, 0xd2, 0xfa, 0xff,
    0x2e, 0xd5, 0xfb, 0xff, 0x2f, 0xd7, 0xfb, 0xff, 0x2f, 0xda, 0xfc, 0xff, 0x2f, 0xdc, 0xfc, 0xff,
    0x30, 0xde, 0xfd, 0xff, 0x2c, 0xcf, 0xeb, 0xff, 0x24, 0xa1, 0xbc, 0xff, 0x25, 0xa7, 0xc3, 0xff,
    0x2f, 0xd7, 0xf4, 0xff, 0x30, 0xe0, 0xfd, 0xff, 0x30, 0xe0, 0xfd, 0xff, 0x30, 0xe0, 0xfd, 0xff,
    0x30, 0xe0, 0xfd, 0xff, 0x30, 0xe0, 0xfd, 0xff, 0x30, 0xe0, 0xfd, 0xff, 0x30, 0xe0, 0xfd, 0xff,
    0x30, 0xe0, 0xfd, 0xff, 0x30, 0xe0, 0xfd, 0xff, 0x30, 0xe0, 0xfd, 0xff, 0x30, 0xe0, 0xfd, 0xff,
    0x30, 0xe0, 0xfd, 0xff, 0x30, 0xe0, 0xfd, 0xff, 0x30, 0xe0, 0xfd, 0xff, 0x2e, 0xd3, 0xf0, 0xff,
    0x25, 0xa7, 0xc3, 0xff, 0x26, 0xaa, 0xc6, 0xff, 0x2f, 0xd7, 0xf4, 0xff, 0x30, 0xde, 0xfd, 0xff,
    0x2f, 0xdb, 0xfc, 0xff, 0x2f, 0xd9, 0xfc, 0xff, 0x2f, 0xd6, 0xfb, 0xff, 0x2e, 0xd4, 0xfb, 0xff,
    0x2e, 0xd1, 0xfa, 0xff, 0x2d, 0xcf, 0xfa, 0xff, 0x2d, 0xcc, 0xf9, 0xff, 0x2c, 0xca, 0xf9, 0xff,
    0x2c, 0xc7, 0xf8, 0xff, 0x2c, 0xc4, 0xf8, 0xff, 0x2b, 0xc2, 0xf7, 0xff, 0x2a, 0xbb, 0xf6, 0xff,
    0x26, 0xae, 0xf5, 0xff, 0x0e, 0x97, 0xef, 0xfb, 0x0d, 0x99, 0xf2, 0x14, 0x00, 0x00, 0x00, 0x00,
    0x00, 0x00, 0x00, 0x00, 0x00, 0x00, 0x00, 0x00, 0x00, 0x00, 0x00, 0x00, 0x00, 0x00, 0x00, 0x00,
    0x00, 0x00, 0x00, 0x00, 0x00, 0x00, 0x00, 0x00, 0x00, 0x00, 0x00, 0x00, 0x00, 0x00, 0x00, 0x00,
    0x00, 0x00, 0x00, 0x00, 0x23, 0xa3, 0xf3, 0xae, 0x25, 0xa9, 0xf5, 0xff, 0x28, 0xb6, 0xf6, 0xff,
    0x2b, 0xc1, 0xf7, 0xff, 0x2c, 0xc3, 0xf8, 0xff, 0x2c, 0xc6, 0xf8, 0xff, 0x2c, 0xc9, 0xf9, 0xff,
    0x2d, 0xcc, 0xf9, 0xff, 0x2d, 0xce, 0xfa, 0xff, 0x2e, 0xd1, 0xfa, 0xff, 0x2e, 0xd3, 0xfb, 0xff,
    0x2e, 0xd6, 0xfb, 0xff, 0x2f, 0xd9, 0xfc, 0xff, 0x2f, 0xdb, 0xfc, 0xff, 0x30, 0xde, 0xfd, 0xff,
    0x24, 0xa1, 0xbc, 0xff, 0x0f, 0x35, 0x4c, 0xff, 0x0d, 0x2b, 0x42, 0xff, 0x0d, 0x2b, 0x42, 0xff,
    0x11, 0x41, 0x59, 0xff, 0x28, 0xb8, 0xd3, 0xff, 0x30, 0xe0, 0xfd, 0xff, 0x30, 0xe0, 0xfd, 0xff,
    0x30, 0xe0, 0xfd, 0xff, 0x30, 0xe0, 0xfd, 0xff, 0x30, 0xe0, 0xfd, 0xff, 0x30, 0xe0, 0xfd, 0xff,
    0x30, 0xe0, 0xfd, 0xff, 0x30, 0xe0, 0xfd, 0xff, 0x30, 0xe0, 0xfd, 0xff, 0x30, 0xe0, 0xfd, 0xff,
    0x30, 0xe0, 0xfd, 0xff, 0x30, 0xe0, 0xfd, 0xff, 0x25, 0xa8, 0xc4, 0xff, 0x0f, 0x38, 0x4f, 0xff,
    0x0d, 0x2b, 0x42, 0xff, 0x0d, 0x2b, 0x42, 0xff, 0x11, 0x3f, 0x57, 0xff, 0x28, 0xb4, 0xd0, 0xff,
    0x2f, 0xdd, 0xfc, 0xff, 0x2f, 0xda, 0xfc, 0xff, 0x2f, 0xd8, 0xfb, 0xff, 0x2e, 0xd5, 0xfb, 0xff,
    0x2e, 0xd3, 0xfa, 0xff, 0x2d, 0xd0, 0xfa, 0xff, 0x2d, 0xcd, 0xf9, 0xff, 0x2d, 0xcb, 0xf9, 0xff,
    0x2c, 0xc8, 0xf8, 0xff, 0x2c, 0xc5, 0xf8, 0xff, 0x2b, 0xc3, 0xf7, 0xff, 0x2b, 0xbf, 0xf7, 0xff,
    0x27, 0xb2, 0xf6, 0xff, 0x15, 0x9b, 0xf1, 0xff, 0x0d, 0x97, 0xee, 0x76, 0x00, 0x00, 0x00, 0x00,
    0x00, 0x00, 0x00, 0x00, 0x00, 0x00, 0x00, 0x00, 0x00, 0x00, 0x00, 0x00, 0x00, 0x00, 0x00, 0x00,
    0x00, 0x00, 0x00, 0x00, 0x00, 0x00, 0x00, 0x00, 0x00, 0x00, 0x00, 0x00, 0x00, 0x00, 0x00, 0x00,
    0x00, 0x00, 0x00, 0x00, 0x23, 0xa2, 0xf4, 0xe3, 0x26, 0xad, 0xf5, 0xff, 0x29, 0xba, 0xf6, 0xff,
    0x2b, 0xc2, 0xf7, 0xff, 0x2c, 0xc4, 0xf8, 0xff, 0x2c, 0xc7, 0xf8, 0xff, 0x2d, 0xca, 0xf9, 0xff,
    0x2d, 0xcc, 0xf9, 0xff, 0x2d, 0xcf, 0xfa, 0xff, 0x2e, 0xd2, 0xfa, 0xff, 0x2e, 0xd5, 0xfb, 0xff,
    0x2f, 0xd7, 0xfb, 0xff, 0x2f, 0xda, 0xfc, 0xff, 0x2f, 0xdc, 0xfc, 0xff, 0x28, 0xb5, 0xd1, 0xff,
    0x0d, 0x2d, 0x43, 0xff, 0x16, 0x42, 0x60, 0xff, 0x19, 0x47, 0x67, 0xff, 0x0d, 0x2b, 0x42, 0xff,
    0x0d, 0x2b, 0x42, 0xff, 0x0f, 0x36, 0x4e, 0xff, 0x2d, 0xd1, 0xed, 0xff, 0x30, 0xe0, 0xfd, 0xff,
    0x30, 0xe0, 0xfd, 0xff, 0x30, 0xe0, 0xfd, 0xff, 0x30, 0xe0, 0xfd, 0xff, 0x30, 0xe0, 0xfd, 0xff,
    0x30, 0xe0, 0xfd, 0xff, 0x30, 0xe0, 0xfd, 0xff, 0x30, 0xe0, 0xfd, 0xff, 0x30, 0xe0, 0xfd, 0xff,
    0x30, 0xe0, 0xfd, 0xff, 0x29, 0xc0, 0xdb, 0xff, 0x0e, 0x2e, 0x46, 0xff, 0x16, 0x40, 0x5e, 0xff,
    0x19, 0x48, 0x68, 0xff, 0x0d, 0x2c, 0x42, 0xff, 0x0d, 0x2b, 0x42, 0xff, 0x0e, 0x34, 0x4c, 0xff,
    0x2c, 0xca, 0xe8, 0xff, 0x2f, 0xdc, 0xfc, 0xff, 0x2f, 0xd9, 0xfc, 0xff, 0x2e, 0xd6, 0xfb, 0xff,
    0x2e, 0xd4, 0xfb, 0xff, 0x2e, 0xd1, 0xfa, 0xff, 0x2d, 0xce, 0xfa, 0xff, 0x2d, 0xcc, 0xf9, 0xff,
    0x2c, 0xc9, 0xf9, 0xff, 0x2c, 0xc6, 0xf8, 0xff, 0x2c, 0xc3, 0xf8, 0xff, 0x2b, 0xc1, 0xf7, 0xff,
    0x28, 0xb5, 0xf6, 0xff, 0x1d, 0xa2, 0xf3, 0xff, 0x0b, 0x95, 0xef, 0xc1, 0x00, 0x00, 0x00, 0x00,
    0x00, 0x00, 0x00, 0x00, 0x00, 0x00, 0x00, 0x00, 0x00, 0x00, 0x00, 0x00, 0x00, 0x00, 0x00, 0x00,
    0x00, 0x00, 0x00, 0x00, 0x00, 0x00, 0x00, 0x00, 0x00, 0x00, 0x00, 0x00, 0x00, 0x00, 0x00, 0x00,
    0x23, 0xa2, 0xf3, 0x16, 0x23, 0xa2, 0xf4, 0xff, 0x27, 0xb0, 0xf5, 0xff, 0x2a, 0xbd, 0xf7, 0xff,
    0x2b, 0xc2, 0xf7, 0xff, 0x2c, 0xc5, 0xf8, 0xff, 0x2c, 0xc8, 0xf8, 0xff, 0x2d, 0xcb, 0xf9, 0xff,
    0x2d, 0xcd, 0xf9, 0xff, 0x2e, 0xd0, 0xfa, 0xff, 0x2e, 0xd3, 0xfb, 0xff, 0x2e, 0xd5, 0xfb, 0xff,
    0x2f, 0xd8, 0xfc, 0xff, 0x2f, 0xdb, 0xfc, 0xff, 0x30, 0xde, 0xfd, 0xff, 0x19, 0x6a, 0x83, 0xff,
    0x10, 0x33, 0x4c, 0xff, 0x24, 0x60, 0x89, 0xff, 0x24, 0x60, 0x89, 0xff, 0x0f, 0x2f, 0x47, 0xff,
    0x0d, 0x2b, 0x42, 0xff, 0x0d, 0x2b, 0x42, 0xff, 0x20, 0x8e, 0xa9, 0xff, 0x30, 0xe0, 0xfd, 0xff,
    0x30, 0xe0, 0xfd, 0xff, 0x30, 0xe0, 0xfd, 0xff, 0x30, 0xe0, 0xfd, 0xff, 0x30, 0xe0, 0xfd, 0xff,
    0x30, 0xe0, 0xfd, 0xff, 0x30, 0xe0, 0xfd, 0xff, 0x30, 0xe0, 0xfd, 0xff, 0x30, 0xe0, 0xfd, 0xff,
    0x30, 0xe0, 0xfd, 0xff, 0x1c, 0x75, 0x8f, 0xff, 0x10, 0x30, 0x49, 0xff, 0x24, 0x60, 0x89, 0xff,
    0x24, 0x60, 0x89, 0xff, 0x0f, 0x32, 0x4b, 0xff, 0x0d, 0x2b, 0x42, 0xff, 0x0d, 0x2b, 0x42, 0xff,
    0x1f, 0x85, 0x9f, 0xff, 0x2f, 0xdd, 0xfc, 0xff, 0x2f, 0xda, 0xfc, 0xff, 0x2f, 0xd7, 0xfb, 0xff,
    0x2e, 0xd5, 0xfb, 0xff, 0x2e, 0xd2, 0xfa, 0xff, 0x2d, 0xcf, 0xfa, 0xff, 0x2d, 0xcc, 0xf9, 0xff,
    0x2c, 0xca, 0xf9, 0xff, 0x2c, 0xc7, 0xf8, 0xff, 0x2c, 0xc4, 0xf8, 0xff, 0x2b, 0xc1, 0xf7, 0xff,
    0x29, 0xb8, 0xf6, 0xff, 0x23, 0xa9, 0xf5, 0xff, 0x08, 0x93, 0xec, 0xe7, 0x00, 0x00, 0x00, 0x00,
    0x00, 0x00, 0x00, 0x00, 0x00, 0x00, 0x00, 0x00, 0x00, 0x00, 0x00, 0x00, 0x00, 0x00, 0x00, 0x00,
    0x00, 0x00, 0x00, 0x00, 0x00, 0x00, 0x00, 0x00, 0x00, 0x00, 0x00, 0x00, 0x00, 0x00, 0x00, 0x00,
    0x25, 0xa2, 0xf6, 0x37, 0x24, 0xa4, 0xf4, 0xff, 0x27, 0xb2, 0xf6, 0xff, 0x2b, 0xc0, 0xf7, 0xff,
    0x2b, 0xc3, 0xf8, 0xff, 0x2c, 0xc6, 0xf8, 0xff, 0x2c, 0xc8, 0xf9, 0xff, 0x2d, 0xcb, 0xf9, 0xff,
    0x2d, 0xce, 0xfa, 0xff, 0x2e, 0xd1, 0xfa, 0xff, 0x2e, 0xd3, 0xfb, 0xff, 0x2e, 0xd6, 0xfb, 0xff,
    0x2f, 0xd9, 0xfc, 0xff, 0x2f, 0xdc, 0xfc, 0xff, 0x30, 0xde, 0xfd, 0xff, 0x14, 0x4b, 0x64, 0xff,
    0x0e, 0x2d, 0x44, 0xff, 0x1d, 0x4f, 0x73, 0xff, 0x18, 0x44, 0x64, 0xff, 0x0d, 0x2b, 0x42, 0xff,
    0x0d, 0x2b, 0x42, 0xff, 0x0d, 0x2b, 0x42, 0xff, 0x1a, 0x6e, 0x87, 0xff, 0x30, 0xe0, 0xfd, 0xff,
    0x30, 0xe0, 0xfd, 0xff, 0x30, 0xe0, 0xfd, 0xff, 0x30, 0xe0, 0xfd, 0xff, 0x30, 0xe0, 0xfd, 0xff,
    0x30, 0xe0, 0xfd, 0xff, 0x30, 0xe0, 0xfd, 0xff, 0x30, 0xe0, 0xfd, 0xff, 0x30, 0xe0, 0xfd, 0xff,
    0x30, 0xe0, 0xfd, 0xff, 0x15, 0x56, 0x6e, 0xff, 0x0e, 0x2c, 0x44, 0xff, 0x1c, 0x4e, 0x71, 0xff,
    0x18, 0x46, 0x66, 0xff, 0x0d, 0x2b, 0x42, 0xff, 0x0d, 0x2b, 0x42, 0xff, 0x0d, 0x2b, 0x42, 0xff,
    0x18, 0x64, 0x7d, 0xff, 0x30, 0xde, 0xfd, 0xff, 0x2f, 0xdb, 0xfc, 0xff, 0x2f, 0xd8, 0xfc, 0xff,
    0x2e, 0xd5, 0xfb, 0xff, 0x2e, 0xd3, 0xfa, 0xff, 0x2d, 0xd0, 0xfa, 0xff, 0x2d, 0xcd, 0xf9, 0xff,
    0x2d, 0xca, 0xf9, 0xff, 0x2c, 0xc7, 0xf8, 0xff, 0x2c, 0xc5, 0xf8, 0xff, 0x2b, 0xc2, 0xf7, 0xff,
    0x2a, 0xbb, 0xf7, 0xff, 0x26, 0xad, 0xf5, 0xff, 0x04, 0x91, 0xec, 0xf8, 0x00, 0x00, 0x00, 0x00,
    0x00, 0x00, 0x00, 0x00, 0x00, 0x00, 0x00, 0x00, 0x00, 0x00, 0x00, 0x00, 0x00, 0x00, 0x00, 0x00,
    0x00, 0x00, 0x00, 0x00, 0x00, 0x00, 0x00, 0x00, 0x00, 0x00, 0x00, 0x00, 0x00, 0x00, 0x00, 0x00,
    0x24, 0xa2, 0xf3, 0x55, 0x24, 0xa6, 0xf4, 0xff, 0x28, 0xb4, 0xf6, 0xff, 0x2b, 0xc0, 0xf7, 0xff,
    0x2c, 0xc3, 0xf8, 0xff, 0x2c, 0xc6, 0xf8, 0xff, 0x2c, 0xc9, 0xf9, 0xff, 0x2d, 0xcc, 0xf9, 0xff,
    0x2d, 0xce, 0xfa, 0xff, 0x2e, 0xd1, 0xfa, 0xff, 0x2e, 0xd4, 0xfb, 0xff, 0x2f, 0xd7, 0xfb, 0xff,
    0x2f, 0xda, 0xfc, 0xff, 0x2f, 0xdc, 0xfc, 0xff, 0x30, 0xdf, 0xfd, 0xff, 0x13, 0x4b, 0x63, 0xff,
    0x0d, 0x2b, 0x42, 0xff, 0x0d, 0x2b, 0x42, 0xff, 0x0d, 0x2b, 0x42, 0xff, 0x0d, 0x2b, 0x42, 0xff,
    0x0d, 0x2b, 0x42, 0xff, 0x0d, 0x2b, 0x42, 0xff, 0x1a, 0x6e, 0x87, 0xff, 0x30, 0xe0, 0xfd, 0xff,
    0x30, 0xe0, 0xfd, 0xff, 0x30, 0xe0, 0xfd, 0xff, 0x30, 0xe0, 0xfd, 0xff, 0x30, 0xe0, 0xfd, 0xff,
    0x30, 0xe0, 0xfd, 0xff, 0x30, 0xe0, 0xfd, 0xff, 0x30, 0xe0, 0xfd, 0xff, 0x30, 0xe0, 0xfd, 0xff,
    0x30, 0xe0, 0xfd, 0xff, 0x15, 0x54, 0x6d, 0xff, 0x0d, 0x2b, 0x42, 0xff, 0x0d, 0x2b, 0x42, 0xff,
    0x0d, 0x2b, 0x42, 0xff, 0x0d, 0x2b, 0x42, 0xff, 0x0d, 0x2b, 0x42, 0xff, 0x0d, 0x2b, 0x42, 0xff,
    0x18, 0x63, 0x7c, 0xff, 0x30, 0xde, 0xfd, 0xff, 0x2f, 0xdb, 0xfc, 0xff, 0x2f, 0xd9, 0xfc, 0xff,
    0x2e, 0xd6, 0xfb, 0xff, 0x2e, 0xd3, 0xfb, 0xff, 0x2e, 0xd0, 0xfa, 0xff, 0x2d, 0xcd, 0xfa, 0xff,
    0x2d, 0xcb, 0xf9, 0xff, 0x2c, 0xc8, 0xf8, 0xff, 0x2c, 0xc5, 0xf8, 0xff, 0x2b, 0xc2, 0xf7, 0xff,
    0x2a, 0xbd, 0xf7, 0xff, 0x27, 0xaf, 0xf5, 0xff, 0x04, 0x92, 0xec, 0xfe, 0x00, 0x00, 0x00, 0x00,
    0x00, 0x00, 0x00, 0x00, 0x00, 0x00, 0x00, 0x00, 0x00, 0x00, 0x00, 0x00, 0x00, 0x00, 0x00, 0x00,
    0x00, 0x00, 0x00, 0x00, 0x00, 0x00, 0x00, 0x00, 0x00, 0x00, 0x00, 0x00, 0x00, 0x00, 0x00, 0x00,
    0x22, 0xa2, 0xf5, 0x68, 0x24, 0xa8, 0xf5, 0xff, 0x28, 0xb5, 0xf6, 0xff, 0x2b, 0xc1, 0xf7, 0xff,
    0x2c, 0xc4, 0xf8, 0xff, 0x2c, 0xc6, 0xf8, 0xff, 0x2c, 0xc9, 0xf9, 0xff, 0x2d, 0xcc, 0xf9, 0xff,
    0x2d, 0xcf, 0xfa, 0xff, 0x2e, 0xd2, 0xfa, 0xff, 0x2e, 0xd4, 0xfb, 0xff, 0x2f, 0xd7, 0xfb, 0xff,
    0x2f, 0xda, 0xfc, 0xff, 0x30, 0xdd, 0xfc, 0xff, 0x30, 0xe0, 0xfd, 0xff, 0x19, 0x67, 0x7f, 0xff,
    0x0d, 0x2b, 0x42, 0xff, 0x0d, 0x2b, 0x42, 0xff, 0x0d, 0x2b, 0x42, 0xff, 0x0d, 0x2b, 0x42, 0xff,
    0x0d, 0x2b, 0x42, 0xff, 0x0d, 0x2b, 0x42, 0xff, 0x1f, 0x8a, 0xa4, 0xff, 0x30, 0xe0, 0xfd, 0xff,
    0x30, 0xe0, 0xfd, 0xff, 0x30, 0xe0, 0xfd, 0xff, 0x30, 0xe0, 0xfd, 0xff, 0x30, 0xe0, 0xfd, 0xff,
    0x30, 0xe0, 0xfd, 0xff, 0x30, 0xe0, 0xfd, 0xff, 0x30, 0xe0, 0xfd, 0xff, 0x30, 0xe0, 0xfd, 0xff,
    0x30, 0xe0, 0xfd, 0xff, 0x1a, 0x70, 0x8a, 0xff, 0x0d, 0x2b, 0x42, 0xff, 0x0d, 0x2b, 0x42, 0xff,
    0x0d, 0x2b, 0x42, 0xff, 0x0d, 0x2b, 0x42, 0xff, 0x0d, 0x2b, 0x42, 0xff, 0x0d, 0x2b, 0x42, 0xff,
    0x1e, 0x80, 0x9a, 0xff, 0x30, 0xdf, 0xfd, 0xff, 0x2f, 0xdc, 0xfc, 0xff, 0x2f, 0xd9, 0xfc, 0xff,
    0x2e, 0xd6, 0xfb, 0xff, 0x2e, 0xd3, 0xfb, 0xff, 0x2e, 0xd1, 0xfa, 0xff, 0x2d, 0xce, 0xfa, 0xff,
    0x2d, 0xcb, 0xf9, 0xff, 0x2c, 0xc8, 0xf9, 0xff, 0x2c, 0xc5, 0xf8, 0xff, 0x2b, 0xc3, 0xf7, 0xff,
    0x2b, 0xbf, 0xf7, 0xff, 0x27, 0xb1, 0xf5, 0xff, 0x05, 0x92, 0xed, 0xff, 0x0c, 0x97, 0xf3, 0x16,
    0x00, 0x00, 0x00, 0x00, 0x00, 0x00, 0x00, 0x00, 0x00, 0x00, 0x00, 0x00, 0x00, 0x00, 0x00, 0x00,
    0x00, 0x00, 0x00, 0x00, 0x00, 0x00, 0x00, 0x00, 0x00, 0x00, 0x00, 0x00, 0x00, 0x00, 0x00, 0x00,
    0x24, 0xa2, 0xf4, 0x71, 0x25, 0xa8, 0xf5, 0xff, 0x28, 0xb6, 0xf6, 0xff, 0x2b, 0xc1, 0xf7, 0xff,
    0x2c, 0xc4, 0xf8, 0xff, 0x2c, 0xc7, 0xf8, 0xff, 0x2c, 0xc9, 0xf9, 0xff, 0x2d, 0xcc, 0xf9, 0xff,
    0x2d, 0xcf, 0xfa, 0xff, 0x2e, 0xd2, 0xfa, 0xff, 0x2e, 0xd5, 0xfb, 0xff, 0x2f, 0xd8, 0xfb, 0xff,
    0x2f, 0xda, 0xfc, 0xff, 0x30, 0xdd, 0xfc, 0xff, 0x30, 0xe0, 0xfd, 0xff, 0x27, 0xae, 0xc9, 0xff,
    0x0d, 0x2b, 0x42, 0xff, 0x0d, 0x2b, 0x42, 0xff, 0x0d, 0x2b, 0x42, 0xff, 0x0d, 0x2b, 0x42, 0xff,
    0x0d, 0x2b, 0x42, 0xff, 0x0e, 0x32, 0x49, 0xff, 0x2c, 0xcc, 0xe8, 0xff, 0x30, 0xe0, 0xfd, 0xff,
    0x30, 0xe0, 0xfd, 0xff, 0x30, 0xe0, 0xfd, 0xff, 0x30, 0xe0, 0xfd, 0xff, 0x30, 0xe0, 0xfd, 0xff,
    0x30, 0xe0, 0xfd, 0xff, 0x30, 0xe0, 0xfd, 0xff, 0x30, 0xe0, 0xfd, 0xff, 0x30, 0xe0, 0xfd, 0xff,
    0x30, 0xe0, 0xfd, 0xff, 0x28, 0xb7, 0xd2, 0xff, 0x0d, 0x2d, 0x43, 0xff, 0x0d, 0x2b, 0x42, 0xff,
    0x0d, 0x2b, 0x42, 0xff, 0x0d, 0x2b, 0x42, 0xff, 0x0d, 0x2b, 0x42, 0xff, 0x0e, 0x30, 0x47, 0xff,
    0x2b, 0xc5, 0xe1, 0xff, 0x30, 0xdf, 0xfd, 0xff, 0x2f, 0xdc, 0xfc, 0xff, 0x2f, 0xd9, 0xfc, 0xff,
    0x2f, 0xd7, 0xfb, 0xff, 0x2e, 0xd4, 0xfb, 0xff, 0x2e, 0xd1, 0xfa, 0xff, 0x2d, 0xce, 0xfa, 0xff,
    0x2d, 0xcb, 0xf9, 0xff, 0x2c, 0xc8, 0xf9, 0xff, 0x2c, 0xc6, 0xf8, 0xff, 0x2b, 0xc3, 0xf8, 0xff,
    0x2b, 0xbf, 0xf7, 0xff, 0x27, 0xb1, 0xf6, 0xff, 0x06, 0x92, 0xec, 0xff, 0x12, 0x98, 0xed, 0x2a,
    0x00, 0x00, 0x00, 0x00, 0x00, 0x00, 0x00, 0x00, 0x00, 0x00, 0x00, 0x00, 0x00, 0x00, 0x00, 0x00,
    0x00, 0x00, 0x00, 0x00, 0x00, 0x00, 0x00, 0x00, 0x00, 0x00, 0x00, 0x00, 0x00, 0x00, 0x00, 0x00,
    0x22, 0xa2, 0xf4, 0x78, 0x25, 0xa9, 0xf5, 0xff, 0x29, 0xb7, 0xf6, 0xff, 0x2b, 0xc1, 0xf7, 0xff,
    0x2c, 0xc4, 0xf8, 0xff, 0x2c, 0xc7, 0xf8, 0xff, 0x2c, 0xc9, 0xf9, 0xff, 0x2d, 0xcc, 0xf9, 0xff,
    0x2d, 0xcf, 0xfa, 0xff, 0x2e, 0xd2, 0xfa, 0xff, 0x2e, 0xd5, 0xfb, 0xff, 0x2f, 0xd8, 0xfb, 0xff,
    0x2f, 0xdb, 0xfc, 0xff, 0x30, 0xdd, 0xfd, 0xff, 0x30, 0xe0, 0xfd, 0xff, 0x30, 0xe0, 0xfd, 0xff,
    0x21, 0x90, 0xaa, 0xff, 0x0e, 0x2e, 0x46, 0xff, 0x0d, 0x2b, 0x42, 0xff, 0x0d, 0x2b, 0x42, 0xff,
    0x0f, 0x38, 0x4f, 0xff, 0x26, 0xab, 0xc6, 0xff, 0x30, 0xe0, 0xfd, 0xff, 0x30, 0xe0, 0xfd, 0xff,
    0x30, 0xe0, 0xfd, 0xff, 0x30, 0xe0, 0xfd, 0xff, 0x30, 0xe0, 0xfd, 0xff, 0x30, 0xe0, 0xfd, 0xff,
    0x30, 0xe0, 0xfd, 0xff, 0x30, 0xe0, 0xfd, 0xff, 0x30, 0xe0, 0xfd, 0xff, 0x30, 0xe0, 0xfd, 0xff,
    0x30, 0xe0, 0xfd, 0xff, 0x30, 0xe0, 0xfd, 0xff, 0x22, 0x99, 0xb4, 0xff, 0x0f, 0x31, 0x49, 0xff,
    0x0d, 0x2b, 0x42, 0xff, 0x0d, 0x2b, 0x42, 0xff, 0x0f, 0x37, 0x4f, 0xff, 0x25, 0xa7, 0xc3, 0xff,
    0x30, 0xe0, 0xfd, 0xff, 0x30, 0xdf, 0xfd, 0xff, 0x2f, 0xdc, 0xfc, 0xff, 0x2f, 0xda, 0xfc, 0xff,
    0x2f, 0xd7, 0xfb, 0xff, 0x2e, 0xd4, 0xfb, 0xff, 0x2e, 0xd1, 0xfa, 0xff, 0x2d, 0xce, 0xfa, 0xff,
    0x2d, 0xcb, 0xf9, 0xff, 0x2c, 0xc8, 0xf9, 0xff, 0x2c, 0xc6, 0xf8, 0xff, 0x2b, 0xc3, 0xf8, 0xff,
    0x2b, 0xc0, 0xf7, 0xff, 0x27, 0xb2, 0xf6, 0xff, 0x04, 0x92, 0xec, 0xff, 0x12, 0x9a, 0xf2, 0x3a,
    0x00, 0x00, 0x00, 0x00, 0x00, 0x00, 0x00, 0x00, 0x00, 0x00, 0x00, 0x00, 0x00, 0x00, 0x00, 0x00,
    0x00, 0x00, 0x00, 0x00, 0x00, 0x00, 0x00, 0x00, 0x00, 0x00, 0x00, 0x00, 0x00, 0x00, 0x00, 0x00,
    0x23, 0xa2, 0xf4, 0x73, 0x25, 0xa9, 0xf5, 0xff, 0x28, 0xb6, 0xf6, 0xff, 0x2b, 0xc1, 0xf7, 0xff,
    0x2c, 0xc4, 0xf8, 0xff, 0x2c, 0xc7, 0xf8, 0xff, 0x2c, 0xc9, 0xf9, 0xff, 0x2d, 0xcc, 0xf9, 0xff,
    0x2d, 0xcf, 0xfa, 0xff, 0x2e, 0xd2, 0xfa, 0xff, 0x2e, 0xd5, 0xfb, 0xff, 0x2f, 0xd8, 0xfb, 0xff,
    0x2f, 0xda, 0xfc, 0xff, 0x30, 0xdd, 0xfc, 0xff, 0x30, 0xe0, 0xfd, 0xff, 0x30, 0xe0, 0xfd, 0xff,
    0x30, 0xe0, 0xfd, 0xff, 0x2a, 0xc4, 0xdf, 0xff, 0x21, 0x91, 0xab, 0xff, 0x21, 0x96, 0xb0, 0xff,
    0x2c, 0xcf, 0xeb, 0xff, 0x30, 0xe0, 0xfd, 0xff, 0x30, 0xe0, 0xfd, 0xff, 0x30, 0xe0, 0xfd, 0xff,
    0x30, 0xe0, 0xfd, 0xff, 0x30, 0xe0, 0xfd, 0xff, 0x30, 0xe0, 0xfd, 0xff, 0x30, 0xe0, 0xfd, 0xff,
    0x30, 0xe0, 0xfd, 0xff, 0x30, 0xe0, 0xfd, 0xff, 0x30, 0xe0, 0xfd, 0xff, 0x30, 0xe0, 0xfd, 0xff,
    0x30, 0xe0, 0xfd, 0xff, 0x30, 0xe0, 0xfd, 0xff, 0x30, 0xe0, 0xfd, 0xff, 0x2c, 0xc9, 0xe5, 0xff,
    0x21, 0x95, 0xaf, 0xff, 0x22, 0x98, 0xb3, 0xff, 0x2c, 0xcf, 0xeb, 0xff, 0x30, 0xe0, 0xfd, 0xff,
    0x30, 0xe0, 0xfd, 0xff, 0x30, 0xdf, 0xfd, 0xff, 0x2f, 0xdc, 0xfc, 0xff, 0x2f, 0xd9, 0xfc, 0xff,
    0x2f, 0xd7, 0xfb, 0xff, 0x2e, 0xd4, 0xfb, 0xff, 0x2e, 0xd1, 0xfa, 0xff, 0x2d, 0xce, 0xfa, 0xff,
    0x2d, 0xcb, 0xf9, 0xff, 0x2c, 0xc8, 0xf9, 0xff, 0x2c, 0xc6, 0xf8, 0xff, 0x2b, 0xc3, 0xf8, 0xff,
    0x2b, 0xc0, 0xf7, 0xff, 0x27, 0xb2, 0xf6, 0xff, 0x02, 0x90, 0xeb, 0xff, 0x11, 0x9c, 0xee, 0x2c,
    0x00, 0x00, 0x00, 0x00, 0x00, 0x00, 0x00, 0x00, 0x00, 0x00, 0x00, 0x00, 0x00, 0x00, 0x00, 0x00,
    0x00, 0x00, 0x00, 0x00, 0x00, 0x00, 0x00, 0x00, 0x00, 0x00, 0x00, 0x00, 0x00, 0x00, 0x00, 0x00,
    0x24, 0xa1, 0xf3, 0x6a, 0x25, 0xa8, 0xf5, 0xff, 0x28, 0xb6, 0xf6, 0xff, 0x2b, 0xc1, 0xf7, 0xff,
    0x2c, 0xc4, 0xf8, 0xff, 0x2c, 0xc6, 0xf8, 0xff, 0x2c, 0xc9, 0xf9, 0xff, 0x2d, 0xcc, 0xf9, 0xff,
    0x2d, 0xcf, 0xfa, 0xff, 0x2e, 0xd2, 0xfa, 0xff, 0x2e, 0xd5, 0xfb, 0xff, 0x2f, 0xd7, 0xfb, 0xff,
    0x2f, 0xda, 0xfc, 0xff, 0x30, 0xdd, 0xfc, 0xff, 0x30, 0xe0, 0xfd, 0xff, 0x30, 0xe0, 0xfd, 0xff,
    0x30, 0xe0, 0xfd, 0xff, 0x30, 0xe0, 0xfd, 0xff, 0x30, 0xe0, 0xfd, 0xff, 0x30, 0xe0, 0xfd, 0xff,
    0x30, 0xe0, 0xfd, 0xff, 0x30, 0xe0, 0xfd, 0xff, 0x30, 0xe0, 0xfd, 0xff, 0x30, 0xe0, 0xfd, 0xff,
    0x30, 0xe0, 0xfd, 0xff, 0x30, 0xe0, 0xfd, 0xff, 0x30, 0xe0, 0xfd, 0xff, 0x30, 0xe0, 0xfd, 0xff,
    0x30, 0xe0, 0xfd, 0xff, 0x30, 0xe0, 0xfd, 0xff, 0x30, 0xe0, 0xfd, 0xff, 0x30, 0xe0, 0xfd, 0xff,
    0x30, 0xe0, 0xfd, 0xff, 0x30, 0xe0, 0xfd, 0xff, 0x30, 0xe0, 0xfd, 0xff, 0x30, 0xe0, 0xfd, 0xff,
    0x30, 0xe0, 0xfd, 0xff, 0x30, 0xe0, 0xfd, 0xff, 0x30, 0xe0, 0xfd, 0xff, 0x30, 0xe0, 0xfd, 0xff,
    0x30, 0xe0, 0xfd, 0xff, 0x30, 0xdf, 0xfd, 0xff, 0x2f, 0xdc, 0xfc, 0xff, 0x2f, 0xd9, 0xfc, 0xff,
    0x2e, 0xd6, 0xfb, 0xff, 0x2e, 0xd4, 0xfb, 0xff, 0x2e, 0xd1, 0xfa, 0xff, 0x2d, 0xce, 0xfa, 0xff,
    0x2d, 0xcb, 0xf9, 0xff, 0x2c, 0xc8, 0xf9, 0xff, 0x2c, 0xc5, 0xf8, 0xff, 0x2b, 0xc3, 0xf7, 0xff,
    0x2b, 0xbf, 0xf7, 0xff, 0x26, 0xb0, 0xf4, 0xff, 0x00, 0x8f, 0xeb, 0xff, 0x17, 0x97, 0xf3, 0x16,
    0x00, 0x00, 0x00, 0x00, 0x00, 0x00, 0x00, 0x00, 0x00, 0x00, 0x00, 0x00, 0x00, 0x00, 0x00, 0x00,
    0x00, 0x00, 0x00, 0x00, 0x00, 0x00, 0x00, 0x00, 0x00, 0x00, 0x00, 0x00, 0x00, 0x00, 0x00, 0x00,
    0x22, 0xa2, 0xf4, 0x5a, 0x24, 0xa7, 0xf4, 0xff, 0x28, 0xb4, 0xf6, 0xff, 0x2b, 0xc0, 0xf7, 0xff,
    0x2c, 0xc3, 0xf8, 0xff, 0x2c, 0xc6, 0xf8, 0xff, 0x2c, 0xc9, 0xf9, 0xff, 0x2d, 0xcc, 0xf9, 0xff,
    0x2d, 0xcf, 0xfa, 0xff, 0x2e, 0xd1, 0xfa, 0xff, 0x2e, 0xd4, 0xfb, 0xff, 0x2f, 0xd7, 0xfb, 0xff,
    0x2f, 0xda, 0xfc, 0xff, 0x2f, 0xdd, 0xfc, 0xff, 0x30, 0xdf, 0xfd, 0xff, 0x30, 0xe0, 0xfd, 0xff,
    0x30, 0xe0, 0xfd, 0xff, 0x30, 0xe0, 0xfd, 0xff, 0x30, 0xe0, 0xfd, 0xff, 0x30, 0xe0, 0xfd, 0xff,
    0x30, 0xe0, 0xfd, 0xff, 0x30, 0xe0, 0xfd, 0xff, 0x30, 0xe0, 0xfd, 0xff, 0x30, 0xe0, 0xfd, 0xff,
    0x30, 0xe0, 0xfd, 0xff, 0x30, 0xe0, 0xfd, 0xff, 0x30, 0xe0, 0xfd, 0xff, 0x30, 0xe0, 0xfd, 0xff,
    0x30, 0xe0, 0xfd, 0xff, 0x30, 0xe0, 0xfd, 0xff, 0x30, 0xe0, 0xfd, 0xff, 0x30, 0xe0, 0xfd, 0xff,
    0x30, 0xe0, 0xfd, 0xff, 0x30, 0xe0, 0xfd, 0xff, 0x30, 0xe0, 0xfd, 0xff, 0x30, 0xe0, 0xfd, 0xff,
    0x30, 0xe0, 0xfd, 0xff, 0x30, 0xe0, 0xfd, 0xff, 0x30, 0xe0, 0xfd, 0xff, 0x30, 0xe0, 0xfd, 0xff,
    0x30, 0xe0, 0xfd, 0xff, 0x30, 0xde, 0xfd, 0xff, 0x2f, 0xdc, 0xfc, 0xff, 0x2f, 0xd9, 0xfc, 0xff,
    0x2e, 0xd6, 0xfb, 0xff, 0x2e, 0xd3, 0xfb, 0xff, 0x2e, 0xd0, 0xfa, 0xff, 0x2d, 0xce, 0xfa, 0xff,
    0x2d, 0xcb, 0xf9, 0xff, 0x2c, 0xc8, 0xf8, 0xff, 0x2c, 0xc5, 0xf8, 0xff, 0x2b, 0xc2, 0xf7, 0xff,
    0x2a, 0xbd, 0xf7, 0xff, 0x21, 0xaa, 0xf4, 0xff, 0x01, 0x8f, 0xeb, 0xff, 0x00, 0xff, 0xff, 0x02,
    0x00, 0x00, 0x00, 0x00, 0x00, 0x00, 0x00, 0x00, 0x00, 0x00, 0x00, 0x00, 0x00, 0x00, 0x00, 0x00,
    0x00, 0x00, 0x00, 0x00, 0x00, 0x00, 0x00, 0x00, 0x00, 0x00, 0x00, 0x00, 0x00, 0x00, 0x00, 0x00,
    0x25, 0xa0, 0xf3, 0x3e, 0x24, 0xa5, 0xf4, 0xff, 0x27, 0xb3, 0xf6, 0xff, 0x2b, 0xc0, 0xf7, 0xff,
    0x2b, 0xc3, 0xf8, 0xff, 0x2c, 0xc6, 0xf8, 0xff, 0x2c, 0xc8, 0xf9, 0xff, 0x2d, 0xcb, 0xf9, 0xff,
    0x2d, 0xce, 0xfa, 0xff, 0x2e, 0xd1, 0xfa, 0xff, 0x2e, 0xd4, 0xfb, 0xff, 0x2e, 0xd6, 0xfb, 0xff,
    0x2f, 0xd9, 0xfc, 0xff, 0x2f, 0xdc, 0xfc, 0xff, 0x30, 0xdf, 0xfd, 0xff, 0x30, 0xe0, 0xfd, 0xff,
    0x30, 0xe0, 0xfd, 0xff, 0x30, 0xe0, 0xfd, 0xff, 0x30, 0xe0, 0xfd, 0xff, 0x30, 0xe0, 0xfd, 0xff,
    0x30, 0xe0, 0xfd, 0xff, 0x30, 0xe0, 0xfd, 0xff, 0x30, 0xe0, 0xfd, 0xff, 0x30, 0xe0, 0xfd, 0xff,
    0x30, 0xe0, 0xfd, 0xff, 0x30, 0xe0, 0xfd, 0xff, 0x30, 0xe0, 0xfd, 0xff, 0x30, 0xe0, 0xfd, 0xff,
    0x30, 0xe0, 0xfd, 0xff, 0x30, 0xe0, 0xfd, 0xff, 0x30, 0xe0, 0xfd, 0xff, 0x30, 0xe0, 0xfd, 0xff,
    0x30, 0xe0, 0xfd, 0xff, 0x30, 0xe0, 0xfd, 0xff, 0x30, 0xe0, 0xfd, 0xff, 0x30, 0xe0, 0xfd, 0xff,
    0x30, 0xe0, 0xfd, 0xff, 0x30, 0xe0, 0xfd, 0xff, 0x30, 0xe0, 0xfd, 0xff, 0x30, 0xe0, 0xfd, 0xff,
    0x30, 0xe0, 0xfd, 0xff, 0x30, 0xde, 0xfd, 0xff, 0x2f, 0xdb, 0xfc, 0xff, 0x2f, 0xd8, 0xfc, 0xff,
    0x2e, 0xd5, 0xfb, 0xff, 0x2e, 0xd3, 0xfa, 0xff, 0x2d, 0xd0, 0xfa, 0xff, 0x2d, 0xcd, 0xf9, 0xff,
    0x2d, 0xca, 0xf9, 0xff, 0x2c, 0xc8, 0xf8, 0xff, 0x2c, 0xc5, 0xf8, 0xff, 0x2b, 0xc2, 0xf7, 0xff,
    0x2a, 0xbc, 0xf7, 0xff, 0x1b, 0xa5, 0xf2, 0xff, 0x04, 0x91, 0xed, 0xfa, 0x00, 0x00, 0x00, 0x00,
    0x00, 0x00, 0x00, 0x00, 0x00, 0x00, 0x00, 0x00, 0x00, 0x00, 0x00, 0x00, 0x00, 0x00, 0x00, 0x00,
    0x00, 0x00, 0x00, 0x00, 0x00, 0x00, 0x00, 0x00, 0x00, 0x00, 0x00, 0x00, 0x00, 0x00, 0x00, 0x00,
    0x22, 0xa2, 0xf7, 0x1e, 0x23, 0xa2, 0xf4, 0xff, 0x27, 0xb0, 0xf5, 0xff, 0x2a, 0xbe, 0xf7, 0xff,
    0x2b, 0xc2, 0xf7, 0xff, 0x2c, 0xc5, 0xf8, 0xff, 0x2c, 0xc8, 0xf8, 0xff, 0x2d, 0xcb, 0xf9, 0xff,
    0x2d, 0xcd, 0xfa, 0xff, 0x2e, 0xd0, 0xfa, 0xff, 0x2e, 0xd3, 0xfb, 0xff, 0x2e, 0xd6, 0xfb, 0xff,
    0x2f, 0xd8, 0xfc, 0xff, 0x2f, 0xdb, 0xfc, 0xff, 0x30, 0xde, 0xfd, 0xff, 0x30, 0xe0, 0xfd, 0xff,
    0x30, 0xe0, 0xfd, 0xff, 0x30, 0xe0, 0xfd, 0xff, 0x30, 0xe0, 0xfd, 0xff, 0x30, 0xe0, 0xfd, 0xff,
    0x30, 0xe0, 0xfd, 0xff, 0x30, 0xe0, 0xfd, 0xff, 0x30, 0xe0, 0xfd, 0xff, 0x30, 0xe0, 0xfd, 0xff,
    0x30, 0xe0, 0xfd, 0xff, 0x30, 0xe0, 0xfd, 0xff, 0x30, 0xe0, 0xfd, 0xff, 0x30, 0xe0, 0xfd, 0xff,
    0x30, 0xe0, 0xfd, 0xff, 0x30, 0xe0, 0xfd, 0xff, 0x30, 0xe0, 0xfd, 0xff, 0x30, 0xe0, 0xfd, 0xff,
    0x30, 0xe0, 0xfd, 0xff, 0x30, 0xe0, 0xfd, 0xff, 0x30, 0xe0, 0xfd, 0xff, 0x30, 0xe0, 0xfd, 0xff,
    0x30, 0xe0, 0xfd, 0xff, 0x30, 0xe0, 0xfd, 0xff, 0x30, 0xe0, 0xfd, 0xff, 0x30, 0xe0, 0xfd, 0xff,
    0x30, 0xdf, 0xfd, 0xff, 0x30, 0xdd, 0xfc, 0xff, 0x2f, 0xda, 0xfc, 0xff, 0x2f, 0xd7, 0xfb, 0xff,
    0x2e, 0xd5, 0xfb, 0xff, 0x2e, 0xd2, 0xfa, 0xff, 0x2d, 0xcf, 0xfa, 0xff, 0x2d, 0xcc, 0xf9, 0xff,
    0x2d, 0xca, 0xf9, 0xff, 0x2c, 0xc7, 0xf8, 0xff, 0x2c, 0xc4, 0xf8, 0xff, 0x2b, 0xc1, 0xf7, 0xff,
    0x29, 0xb9, 0xf6, 0xff, 0x12, 0x9d, 0xf0, 0xff, 0x08, 0x93, 0xee, 0xea, 0x00, 0x00, 0x00, 0x00,
    0x00, 0x00, 0x00, 0x00, 0x00, 0x00, 0x00, 0x00, 0x00, 0x00, 0x00, 0x00, 0x00, 0x00, 0x00, 0x00,
    0x00, 0x00, 0x00, 0x00, 0x00, 0x00, 0x00, 0x00, 0x00, 0x00, 0x00, 0x00, 0x00, 0x00, 0x00, 0x00,
    0x00, 0xff, 0xff, 0x01, 0x23, 0xa2, 0xf4, 0xee, 0x26, 0xad, 0xf5, 0xff, 0x2a, 0xbb, 0xf6, 0xff,
    0x2b, 0xc2, 0xf7, 0xff, 0x2c, 0xc4, 0xf8, 0xff, 0x2c, 0xc7, 0xf8, 0xff, 0x2d, 0xca, 0xf9, 0xff,
    0x2d, 0xcd, 0xf9, 0xff, 0x2d, 0xcf, 0xfa, 0xff, 0x2e, 0xd2, 0xfa, 0xff, 0x2e, 0xd5, 0xfb, 0xff,
    0x2f, 0xd7, 0xfb, 0xff, 0x2f, 0xda, 0xfc, 0xff, 0x2f, 0xdd, 0xfc, 0xff, 0x30, 0xdf, 0xfd, 0xff,
    0x30, 0xe0, 0xfd, 0xff, 0x30, 0xe0, 0xfd, 0xff, 0x30, 0xe0, 0xfd, 0xff, 0x30, 0xe0, 0xfd, 0xff,
    0x30, 0xe0, 0xfd, 0xff, 0x30, 0xe0, 0xfd, 0xff, 0x30, 0xe0, 0xfd, 0xff, 0x30, 0xe0, 0xfd, 0xff,
    0x30, 0xe0, 0xfd, 0xff, 0x30, 0xe0, 0xfd, 0xff, 0x30, 0xe0, 0xfd, 0xff, 0x30, 0xe0, 0xfd, 0xff,
    0x30, 0xe0, 0xfd, 0xff, 0x30, 0xe0, 0xfd, 0xff, 0x30, 0xe0, 0xfd, 0xff, 0x30, 0xe0, 0xfd, 0xff,
    0x30, 0xe0, 0xfd, 0xff, 0x30, 0xe0, 0xfd, 0xff, 0x30, 0xe0, 0xfd, 0xff, 0x30, 0xe0, 0xfd, 0xff,
    0x30, 0xe0, 0xfd, 0xff, 0x30, 0xe0, 0xfd, 0xff, 0x30, 0xe0, 0xfd, 0xff, 0x30, 0xe0, 0xfd, 0xff,
    0x30, 0xde, 0xfd, 0xff, 0x2f, 0xdc, 0xfc, 0xff, 0x2f, 0xd9, 0xfc, 0xff, 0x2f, 0xd7, 0xfb, 0xff,
    0x2e, 0xd4, 0xfb, 0xff, 0x2e, 0xd1, 0xfa, 0xff, 0x2d, 0xce, 0xfa, 0xff, 0x2d, 0xcc, 0xf9, 0xff,
    0x2c, 0xc9, 0xf9, 0xff, 0x2c, 0xc6, 0xf8, 0xff, 0x2c, 0xc4, 0xf8, 0xff, 0x2b, 0xc1, 0xf7, 0xff,
    0x28, 0xb6, 0xf6, 0xff, 0x09, 0x96, 0xee, 0xff, 0x0b, 0x95, 0xed, 0xca, 0x00, 0x00, 0x00, 0x00,
    0x00, 0x00, 0x00, 0x00, 0x00, 0x00, 0x00, 0x00, 0x00, 0x00, 0x00, 0x00, 0x00, 0x00, 0x00, 0x00,
    0x00, 0x00, 0x00, 0x00, 0x00, 0x00, 0x00, 0x00, 0x00, 0x00, 0x00, 0x00, 0x00, 0x00, 0x00, 0x00,
    0x00, 0x00, 0x00, 0x00, 0x24, 0xa2, 0xf4, 0xba, 0x25, 0xaa, 0xf5, 0xff, 0x29, 0xb7, 0xf6, 0xff,
    0x2b, 0xc1, 0xf7, 0xff, 0x2c, 0xc4, 0xf8, 0xff, 0x2c, 0xc6, 0xf8, 0xff, 0x2c, 0xc9, 0xf9, 0xff,
    0x2d, 0xcc, 0xf9, 0xff, 0x2d, 0xce, 0xfa, 0xff, 0x2e, 0xd1, 0xfa, 0xff, 0x2e, 0xd4, 0xfb, 0xff,
    0x2e, 0xd6, 0xfb, 0xff, 0x2f, 0xd9, 0xfc, 0xff, 0x2f, 0xdb, 0xfc, 0xff, 0x30, 0xde, 0xfd, 0xff,
    0x30, 0xe0, 0xfd, 0xff, 0x30, 0xe0, 0xfd, 0xff, 0x30, 0xe0, 0xfd, 0xff, 0x30, 0xe0, 0xfd, 0xff,
    0x30, 0xe0, 0xfd, 0xff, 0x30, 0xe0, 0xfd, 0xff, 0x30, 0xe0, 0xfd, 0xff, 0x30, 0xe0, 0xfd, 0xff,
    0x30, 0xe0, 0xfd, 0xff, 0x30, 0xe0, 0xfd, 0xff, 0x30, 0xe0, 0xfd, 0xff, 0x30, 0xe0, 0xfd, 0xff,
    0x30, 0xe0, 0xfd, 0xff, 0x30, 0xe0, 0xfd, 0xff, 0x30, 0xe0, 0xfd, 0xff, 0x30, 0xe0, 0xfd, 0xff,
    0x30, 0xe0, 0xfd, 0xff, 0x30, 0xe0, 0xfd, 0xff, 0x30, 0xe0, 0xfd, 0xff, 0x30, 0xe0, 0xfd, 0xff,
    0x30, 0xe0, 0xfd, 0xff, 0x30, 0xe0, 0xfd, 0xff, 0x30, 0xe0, 0xfd, 0xff, 0x30, 0xe0, 0xfd, 0xff,
    0x30, 0xdd, 0xfc, 0xff, 0x2f, 0xdb, 0xfc, 0xff, 0x2f, 0xd8, 0xfc, 0xff, 0x2e, 0xd5, 0xfb, 0xff,
    0x2e, 0xd3, 0xfb, 0xff, 0x2e, 0xd0, 0xfa, 0xff, 0x2d, 0xce, 0xfa, 0xff, 0x2d, 0xcb, 0xf9, 0xff,
    0x2c, 0xc8, 0xf9, 0xff, 0x2c, 0xc5, 0xf8, 0xff, 0x2b, 0xc3, 0xf8, 0xff, 0x2b, 0xc0, 0xf7, 0xff,
    0x25, 0xb1, 0xf5, 0xff, 0x01, 0x90, 0xec, 0xff, 0x0e, 0x97, 0xef, 0x82, 0x00, 0x00, 0x00, 0x00,
    0x00, 0x00, 0x00, 0x00, 0x00, 0x00, 0x00, 0x00, 0x00, 0x00, 0x00, 0x00, 0x00, 0x00, 0x00, 0x00,
    0x00, 0x00, 0x00, 0x00, 0x00, 0x00, 0x00, 0x00, 0x00, 0x00, 0x00, 0x00, 0x00, 0x00, 0x00, 0x00,
    0x00, 0x00, 0x00, 0x00, 0x24, 0xa3, 0xf5, 0x7a, 0x24, 0xa6, 0xf4, 0xff, 0x28, 0xb3, 0xf6, 0xff,
    0x2b, 0xc0, 0xf7, 0xff, 0x2b, 0xc3, 0xf8, 0xff, 0x2c, 0xc5, 0xf8, 0xff, 0x2c, 0xc8, 0xf9, 0xff,
    0x2d, 0xcb, 0xf9, 0xff, 0x2d, 0xcd, 0xfa, 0xff, 0x2d, 0xd0, 0xfa, 0xff, 0x2e, 0xd3, 0xfa, 0xff,
    0x2e, 0xd5, 0xfb, 0xff, 0x2f, 0xd8, 0xfb, 0xff, 0x2f, 0xda, 0xfc, 0xff, 0x2f, 0xdd, 0xfc, 0xff,
    0x30, 0xdf, 0xfd, 0xff, 0x30, 0xe0, 0xfd, 0xff, 0x30, 0xe0, 0xfd, 0xff, 0x30, 0xe0, 0xfd, 0xff,
    0x30, 0xe0, 0xfd, 0xff, 0x30, 0xe0, 0xfd, 0xff, 0x30, 0xe0, 0xfd, 0xff, 0x30, 0xe0, 0xfd, 0xff,
    0x30, 0xe0, 0xfd, 0xff, 0x30, 0xe0, 0xfd, 0xff, 0x30, 0xe0, 0xfd, 0xff, 0x30, 0xe0, 0xfd, 0xff,
    0x30, 0xe0, 0xfd, 0xff, 0x30, 0xe0, 0xfd, 0xff, 0x30, 0xe0, 0xfd, 0xff, 0x30, 0xe0, 0xfd, 0xff,
    0x30, 0xe0, 0xfd, 0xff, 0x30, 0xe0, 0xfd, 0xff, 0x30, 0xe0, 0xfd, 0xff, 0x30, 0xe0, 0xfd, 0xff,
    0x30, 0xe0, 0xfd, 0xff, 0x30, 0xe0, 0xfd, 0xff, 0x30, 0xe0, 0xfd, 0xff, 0x30, 0xde, 0xfd, 0xff,
    0x2f, 0xdc, 0xfc, 0xff, 0x2f, 0xd9, 0xfc, 0xff, 0x2f, 0xd7, 0xfb, 0xff, 0x2e, 0xd4, 0xfb, 0xff,
    0x2e, 0xd2, 0xfa, 0xff, 0x2d, 0xcf, 0xfa, 0xff, 0x2d, 0xcc, 0xf9, 0xff, 0x2d, 0xca, 0xf9, 0xff,
    0x2c, 0xc7, 0xf8, 0xff, 0x2c, 0xc5, 0xf8, 0xff, 0x2b, 0xc2, 0xf7, 0xff, 0x2a, 0xbc, 0xf7, 0xff,
    0x18, 0xa4, 0xf2, 0xff, 0x00, 0x8f, 0xeb, 0xff, 0x10, 0x94, 0xef, 0x1f, 0x00, 0x00, 0x00, 0x00,
    0x00, 0x00, 0x00, 0x00, 0x00, 0x00, 0x00, 0x00, 0x00, 0x00, 0x00, 0x00, 0x00, 0x00, 0x00, 0x00,
    0x00, 0x00, 0x00, 0x00, 0x00, 0x00, 0x00, 0x00, 0x00, 0x00, 0x00, 0x00, 0x00, 0x00, 0x00, 0x00,
    0x00, 0x00, 0x00, 0x00, 0x24, 0xa0, 0xf3, 0x2b, 0x23, 0xa2, 0xf4, 0xff, 0x26, 0xaf, 0xf5, 0xff,
    0x2a, 0xbc, 0xf7, 0xff, 0x2b, 0xc2, 0xf7, 0xff, 0x2c, 0xc4, 0xf8, 0xff, 0x2c, 0xc7, 0xf8, 0xff,
    0x2d, 0xca, 0xf9, 0xff, 0x2d, 0xcc, 0xf9, 0xff, 0x2d, 0xcf, 0xfa, 0xff, 0x2e, 0xd1, 0xfa, 0xff,
    0x2e, 0xd4, 0xfb, 0xff, 0x2e, 0xd6, 0xfb, 0xff, 0x2f, 0xd9, 0xfc, 0xff, 0x2f, 0xdb, 0xfc, 0xff,
    0x30, 0xdd, 0xfc, 0xff, 0x30, 0xdf, 0xfd, 0xff, 0x30, 0xe0, 0xfd, 0xff, 0x30, 0xe0, 0xfd, 0xff,
    0x30, 0xe0, 0xfd, 0xff, 0x30, 0xe0, 0xfd, 0xff, 0x30, 0xe0, 0xfd, 0xff, 0x30, 0xe0, 0xfd, 0xff,
    0x30, 0xe0, 0xfd, 0xff, 0x30, 0xe0, 0xfd, 0xff, 0x30, 0xe0, 0xfd, 0xff, 0x30, 0xe0, 0xfd, 0xff,
    0x30, 0xe0, 0xfd, 0xff, 0x30, 0xe0, 0xfd, 0xff, 0x30, 0xe0, 0xfd, 0xff, 0x30, 0xe0, 0xfd, 0xff,
    0x30, 0xe0, 0xfd, 0xff, 0x30, 0xe0, 0xfd, 0xff, 0x30, 0xe0, 0xfd, 0xff, 0x30, 0xe0, 0xfd, 0xff,
    0x30, 0xe0, 0xfd, 0xff, 0x30, 0xe0, 0xfd, 0xff, 0x30, 0xdf, 0xfd, 0xff, 0x2f, 0xdc, 0xfc, 0xff,
    0x2f, 0xda, 0xfc, 0xff, 0x2f, 0xd8, 0xfb, 0xff, 0x2e, 0xd5, 0xfb, 0xff, 0x2e, 0xd3, 0xfb, 0xff,
    0x2e, 0xd0, 0xfa, 0xff, 0x2d, 0xce, 0xfa, 0xff, 0x2d, 0xcb, 0xf9, 0xff, 0x2c, 0xc9, 0xf9, 0xff,
    0x2c, 0xc6, 0xf8, 0xff, 0x2c, 0xc4, 0xf8, 0xff, 0x2b, 0xc1, 0xf7, 0xff, 0x29, 0xb7, 0xf6, 0xff,
    0x0b, 0x97, 0xee, 0xff, 0x08, 0x92, 0xed, 0xed, 0x00, 0x00, 0x00, 0x00, 0x00, 0x00, 0x00, 0x00,
    0x00, 0x00, 0x00, 0x00, 0x00, 0x00, 0x00, 0x00, 0x00, 0x00, 0x00, 0x00, 0x00, 0x00, 0x00, 0x00,
    0x00, 0x00, 0x00, 0x00, 0x00, 0x00, 0x00, 0x00, 0x00, 0x00, 0x00, 0x00, 0x00, 0x00, 0x00, 0x00,
    0x00, 0x00, 0x00, 0x00, 0x00, 0x00, 0x00, 0x00, 0x23, 0xa2, 0xf4, 0xd4, 0x25, 0xaa, 0xf5, 0xff,
    0x28, 0xb7, 0xf6, 0xff, 0x2b, 0xc1, 0xf7, 0xff, 0x2c, 0xc3, 0xf8, 0xff, 0x2c, 0xc6, 0xf8, 0xff,
    0x2c, 0xc8, 0xf9, 0xff, 0x2d, 0xcb, 0xf9, 0xff, 0x2d, 0xcd, 0xfa, 0xff, 0x2d, 0xd0, 0xfa, 0xff,
    0x2e, 0xd2, 0xfa, 0xff, 0x2e, 0xd5, 0xfb, 0xff, 0x2f, 0xd7, 0xfb, 0xff, 0x2f, 0xd9, 0xfc, 0xff,
    0x2f, 0xdb, 0xfc, 0xff, 0x30, 0xdd, 0xfd, 0xff, 0x30, 0xdf, 0xfd, 0xff, 0x30, 0xe0, 0xfd, 0xff,
    0x30, 0xe0, 0xfd, 0xff, 0x30, 0xe0, 0xfd, 0xff, 0x30, 0xe0, 0xfd, 0xff, 0x30, 0xe0, 0xfd, 0xff,
    0x30, 0xe0, 0xfd, 0xff, 0x30, 0xe0, 0xfd, 0xff, 0x30, 0xe0, 0xfd, 0xff, 0x30, 0xe0, 0xfd, 0xff,
    0x30, 0xe0, 0xfd, 0xff, 0x30, 0xe0, 0xfd, 0xff, 0x30, 0xe0, 0xfd, 0xff, 0x30, 0xe0, 0xfd, 0xff,
    0x30, 0xe0, 0xfd, 0xff, 0x30, 0xe0, 0xfd, 0xff, 0x30, 0xe0, 0xfd, 0xff, 0x30, 0xe0, 0xfd, 0xff,
    0x30, 0xe0, 0xfd, 0xff, 0x30, 0xdf, 0xfd, 0xff, 0x2f, 0xdd, 0xfc, 0xff, 0x2f, 0xdb, 0xfc, 0xff,
    0x2f, 0xd8, 0xfc, 0xff, 0x2e, 0xd6, 0xfb, 0xff, 0x2e, 0xd4, 0xfb, 0xff, 0x2e, 0xd1, 0xfa, 0xff,
    0x2d, 0xcf, 0xfa, 0xff, 0x2d, 0xcd, 0xf9, 0xff, 0x2d, 0xca, 0xf9, 0xff, 0x2c, 0xc8, 0xf8, 0xff,
    0x2c, 0xc5, 0xf8, 0xff, 0x2b, 0xc2, 0xf7, 0xff, 0x2b, 0xbf, 0xf7, 0xff, 0x21, 0xad, 0xf4, 0xff,
    0x01, 0x90, 0xeb, 0xff, 0x0d, 0x96, 0xed, 0x9c, 0x00, 0x00, 0x00, 0x00, 0x00, 0x00, 0x00, 0x00,
    0x00, 0x00, 0x00, 0x00, 0x00, 0x00, 0x00, 0x00, 0x00, 0x00, 0x00, 0x00, 0x00, 0x00, 0x00, 0x00,
    0x00, 0x00, 0x00, 0x00, 0x00, 0x00, 0x00, 0x00, 0x00, 0x00, 0x00, 0x00, 0x00, 0x00, 0x00, 0x00,
    0x00, 0x00, 0x00, 0x00, 0x00, 0x00, 0x00, 0x00, 0x23, 0xa3, 0xf3, 0x6c, 0x24, 0xa4, 0xf4, 0xff,
    0x27, 0xb1, 0xf5, 0xff, 0x2a, 0xbe, 0xf7, 0xff, 0x2b, 0xc2, 0xf7, 0xff, 0x2c, 0xc5, 0xf8, 0xff,
    0x2c, 0xc7, 0xf8, 0xff, 0x2c, 0xca, 0xf9, 0xff, 0x2d, 0xcc, 0xf9, 0xff, 0x2d, 0xce, 0xfa, 0xff,
    0x2e, 0xd1, 0xfa, 0xff, 0x2e, 0xd3, 0xfb, 0xff, 0x2e, 0xd5, 0xfb, 0xff, 0x2f, 0xd7, 0xfb, 0xff,
    0x2f, 0xd9, 0xfc, 0xff, 0x2f, 0xdb, 0xfc, 0xff, 0x30, 0xdd, 0xfd, 0xff, 0x30, 0xdf, 0xfd, 0xff,
    0x30, 0xe0, 0xfd, 0xff, 0x30, 0xe0, 0xfd, 0xff, 0x30, 0xe0, 0xfd, 0xff, 0x30, 0xe0, 0xfd, 0xff,
    0x30, 0xe0, 0xfd, 0xff, 0x30, 0xe0, 0xfd, 0xff, 0x30, 0xe0, 0xfd, 0xff, 0x30, 0xe0, 0xfd, 0xff,
    0x30, 0xe0, 0xfd, 0xff, 0x30, 0xe0, 0xfd, 0xff, 0x30, 0xe0, 0xfd, 0xff, 0x30, 0xe0, 0xfd, 0xff,
    0x30, 0xe0, 0xfd, 0xff, 0x30, 0xe0, 0xfd, 0xff, 0x30, 0xe0, 0xfd, 0xff, 0x30, 0xe0, 0xfd, 0xff,
    0x30, 0xdf, 0xfd, 0xff, 0x2f, 0xdd, 0xfc, 0xff, 0x2f, 0xdb, 0xfc, 0xff, 0x2f, 0xd9, 0xfc, 0xff,
    0x2f, 0xd7, 0xfb, 0xff, 0x2e, 0xd4, 0xfb, 0xff, 0x2e, 0xd2, 0xfa, 0xff, 0x2d, 0xd0, 0xfa, 0xff,
    0x2d, 0xcd, 0xfa, 0xff, 0x2d, 0xcb, 0xf9, 0xff, 0x2c, 0xc9, 0xf9, 0xff, 0x2c, 0xc6, 0xf8, 0xff,
    0x2c, 0xc4, 0xf8, 0xff, 0x2b, 0xc1, 0xf7, 0xff, 0x29, 0xb9, 0xf6, 0xff, 0x0e, 0x9a, 0xef, 0xff,
    0x02, 0x90, 0xec, 0xfe, 0x14, 0x99, 0xeb, 0x19, 0x00, 0x00, 0x00, 0x00, 0x00, 0x00, 0x00, 0x00,
    0x00, 0x00, 0x00, 0x00, 0x00, 0x00, 0x00, 0x00, 0x00, 0x00, 0x00, 0x00, 0x00, 0x00, 0x00, 0x00,
    0x00, 0x00, 0x00, 0x00, 0x00, 0x00, 0x00, 0x00, 0x00, 0x00, 0x00, 0x00, 0x00, 0x00, 0x00, 0x00,
    0x00, 0x00, 0x00, 0x00, 0x00, 0x00, 0x00, 0x00, 0x24, 0xa4, 0xed, 0x0e, 0x24, 0xa2, 0xf4, 0xed,
    0x25, 0xab, 0xf5, 0xff, 0x29, 0xb7, 0xf6, 0xff, 0x2b, 0xc1, 0xf7, 0xff, 0x2b, 0xc3, 0xf8, 0xff,
    0x2c, 0xc6, 0xf8, 0xff, 0x2c, 0xc8, 0xf9, 0xff, 0x2d, 0xca, 0xf9, 0xff, 0x2d, 0xcd, 0xf9, 0xff,
    0x2d, 0xcf, 0xfa, 0xff, 0x2e, 0xd1, 0xfa, 0xff, 0x2e, 0xd3, 0xfb, 0xff, 0x2e, 0xd5, 0xfb, 0xff,
    0x2f, 0xd7, 0xfb, 0xff, 0x2f, 0xd9, 0xfc, 0xff, 0x2f, 0xdb, 0xfc, 0xff, 0x30, 0xdd, 0xfc, 0xff,
    0x30, 0xde, 0xfd, 0xff, 0x30, 0xe0, 0xfd, 0xff, 0x30, 0xe0, 0xfd, 0xff, 0x30, 0xe0, 0xfd, 0xff,
    0x30, 0xe0, 0xfd, 0xff, 0x30, 0xe0, 0xfd, 0xff, 0x30, 0xe0, 0xfd, 0xff, 0x30, 0xe0, 0xfd, 0xff,
    0x30, 0xe0, 0xfd, 0xff, 0x30, 0xe0, 0xfd, 0xff, 0x30, 0xe0, 0xfd, 0xff, 0x30, 0xe0, 0xfd, 0xff,
    0x30, 0xe0, 0xfd, 0xff, 0x30, 0xe0, 0xfd, 0xff, 0x30, 0xdf, 0xfd, 0xff, 0x30, 0xde, 0xfd, 0xff,
    0x2f, 0xdc, 0xfc, 0xff, 0x2f, 0xdb, 0xfc, 0xff, 0x2f, 0xd9, 0xfc, 0xff, 0x2f, 0xd7, 0xfb, 0xff,
    0x2e, 0xd5, 0xfb, 0xff, 0x2e, 0xd3, 0xfa, 0xff, 0x2e, 0xd0, 0xfa, 0xff, 0x2d, 0xce, 0xfa, 0xff,
    0x2d, 0xcc, 0xf9, 0xff, 0x2c, 0xca, 0xf9, 0xff, 0x2c, 0xc7, 0xf8, 0xff, 0x2c, 0xc5, 0xf8, 0xff,
    0x2b, 0xc2, 0xf7, 0xff, 0x2b, 0xbf, 0xf7, 0xff, 0x21, 0xad, 0xf4, 0xff, 0x01, 0x8f, 0xeb, 0xff,
    0x0c, 0x94, 0xee, 0xc3, 0x00, 0x00, 0x00, 0x00, 0x00, 0x00, 0x00, 0x00, 0x00, 0x00, 0x00, 0x00,
    0x00, 0x00, 0x00, 0x00, 0x00, 0x00, 0x00, 0x00, 0x00, 0x00, 0x00, 0x00, 0x00, 0x00, 0x00, 0x00,
    0x00, 0x00, 0x00, 0x00, 0x00, 0x00, 0x00, 0x00, 0x00, 0x00, 0x00, 0x00, 0x00, 0x00, 0x00, 0x00,
    0x00, 0x00, 0x00, 0x00, 0x00, 0x00, 0x00, 0x00, 0x00, 0x00, 0x00, 0x00, 0x22, 0xa2, 0xf4, 0x78,
    0x24, 0xa4, 0xf4, 0xff, 0x27, 0xb0, 0xf5, 0xff, 0x2a, 0xbc, 0xf7, 0xff, 0x2b, 0xc2, 0xf7, 0xff,
    0x2c, 0xc4, 0xf8, 0xff, 0x2c, 0xc6, 0xf8, 0xff, 0x2c, 0xc9, 0xf9, 0xff, 0x2d, 0xcb, 0xf9, 0xff,
    0x2d, 0xcd, 0xf9, 0xff, 0x2d, 0xcf, 0xfa, 0xff, 0x2e, 0xd1, 0xfa, 0xff, 0x2e, 0xd3, 0xfb, 0xff,
    0x2e, 0xd5, 0xfb, 0xff, 0x2f, 0xd7, 0xfb, 0xff, 0x2f, 0xd9, 0xfc, 0xff, 0x2f, 0xda, 0xfc, 0xff,
    0x2f, 0xdc, 0xfc, 0xff, 0x30, 0xdd, 0xfc, 0xff, 0x30, 0xde, 0xfd, 0xff, 0x30, 0xdf, 0xfd, 0xff,
    0x30, 0xe0, 0xfd, 0xff, 0x30, 0xe0, 0xfd, 0xff, 0x30, 0xe0, 0xfd, 0xff, 0x30, 0xe0, 0xfd, 0xff,
    0x30, 0xe0, 0xfd, 0xff, 0x30, 0xe0, 0xfd, 0xff, 0x30, 0xe0, 0xfd, 0xff, 0x30, 0xe0, 0xfd, 0xff,
    0x30, 0xdf, 0xfd, 0xff, 0x30, 0xde, 0xfd, 0xff, 0x30, 0xdd, 0xfc, 0xff, 0x2f, 0xdb, 0xfc, 0xff,
    0x2f, 0xda, 0xfc, 0xff, 0x2f, 0xd8, 0xfc, 0xff, 0x2f, 0xd7, 0xfb, 0xff, 0x2e, 0xd5, 0xfb, 0xff,
    0x2e, 0xd3, 0xfb, 0xff, 0x2e, 0xd1, 0xfa, 0xff, 0x2d, 0xcf, 0xfa, 0xff, 0x2d, 0xcc, 0xf9, 0xff,
    0x2d, 0xca, 0xf9, 0xff, 0x2c, 0xc8, 0xf8, 0xff, 0x2c, 0xc6, 0xf8, 0xff, 0x2c, 0xc3, 0xf8, 0xff,
    0x2b, 0xc1, 0xf7, 0xff, 0x29, 0xb8, 0xf6, 0xff, 0x0a, 0x97, 0xed, 0xff, 0x02, 0x90, 0xec, 0xfe,
    0x0f, 0x92, 0xf0, 0x23, 0x00, 0x00, 0x00, 0x00, 0x00, 0x00, 0x00, 0x00, 0x00, 0x00, 0x00, 0x00,
    0x00, 0x00, 0x00, 0x00, 0x00, 0x00, 0x00, 0x00, 0x00, 0x00, 0x00, 0x00, 0x00, 0x00, 0x00, 0x00,
    0x00, 0x00, 0x00, 0x00, 0x00, 0x00, 0x00, 0x00, 0x00, 0x00, 0x00, 0x00, 0x00, 0x00, 0x00, 0x00,
    0x00, 0x00, 0x00, 0x00, 0x00, 0x00, 0x00, 0x00, 0x00, 0x00, 0x00, 0x00, 0x2e, 0xa2, 0xff, 0x0b,
    0x23, 0xa2, 0xf4, 0xdf, 0x25, 0xa9, 0xf5, 0xff, 0x28, 0xb5, 0xf6, 0xff, 0x2b, 0xc0, 0xf7, 0xff,
    0x2b, 0xc2, 0xf7, 0xff, 0x2c, 0xc5, 0xf8, 0xff, 0x2c, 0xc7, 0xf8, 0xff, 0x2c, 0xc9, 0xf9, 0xff,
    0x2d, 0xcb, 0xf9, 0xff, 0x2d, 0xcd, 0xfa, 0xff, 0x2d, 0xcf, 0xfa, 0xff, 0x2e, 0xd1, 0xfa, 0xff,
    0x2e, 0xd3, 0xfb, 0xff, 0x2e, 0xd5, 0xfb, 0xff, 0x2f, 0xd7, 0xfb, 0xff, 0x2f, 0xd8, 0xfc, 0xff,
    0x2f, 0xd9, 0xfc, 0xff, 0x2f, 0xdb, 0xfc, 0xff, 0x2f, 0xdc, 0xfc, 0xff, 0x2f, 0xdd, 0xfc, 0xff,
    0x30, 0xde, 0xfd, 0xff, 0x30, 0xde, 0xfd, 0xff, 0x30, 0xde, 0xfd, 0xff, 0x30, 0xdf, 0xfd, 0xff,
    0x30, 0xdf, 0xfd, 0xff, 0x30, 0xde, 0xfd, 0xff, 0x30, 0xde, 0xfd, 0xff, 0x30, 0xdd, 0xfc, 0xff,
    0x2f, 0xdc, 0xfc, 0xff, 0x2f, 0xdb, 0xfc, 0xff, 0x2f, 0xda, 0xfc, 0xff, 0x2f, 0xd9, 0xfc, 0xff,
    0x2f, 0xd8, 0xfb, 0xff, 0x2e, 0xd6, 0xfb, 0xff, 0x2e, 0xd4, 0xfb, 0xff, 0x2e, 0xd3, 0xfa, 0xff,
    0x2e, 0xd1, 0xfa, 0xff, 0x2d, 0xcf, 0xfa, 0xff, 0x2d, 0xcd, 0xf9, 0xff, 0x2d, 0xcb, 0xf9, 0xff,
    0x2c, 0xc8, 0xf9, 0xff, 0x2c, 0xc6, 0xf8, 0xff, 0x2c, 0xc4, 0xf8, 0xff, 0x2b, 0xc2, 0xf7, 0xff,
    0x2a, 0xbd, 0xf7, 0xff, 0x18, 0xa4, 0xf1, 0xff, 0x00, 0x8f, 0xeb, 0xff, 0x0c, 0x95, 0xed, 0xae,
    0x00, 0x00, 0x00, 0x00, 0x00, 0x00, 0x00, 0x00, 0x00, 0x00, 0x00, 0x00, 0x00, 0x00, 0x00, 0x00,
    0x00, 0x00, 0x00, 0x00, 0x00, 0x00, 0x00, 0x00, 0x00, 0x00, 0x00, 0x00, 0x00, 0x00, 0x00, 0x00,
    0x00, 0x00, 0x00, 0x00, 0x00, 0x00, 0x00, 0x00, 0x00, 0x00, 0x00, 0x00, 0x00, 0x00, 0x00, 0x00,
    0x00, 0x00, 0x00, 0x00, 0x00, 0x00, 0x00, 0x00, 0x00, 0x00, 0x00, 0x00, 0x00, 0x00, 0x00, 0x00,
    0x1c, 0x9f, 0xf3, 0x52, 0x22, 0xa1, 0xf4, 0xff, 0x26, 0xad, 0xf5, 0xff, 0x29, 0xb9, 0xf6, 0xff,
    0x2b, 0xc1, 0xf7, 0xff, 0x2b, 0xc3, 0xf8, 0xff, 0x2c, 0xc5, 0xf8, 0xff, 0x2c, 0xc7, 0xf8, 0xff,
    0x2c, 0xc9, 0xf9, 0xff, 0x2d, 0xcb, 0xf9, 0xff, 0x2d, 0xcd, 0xf9, 0xff, 0x2d, 0xcf, 0xfa, 0xff,
    0x2e, 0xd1, 0xfa, 0xff, 0x2e, 0xd3, 0xfa, 0xff, 0x2e, 0xd4, 0xfb, 0xff, 0x2e, 0xd6, 0xfb, 0xff,
    0x2f, 0xd7, 0xfb, 0xff, 0x2f, 0xd8, 0xfc, 0xff, 0x2f, 0xd9, 0xfc, 0xff, 0x2f, 0xda, 0xfc, 0xff,
    0x2f, 0xdb, 0xfc, 0xff, 0x2f, 0xdb, 0xfc, 0xff, 0x2f, 0xdc, 0xfc, 0xff, 0x2f, 0xdc, 0xfc, 0xff,
    0x2f, 0xdc, 0xfc, 0xff, 0x2f, 0xdc, 0xfc, 0xff, 0x2f, 0xdb, 0xfc, 0xff, 0x2f, 0xdb, 0xfc, 0xff,
    0x2f, 0xda, 0xfc, 0xff, 0x2f, 0xd9, 0xfc, 0xff, 0x2f, 0xd8, 0xfb, 0xff, 0x2f, 0xd6, 0xfb, 0xff,
    0x2e, 0xd5, 0xfb, 0xff, 0x2e, 0xd4, 0xfb, 0xff, 0x2e, 0xd2, 0xfa, 0xff, 0x2e, 0xd0, 0xfa, 0xff,
    0x2d, 0xcf, 0xfa, 0xff, 0x2d, 0xcd, 0xf9, 0xff, 0x2d, 0xcb, 0xf9, 0xff, 0x2c, 0xc9, 0xf9, 0xff,
    0x2c, 0xc7, 0xf8, 0xff, 0x2c, 0xc4, 0xf8, 0xff, 0x2b, 0xc2, 0xf7, 0xff, 0x2b, 0xc0, 0xf7, 0xff,
    0x20, 0xae, 0xf4, 0xff, 0x01, 0x90, 0xec, 0xff, 0x06, 0x92, 0xec, 0xf4, 0x00, 0xaa, 0xff, 0x06,
    0x00, 0x00, 0x00, 0x00, 0x00, 0x00, 0x00, 0x00, 0x00, 0x00, 0x00, 0x00, 0x00, 0x00, 0x00, 0x00,
    0x00, 0x00, 0x00, 0x00, 0x00, 0x00, 0x00, 0x00, 0x00, 0x00, 0x00, 0x00, 0x00, 0x00, 0x00, 0x00,
    0x00, 0x00, 0x00, 0x00, 0x00, 0x00, 0x00, 0x00, 0x00, 0x00, 0x00, 0x00, 0x00, 0x00, 0x00, 0x00,
    0x00, 0x00, 0x00, 0x00, 0x00, 0x00, 0x00, 0x00, 0x00, 0x00, 0x00, 0x00, 0x00, 0x00, 0x00, 0x00,
    0x00, 0x00, 0x00, 0x00, 0x18, 0x9c, 0xf3, 0xa7, 0x24, 0xa5, 0xf4, 0xff, 0x27, 0xb0, 0xf5, 0xff,
    0x2a, 0xbb, 0xf7, 0xff, 0x2b, 0xc1, 0xf7, 0xff, 0x2c, 0xc3, 0xf8, 0xff, 0x2c, 0xc5, 0xf8, 0xff,
    0x2c, 0xc7, 0xf8, 0xff, 0x2c, 0xc9, 0xf9, 0xff, 0x2d, 0xcb, 0xf9, 0xff, 0x2d, 0xcd, 0xf9, 0xff,
    0x2d, 0xcf, 0xfa, 0xff, 0x2e, 0xd0, 0xfa, 0xff, 0x2e, 0xd2, 0xfa, 0xff, 0x2e, 0xd3, 0xfb, 0xff,
    0x2e, 0xd4, 0xfb, 0xff, 0x2e, 0xd5, 0xfb, 0xff, 0x2f, 0xd6, 0xfb, 0xff, 0x2f, 0xd7, 0xfb, 0xff,
    0x2f, 0xd8, 0xfb, 0xff, 0x2f, 0xd8, 0xfc, 0xff, 0x2f, 0xd9, 0xfc, 0xff, 0x2f, 0xd9, 0xfc, 0xff,
    0x2f, 0xd9, 0xfc, 0xff, 0x2f, 0xd9, 0xfc, 0xff, 0x2f, 0xd8, 0xfc, 0xff, 0x2f, 0xd8, 0xfb, 0xff,
    0x2f, 0xd7, 0xfb, 0xff, 0x2e, 0xd6, 0xfb, 0xff, 0x2e, 0xd5, 0xfb, 0xff, 0x2e, 0xd4, 0xfb, 0xff,
    0x2e, 0xd3, 0xfa, 0xff, 0x2e, 0xd1, 0xfa, 0xff, 0x2d, 0xd0, 0xfa, 0xff, 0x2d, 0xce, 0xfa, 0xff,
    0x2d, 0xcc, 0xf9, 0xff, 0x2d, 0xcb, 0xf9, 0xff, 0x2c, 0xc9, 0xf9, 0xff, 0x2c, 0xc7, 0xf8, 0xff,
    0x2c, 0xc5, 0xf8, 0xff, 0x2b, 0xc3, 0xf7, 0xff, 0x2b, 0xc0, 0xf7, 0xff, 0x25, 0xb3, 0xf5, 0xff,
    0x04, 0x92, 0xec, 0xff, 0x02, 0x90, 0xec, 0xfe, 0x0e, 0x94, 0xee, 0x4a, 0x00, 0x00, 0x00, 0x00,
    0x00, 0x00, 0x00, 0x00, 0x00, 0x00, 0x00, 0x00, 0x00, 0x00, 0x00, 0x00, 0x00, 0x00, 0x00, 0x00,
    0x00, 0x00, 0x00, 0x00, 0x00, 0x00, 0x00, 0x00, 0x00, 0x00, 0x00, 0x00, 0x00, 0x00, 0x00, 0x00,
    0x00, 0x00, 0x00, 0x00, 0x00, 0x00, 0x00, 0x00, 0x00, 0x00, 0x00, 0x00, 0x00, 0x00, 0x00, 0x00,
    0x00, 0x00, 0x00, 0x00, 0x00, 0x00, 0x00, 0x00, 0x00, 0x00, 0x00, 0x00, 0x00, 0x00, 0x00, 0x00,
    0x00, 0x00, 0x00, 0x00, 0x1a, 0x99, 0xff, 0x0a, 0x16, 0x9b, 0xf2, 0xd4, 0x24, 0xa7, 0xf5, 0xff,
    0x27, 0xb2, 0xf6, 0xff, 0x2a, 0xbc, 0xf7, 0xff, 0x2b, 0xc1, 0xf7, 0xff, 0x2c, 0xc3, 0xf8, 0xff,
    0x2c, 0xc5, 0xf8, 0xff, 0x2c, 0xc7, 0xf8, 0xff, 0x2c, 0xc9, 0xf9, 0xff, 0x2d, 0xcb, 0xf9, 0xff,
    0x2d, 0xcc, 0xf9, 0xff, 0x2d, 0xce, 0xfa, 0xff, 0x2d, 0xcf, 0xfa, 0xff, 0x2e, 0xd1, 0xfa, 0xff,
    0x2e, 0xd2, 0xfa, 0xff, 0x2e, 0xd3, 0xfb, 0xff, 0x2e, 0xd4, 0xfb, 0xff, 0x2e, 0xd5, 0xfb, 0xff,
    0x2e, 0xd5, 0xfb, 0xff, 0x2e, 0xd6, 0xfb, 0xff, 0x2e, 0xd6, 0xfb, 0xff, 0x2e, 0xd6, 0xfb, 0xff,
    0x2e, 0xd6, 0xfb, 0xff, 0x2e, 0xd6, 0xfb, 0xff, 0x2e, 0xd6, 0xfb, 0xff, 0x2e, 0xd5, 0xfb, 0xff,
    0x2e, 0xd4, 0xfb, 0xff, 0x2e, 0xd3, 0xfb, 0xff, 0x2e, 0xd2, 0xfa, 0xff, 0x2e, 0xd1, 0xfa, 0xff,
    0x2e, 0xd0, 0xfa, 0xff, 0x2d, 0xcf, 0xfa, 0xff, 0x2d, 0xcd, 0xf9, 0xff, 0x2d, 0xcc, 0xf9, 0xff,
    0x2d, 0xca, 0xf9, 0xff, 0x2c, 0xc8, 0xf9, 0xff, 0x2c, 0xc7, 0xf8, 0xff, 0x2c, 0xc5, 0xf8, 0xff,
    0x2b, 0xc3, 0xf7, 0xff, 0x2b, 0xc1, 0xf7, 0xff, 0x26, 0xb6, 0xf5, 0xff, 0x07, 0x95, 0xed, 0xff,
    0x00, 0x8f, 0xeb, 0xff, 0x10, 0x96, 0xef, 0x83, 0x00, 0x00, 0x00, 0x00, 0x00, 0x00, 0x00, 0x00,
    0x00, 0x00, 0x00, 0x00, 0x00, 0x00, 0x00, 0x00, 0x00, 0x00, 0x00, 0x00, 0x00, 0x00, 0x00, 0x00,
    0x00, 0x00, 0x00, 0x00, 0x00, 0x00, 0x00, 0x00, 0x00, 0x00, 0x00, 0x00, 0x00, 0x00, 0x00, 0x00,
    0x00, 0x00, 0x00, 0x00, 0x00, 0x00, 0x00, 0x00, 0x00, 0x00, 0x00, 0x00, 0x00, 0x00, 0x00, 0x00,
    0x00, 0x00, 0x00, 0x00, 0x00, 0x00, 0x00, 0x00, 0x00, 0x00, 0x00, 0x00, 0x00, 0x00, 0x00, 0x00,
    0x00, 0x00, 0x00, 0x00, 0x00, 0x00, 0x00, 0x00, 0x0f, 0x96, 0xf0, 0x22, 0x12, 0x99, 0xf0, 0xe3,
    0x25, 0xa9, 0xf5, 0xff, 0x27, 0xb3, 0xf6, 0xff, 0x2a, 0xbd, 0xf7, 0xff, 0x2b, 0xc1, 0xf7, 0xff,
    0x2b, 0xc3, 0xf8, 0xff, 0x2c, 0xc5, 0xf8, 0xff, 0x2c, 0xc7, 0xf8, 0xff, 0x2c, 0xc8, 0xf9, 0xff,
    0x2d, 0xca, 0xf9, 0xff, 0x2d, 0xcb, 0xf9, 0xff, 0x2d, 0xcd, 0xf9, 0xff, 0x2d, 0xce, 0xfa, 0xff,
    0x2d, 0xcf, 0xfa, 0xff, 0x2e, 0xd0, 0xfa, 0xff, 0x2e, 0xd1, 0xfa, 0xff, 0x2e, 0xd2, 0xfa, 0xff,
    0x2e, 0xd2, 0xfa, 0xff, 0x2e, 0xd3, 0xfb, 0xff, 0x2e, 0xd3, 0xfb, 0xff, 0x2e, 0xd3, 0xfb, 0xff,
    0x2e, 0xd3, 0xfb, 0xff, 0x2e, 0xd3, 0xfb, 0xff, 0x2e, 0xd3, 0xfb, 0xff, 0x2e, 0xd2, 0xfa, 0xff,
    0x2e, 0xd2, 0xfa, 0xff, 0x2e, 0xd1, 0xfa, 0xff, 0x2d, 0xd0, 0xfa, 0xff, 0x2d, 0xcf, 0xfa, 0xff,
    0x2d, 0xce, 0xfa, 0xff, 0x2d, 0xcc, 0xf9, 0xff, 0x2d, 0xcb, 0xf9, 0xff, 0x2c, 0xc9, 0xf9, 0xff,
    0x2c, 0xc8, 0xf8, 0xff, 0x2c, 0xc6, 0xf8, 0xff, 0x2c, 0xc4, 0xf8, 0xff, 0x2b, 0xc2, 0xf7, 0xff,
    0x2b, 0xc1, 0xf7, 0xff, 0x25, 0xb5, 0xf5, 0xff, 0x07, 0x95, 0xec, 0xff, 0x00, 0x8f, 0xeb, 0xff,
    0x0d, 0x97, 0xef, 0xab, 0x00, 0x00, 0x00, 0x00, 0x00, 0x00, 0x00, 0x00, 0x00, 0x00, 0x00, 0x00,
    0x00, 0x00, 0x00, 0x00, 0x00, 0x00, 0x00, 0x00, 0x00, 0x00, 0x00, 0x00, 0x00, 0x00, 0x00, 0x00,
    0x00, 0x00, 0x00, 0x00, 0x00, 0x00, 0x00, 0x00, 0x00, 0x00, 0x00, 0x00, 0x00, 0x00, 0x00, 0x00,
    0x00, 0x00, 0x00, 0x00, 0x00, 0x00, 0x00, 0x00, 0x00, 0x00, 0x00, 0x00, 0x00, 0x00, 0x00, 0x00,
    0x00, 0x00, 0x00, 0x00, 0x00, 0x00, 0x00, 0x00, 0x00, 0x00, 0x00, 0x00, 0x00, 0x00, 0x00, 0x00,
    0x00, 0x00, 0x00, 0x00, 0x00, 0x00, 0x00, 0x00, 0x00, 0x00, 0x00, 0x00, 0x13, 0x99, 0xec, 0x28,
    0x10, 0x97, 0xef, 0xe6, 0x22, 0xa7, 0xf5, 0xff, 0x27, 0xb2, 0xf6, 0xff, 0x2a, 0xbc, 0xf7, 0xff,
    0x2b, 0xc1, 0xf7, 0xff, 0x2b, 0xc3, 0xf8, 0xff, 0x2c, 0xc4, 0xf8, 0xff, 0x2c, 0xc6, 0xf8, 0xff,
    0x2c, 0xc8, 0xf8, 0xff, 0x2c, 0xc9, 0xf9, 0xff, 0x2d, 0xca, 0xf9, 0xff, 0x2d, 0xcb, 0xf9, 0xff,
    0x2d, 0xcd, 0xf9, 0xff, 0x2d, 0xcd, 0xfa, 0xff, 0x2d, 0xce, 0xfa, 0xff, 0x2d, 0xcf, 0xfa, 0xff,
    0x2d, 0xd0, 0xfa, 0xff, 0x2e, 0xd0, 0xfa, 0xff, 0x2e, 0xd0, 0xfa, 0xff, 0x2e, 0xd0, 0xfa, 0xff,
    0x2e, 0xd0, 0xfa, 0xff, 0x2e, 0xd0, 0xfa, 0xff, 0x2d, 0xd0, 0xfa, 0xff, 0x2d, 0xcf, 0xfa, 0xff,
    0x2d, 0xcf, 0xfa, 0xff, 0x2d, 0xce, 0xfa, 0xff, 0x2d, 0xcd, 0xf9, 0xff, 0x2d, 0xcc, 0xf9, 0xff,
    0x2d, 0xcb, 0xf9, 0xff, 0x2d, 0xca, 0xf9, 0xff, 0x2c, 0xc8, 0xf9, 0xff, 0x2c, 0xc7, 0xf8, 0xff,
    0x2c, 0xc5, 0xf8, 0xff, 0x2c, 0xc4, 0xf8, 0xff, 0x2b, 0xc2, 0xf7, 0xff, 0x2b, 0xc0, 0xf7, 0xff,
    0x1f, 0xaf, 0xf3, 0xff, 0x04, 0x92, 0xec, 0xff, 0x00, 0x8f, 0xeb, 0xff, 0x0c, 0x95, 0xed, 0xae,
    0x00, 0x00, 0x00, 0x00, 0x00, 0x00, 0x00, 0x00, 0x00, 0x00, 0x00, 0x00, 0x00, 0x00, 0x00, 0x00,
    0x00, 0x00, 0x00, 0x00, 0x00, 0x00, 0x00, 0x00, 0x00, 0x00, 0x00, 0x00, 0x00, 0x00, 0x00, 0x00,
    0x00, 0x00, 0x00, 0x00, 0x00, 0x00, 0x00, 0x00, 0x00, 0x00, 0x00, 0x00, 0x00, 0x00, 0x00, 0x00,
    0x00, 0x00, 0x00, 0x00, 0x00, 0x00, 0x00, 0x00, 0x00, 0x00, 0x00, 0x00, 0x00, 0x00, 0x00, 0x00,
    0x00, 0x00, 0x00, 0x00, 0x00, 0x00, 0x00, 0x00, 0x00, 0x00, 0x00, 0x00, 0x00, 0x00, 0x00, 0x00,
    0x00, 0x00, 0x00, 0x00, 0x00, 0x00, 0x00, 0x00, 0x00, 0x00, 0x00, 0x00, 0x00, 0x00, 0x00, 0x00,
    0x13, 0x97, 0xec, 0x1b, 0x0b, 0x95, 0xee, 0xe0, 0x1c, 0xa1, 0xf3, 0xff, 0x27, 0xb1, 0xf6, 0xff,
    0x29, 0xba, 0xf6, 0xff, 0x2b, 0xc0, 0xf7, 0xff, 0x2b, 0xc2, 0xf7, 0xff, 0x2c, 0xc4, 0xf8, 0xff,
    0x2c, 0xc5, 0xf8, 0xff, 0x2c, 0xc6, 0xf8, 0xff, 0x2c, 0xc8, 0xf8, 0xff, 0x2c, 0xc9, 0xf9, 0xff,
    0x2d, 0xca, 0xf9, 0xff, 0x2d, 0xcb, 0xf9, 0xff, 0x2d, 0xcc, 0xf9, 0xff, 0x2d, 0xcc, 0xf9, 0xff,
    0x2d, 0xcd, 0xf9, 0xff, 0x2d, 0xcd, 0xf9, 0xff, 0x2d, 0xcd, 0xfa, 0xff, 0x2d, 0xce, 0xfa, 0xff,
    0x2d, 0xce, 0xfa, 0xff, 0x2d, 0xcd, 0xfa, 0xff, 0x2d, 0xcd, 0xf9, 0xff, 0x2d, 0xcd, 0xf9, 0xff,
    0x2d, 0xcc, 0xf9, 0xff, 0x2d, 0xcb, 0xf9, 0xff, 0x2d, 0xca, 0xf9, 0xff, 0x2c, 0xca, 0xf9, 0xff,
    0x2c, 0xc8, 0xf9, 0xff, 0x2c, 0xc7, 0xf8, 0xff, 0x2c, 0xc6, 0xf8, 0xff, 0x2c, 0xc5, 0xf8, 0xff,
    0x2b, 0xc3, 0xf8, 0xff, 0x2b, 0xc1, 0xf7, 0xff, 0x2a, 0xbe, 0xf7, 0xff, 0x15, 0xa4, 0xf0, 0xff,
    0x01, 0x8f, 0xeb, 0xff, 0x01, 0x8f, 0xeb, 0xff, 0x0e, 0x96, 0xee, 0x97, 0x00, 0x00, 0x00, 0x00,
    0x00, 0x00, 0x00, 0x00, 0x00, 0x00, 0x00, 0x00, 0x00, 0x00, 0x00, 0x00, 0x00, 0x00, 0x00, 0x00,
    0x00, 0x00, 0x00, 0x00, 0x00, 0x00, 0x00, 0x00, 0x00, 0x00, 0x00, 0x00, 0x00, 0x00, 0x00, 0x00,
    0x00, 0x00, 0x00, 0x00, 0x00, 0x00, 0x00, 0x00, 0x00, 0x00, 0x00, 0x00, 0x00, 0x00, 0x00, 0x00,
    0x00, 0x00, 0x00, 0x00, 0x00, 0x00, 0x00, 0x00, 0x00, 0x00, 0x00, 0x00, 0x00, 0x00, 0x00, 0x00,
    0x00, 0x00, 0x00, 0x00, 0x00, 0x00, 0x00, 0x00, 0x00, 0x00, 0x00, 0x00, 0x00, 0x00, 0x00, 0x00,
    0x00, 0x00, 0x00, 0x00, 0x00, 0x00, 0x00, 0x00, 0x00, 0x00, 0x00, 0x00, 0x00, 0x00, 0x00, 0x00,
    0x00, 0x00, 0x00, 0x00, 0x00, 0x80, 0xff, 0x04, 0x0c, 0x96, 0xef, 0xbb, 0x0d, 0x98, 0xef, 0xfd,
    0x22, 0xac, 0xf4, 0xff, 0x29, 0xb7, 0xf6, 0xff, 0x2b, 0xbe, 0xf7, 0xff, 0x2b, 0xc1, 0xf7, 0xff,
    0x2b, 0xc3, 0xf7, 0xff, 0x2c, 0xc4, 0xf8, 0xff, 0x2c, 0xc5, 0xf8, 0xff, 0x2c, 0xc6, 0xf8, 0xff,
    0x2c, 0xc7, 0xf8, 0xff, 0x2c, 0xc8, 0xf9, 0xff, 0x2c, 0xc9, 0xf9, 0xff, 0x2c, 0xc9, 0xf9, 0xff,
    0x2d, 0xca, 0xf9, 0xff, 0x2d, 0xca, 0xf9, 0xff, 0x2d, 0xcb, 0xf9, 0xff, 0x2d, 0xcb, 0xf9, 0xff,
    0x2d, 0xcb, 0xf9, 0xff, 0x2d, 0xcb, 0xf9, 0xff, 0x2d, 0xca, 0xf9, 0xff, 0x2d, 0xca, 0xf9, 0xff,
    0x2c, 0xc9, 0xf9, 0xff, 0x2c, 0xc9, 0xf9, 0xff, 0x2c, 0xc8, 0xf8, 0xff, 0x2c, 0xc7, 0xf8, 0xff,
    0x2c, 0xc6, 0xf8, 0xff, 0x2c, 0xc5, 0xf8, 0xff, 0x2c, 0xc3, 0xf8, 0xff, 0x2b, 0xc2, 0xf7, 0xff,
    0x2b, 0xc1, 0xf7, 0xff, 0x20, 0xb1, 0xf4, 0xff, 0x07, 0x95, 0xec, 0xff, 0x00, 0x8f, 0xeb, 0xff,
    0x05, 0x91, 0xed, 0xf9, 0x0f, 0x96, 0xf0, 0x55, 0x00, 0x00, 0x00, 0x00, 0x00, 0x00, 0x00, 0x00,
    0x00, 0x00, 0x00, 0x00, 0x00, 0x00, 0x00, 0x00, 0x00, 0x00, 0x00, 0x00, 0x00, 0x00, 0x00, 0x00,
    0x00, 0x00, 0x00, 0x00, 0x00, 0x00, 0x00, 0x00, 0x00, 0x00, 0x00, 0x00, 0x00, 0x00, 0x00, 0x00,
    0x00, 0x00, 0x00, 0x00, 0x00, 0x00, 0x00, 0x00, 0x00, 0x00, 0x00, 0x00, 0x00, 0x00, 0x00, 0x00,
    0x00, 0x00, 0x00, 0x00, 0x00, 0x00, 0x00, 0x00, 0x00, 0x00, 0x00, 0x00, 0x00, 0x00, 0x00, 0x00,
    0x00, 0x00, 0x00, 0x00, 0x00, 0x00, 0x00, 0x00, 0x00, 0x00, 0x00, 0x00, 0x00, 0x00, 0x00, 0x00,
    0x00, 0x00, 0x00, 0x00, 0x00, 0x00, 0x00, 0x00, 0x00, 0x00, 0x00, 0x00, 0x00, 0x00, 0x00, 0x00,
    0x00, 0x00, 0x00, 0x00, 0x00, 0x00, 0x00, 0x00, 0x00, 0x00, 0x00, 0x00, 0x12, 0x97, 0xf0, 0x56,
    0x07, 0x93, 0xec, 0xf3, 0x11, 0x9b, 0xf0, 0xff, 0x23, 0xaf, 0xf5, 0xff, 0x29, 0xba, 0xf6, 0xff,
    0x2b, 0xc0, 0xf7, 0xff, 0x2b, 0xc1, 0xf7, 0xff, 0x2b, 0xc2, 0xf7, 0xff, 0x2c, 0xc4, 0xf8, 0xff,
    0x2c, 0xc4, 0xf8, 0xff, 0x2c, 0xc5, 0xf8, 0xff, 0x2c, 0xc6, 0xf8, 0xff, 0x2c, 0xc7, 0xf8, 0xff,
    0x2c, 0xc7, 0xf8, 0xff, 0x2c, 0xc8, 0xf8, 0xff, 0x2c, 0xc8, 0xf8, 0xff, 0x2c, 0xc8, 0xf8, 0xff,
    0x2c, 0xc8, 0xf8, 0xff, 0x2c, 0xc8, 0xf8, 0xff, 0x2c, 0xc7, 0xf8, 0xff, 0x2c, 0xc7, 0xf8, 0xff,
    0x2c, 0xc6, 0xf8, 0xff, 0x2c, 0xc6, 0xf8, 0xff, 0x2c, 0xc5, 0xf8, 0xff, 0x2c, 0xc4, 0xf8, 0xff,
    0x2b, 0xc3, 0xf8, 0xff, 0x2b, 0xc2, 0xf7, 0xff, 0x2b, 0xc1, 0xf7, 0xff, 0x21, 0xb4, 0xf5, 0xff,
    0x0b, 0x9a, 0xee, 0xff, 0x00, 0x8f, 0xeb, 0xff, 0x01, 0x8f, 0xeb, 0xff, 0x0c, 0x95, 0xee, 0xc5,
    0x10, 0x8f, 0xef, 0x10, 0x00, 0x00, 0x00, 0x00, 0x00, 0x00, 0x00, 0x00, 0x00, 0x00, 0x00, 0x00,
    0x00, 0x00, 0x00, 0x00, 0x00, 0x00, 0x00, 0x00, 0x00, 0x00, 0x00, 0x00, 0x00, 0x00, 0x00, 0x00,
    0x00, 0x00, 0x00, 0x00, 0x00, 0x00, 0x00, 0x00, 0x00, 0x00, 0x00, 0x00, 0x00, 0x00, 0x00, 0x00,
    0x00, 0x00, 0x00, 0x00, 0x00, 0x00, 0x00, 0x00, 0x00, 0x00, 0x00, 0x00, 0x00, 0x00, 0x00, 0x00,
    0x00, 0x00, 0x00, 0x00, 0x00, 0x00, 0x00, 0x00, 0x00, 0x00, 0x00, 0x00, 0x00, 0x00, 0x00, 0x00,
    0x00, 0x00, 0x00, 0x00, 0x00, 0x00, 0x00, 0x00, 0x00, 0x00, 0x00, 0x00, 0x00, 0x00, 0x00, 0x00,
    0x00, 0x00, 0x00, 0x00, 0x00, 0x00, 0x00, 0x00, 0x00, 0x00, 0x00, 0x00, 0x00, 0x00, 0x00, 0x00,
    0x00, 0x00, 0x00, 0x00, 0x00, 0x00, 0x00, 0x00, 0x00, 0x00, 0x00, 0x00, 0x00, 0x00, 0x00, 0x00,
    0x00, 0xaa, 0xff, 0x03, 0x0d, 0x95, 0xef, 0x8c, 0x04, 0x92, 0xec, 0xf7, 0x0d, 0x99, 0xef, 0xff,
    0x1d, 0xaa, 0xf3, 0xff, 0x28, 0xb9, 0xf6, 0xff, 0x2b, 0xbf, 0xf7, 0xff, 0x2b, 0xc1, 0xf7, 0xff,
    0x2b, 0xc2, 0xf7, 0xff, 0x2b, 0xc3, 0xf7, 0xff, 0x2c, 0xc3, 0xf8, 0xff, 0x2c, 0xc4, 0xf8, 0xff,
    0x2c, 0xc4, 0xf8, 0xff, 0x2c, 0xc5, 0xf8, 0xff, 0x2c, 0xc5, 0xf8, 0xff, 0x2c, 0xc5, 0xf8, 0xff,
    0x2c, 0xc5, 0xf8, 0xff, 0x2c, 0xc5, 0xf8, 0xff, 0x2c, 0xc5, 0xf8, 0xff, 0x2c, 0xc4, 0xf8, 0xff,
    0x2c, 0xc4, 0xf8, 0xff, 0x2b, 0xc3, 0xf8, 0xff, 0x2b, 0xc2, 0xf7, 0xff, 0x2b, 0xc1, 0xf7, 0xff,
    0x28, 0xbe, 0xf7, 0xff, 0x1a, 0xab, 0xf2, 0xff, 0x08, 0x97, 0xed, 0xff, 0x00, 0x8f, 0xeb, 0xff,
    0x00, 0x8f, 0xeb, 0xff, 0x09, 0x95, 0xed, 0xe2, 0x0f, 0x95, 0xf0, 0x46, 0x00, 0x00, 0x00, 0x00,
    0x00, 0x00, 0x00, 0x00, 0x00, 0x00, 0x00, 0x00, 0x00, 0x00, 0x00, 0x00, 0x00, 0x00, 0x00, 0x00,
    0x00, 0x00, 0x00, 0x00, 0x00, 0x00, 0x00, 0x00, 0x00, 0x00, 0x00, 0x00, 0x00, 0x00, 0x00, 0x00,
    0x00, 0x00, 0x00, 0x00, 0x00, 0x00, 0x00, 0x00, 0x00, 0x00, 0x00, 0x00, 0x00, 0x00, 0x00, 0x00,
    0x00, 0x00, 0x00, 0x00, 0x00, 0x00, 0x00, 0x00, 0x00, 0x00, 0x00, 0x00, 0x00, 0x00, 0x00, 0x00,
    0x00, 0x00, 0x00, 0x00, 0x00, 0x00, 0x00, 0x00, 0x00, 0x00, 0x00, 0x00, 0x00, 0x00, 0x00, 0x00,
    0x00, 0x00, 0x00, 0x00, 0x00, 0x00, 0x00, 0x00, 0x00, 0x00, 0x00, 0x00, 0x00, 0x00, 0x00, 0x00,
    0x00, 0x00, 0x00, 0x00, 0x00, 0x00, 0x00, 0x00, 0x00, 0x00, 0x00, 0x00, 0x00, 0x00, 0x00, 0x00,
    0x00, 0x00, 0x00, 0x00, 0x00, 0x00, 0x00, 0x00, 0x00, 0x00, 0x00, 0x00, 0x00, 0x00, 0x00, 0x00,
    0x00, 0x00, 0x00, 0x00, 0x00, 0x00, 0x00, 0x00, 0x00, 0x80, 0xff, 0x06, 0x0e, 0x96, 0xed, 0x8d,
    0x07, 0x93, 0xed, 0xf1, 0x03, 0x91, 0xeb, 0xff, 0x0e, 0x9b, 0xef, 0xff, 0x17, 0xa5, 0xf1, 0xff,
    0x20, 0xb2, 0xf4, 0xff, 0x29, 0xbd, 0xf6, 0xff, 0x2b, 0xc1, 0xf7, 0xff, 0x2b, 0xc1, 0xf7, 0xff,
    0x2b, 0xc2, 0xf7, 0xff, 0x2b, 0xc2, 0xf7, 0xff, 0x2b, 0xc2, 0xf7, 0xff, 0x2b, 0xc2, 0xf7, 0xff,
    0x2b, 0xc2, 0xf7, 0xff, 0x2b, 0xc2, 0xf7, 0xff, 0x2b, 0xc2, 0xf7, 0xff, 0x2b, 0xc1, 0xf7, 0xff,
    0x2a, 0xbf, 0xf6, 0xff, 0x21, 0xb5, 0xf4, 0xff, 0x17, 0xa9, 0xf2, 0xff, 0x0b, 0x9a, 0xee, 0xff,
    0x01, 0x90, 0xeb, 0xff, 0x00, 0x8f, 0xeb, 0xff, 0x02, 0x91, 0xec, 0xfe, 0x0b, 0x96, 0xed, 0xd3,
    0x10, 0x94, 0xef, 0x4f, 0x00, 0x00, 0x00, 0x00, 0x00, 0x00, 0x00, 0x00, 0x00, 0x00, 0x00, 0x00,
    0x00, 0x00, 0x00, 0x00, 0x00, 0x00, 0x00, 0x00, 0x00, 0x00, 0x00, 0x00, 0x00, 0x00, 0x00, 0x00,
    0x00, 0x00, 0x00, 0x00, 0x00, 0x00, 0x00, 0x00, 0x00, 0x00, 0x00, 0x00, 0x00, 0x00, 0x00, 0x00,
    0x00, 0x00, 0x00, 0x00, 0x00, 0x00, 0x00, 0x00, 0x00, 0x00, 0x00, 0x00, 0x00, 0x00, 0x00, 0x00,
    0x00, 0x00, 0x00, 0x00, 0x00, 0x00, 0x00, 0x00, 0x00, 0x00, 0x00, 0x00, 0x00, 0x00, 0x00, 0x00,
    0x00, 0x00, 0x00, 0x00, 0x00, 0x00, 0x00, 0x00, 0x00, 0x00, 0x00, 0x00, 0x00, 0x00, 0x00, 0x00,
    0x00, 0x00, 0x00, 0x00, 0x00, 0x00, 0x00, 0x00, 0x00, 0x00, 0x00, 0x00, 0x00, 0x00, 0x00, 0x00,
    0x00, 0x00, 0x00, 0x00, 0x00, 0x00, 0x00, 0x00, 0x00, 0x00, 0x00, 0x00, 0x00, 0x00, 0x00, 0x00,
    0x00, 0x00, 0x00, 0x00, 0x00, 0x00, 0x00, 0x00, 0x00, 0x00, 0x00, 0x00, 0x00, 0x00, 0x00, 0x00,
    0x00, 0x00, 0x00, 0x00, 0x00, 0x00, 0x00, 0x00, 0x00, 0x00, 0x00, 0x00, 0x00, 0x00, 0x00, 0x00,
    0x00, 0x00, 0x00, 0x00, 0x0d, 0x98, 0xed, 0x39, 0x0b, 0x96, 0xef, 0xb2, 0x07, 0x94, 0xed, 0xf1,
    0x01, 0x90, 0xeb, 0xff, 0x01, 0x90, 0xeb, 0xff, 0x07, 0x96, 0xed, 0xff, 0x0c, 0x9c, 0xee, 0xff,
    0x11, 0xa1, 0xef, 0xff, 0x14, 0xa3, 0xf0, 0xff, 0x15, 0xa6, 0xf1, 0xff, 0x14, 0xa5, 0xf1, 0xff,
    0x13, 0xa3, 0xf0, 0xff, 0x10, 0xa0, 0xf0, 0xff, 0x0c, 0x9b, 0xee, 0xff, 0x06, 0x95, 0xed, 0xff,
    0x01, 0x90, 0xeb, 0xff, 0x00, 0x8f, 0xeb, 0xff, 0x00, 0x8f, 0xeb, 0xff, 0x02, 0x91, 0xeb, 0xfe,
    0x09, 0x96, 0xed, 0xe1, 0x0e, 0x98, 0xef, 0x90, 0x16, 0xa6, 0xe9, 0x17, 0x00, 0x00, 0x00, 0x00,
    0x00, 0x00, 0x00, 0x00, 0x00, 0x00, 0x00, 0x00, 0x00, 0x00, 0x00, 0x00, 0x00, 0x00, 0x00, 0x00,
    0x00, 0x00, 0x00, 0x00, 0x00, 0x00, 0x00, 0x00, 0x00, 0x00, 0x00, 0x00, 0x00, 0x00, 0x00, 0x00,
    0x00, 0x00, 0x00, 0x00, 0x00, 0x00, 0x00, 0x00, 0x00, 0x00, 0x00, 0x00, 0x00, 0x00, 0x00, 0x00,
    0x00, 0x00, 0x00, 0x00, 0x00, 0x00, 0x00, 0x00, 0x00, 0x00, 0x00, 0x00, 0x00, 0x00, 0x00, 0x00,
    0x00, 0x00, 0x00, 0x00, 0x00, 0x00, 0x00, 0x00, 0x00, 0x00, 0x00, 0x00, 0x00, 0x00, 0x00, 0x00,
    0x00, 0x00, 0x00, 0x00, 0x00, 0x00, 0x00, 0x00, 0x00, 0x00, 0x00, 0x00, 0x00, 0x00, 0x00, 0x00,
    0x00, 0x00, 0x00, 0x00, 0x00, 0x00, 0x00, 0x00, 0x00, 0x00, 0x00, 0x00, 0x00, 0x00, 0x00, 0x00,
    0x00, 0x00, 0x00, 0x00, 0x00, 0x00, 0x00, 0x00, 0x00, 0x00, 0x00, 0x00, 0x00, 0x00, 0x00, 0x00,
    0x00, 0x00, 0x00, 0x00, 0x00, 0x00, 0x00, 0x00, 0x00, 0x00, 0x00, 0x00, 0x00, 0x00, 0x00, 0x00,
    0x00, 0x00, 0x00, 0x00, 0x00, 0x00, 0x00, 0x00, 0x00, 0x00, 0x00, 0x00, 0x00, 0x00, 0x00, 0x00,
    0x00, 0x00, 0x00, 0x00, 0x00, 0x00, 0x00, 0x00, 0x00, 0x00, 0x00, 0x00, 0x00, 0x00, 0x00, 0x00,
    0x0d, 0xa1, 0xf2, 0x13, 0x0f, 0x97, 0xee, 0x67, 0x0c, 0x98, 0xee, 0xa8, 0x0b, 0x96, 0xed, 0xd6,
    0x09, 0x96, 0xed, 0xe9, 0x05, 0x93, 0xed, 0xf4, 0x04, 0x92, 0xed, 0xf9, 0x03, 0x91, 0xec, 0xfd,
    0x04, 0x92, 0xec, 0xfb, 0x05, 0x93, 0xec, 0xfa, 0x06, 0x94, 0xec, 0xf4, 0x09, 0x95, 0xec, 0xe5,
    0x0b, 0x97, 0xee, 0xcc, 0x0e, 0x97, 0xed, 0xa0, 0x10, 0x94, 0xef, 0x4f, 0x00, 0x80, 0xff, 0x04,
    0x00, 0x00, 0x00, 0x00, 0x00, 0x00, 0x00, 0x00, 0x00, 0x00, 0x00, 0x00, 0x00, 0x00, 0x00, 0x00,
    0x00, 0x00, 0x00, 0x00, 0x00, 0x00, 0x00, 0x00, 0x00, 0x00, 0x00, 0x00, 0x00, 0x00, 0x00, 0x00,
    0x00, 0x00, 0x00, 0x00, 0x00, 0x00, 0x00, 0x00, 0x00, 0x00, 0x00, 0x00, 0x00, 0x00, 0x00, 0x00,
    0x00, 0x00, 0x00, 0x00, 0x00, 0x00, 0x00, 0x00, 0x00, 0x00, 0x00, 0x00, 0x00, 0x00, 0x00, 0x00,
    0x00, 0x00, 0x00, 0x00, 0x00, 0x00, 0x00, 0x00, 0x00, 0x00, 0x00, 0x00, 0x00, 0x00, 0x00, 0x00,
    0x00, 0x00, 0x00, 0x00, 0x00, 0x00, 0x00, 0x00, 0x00, 0x00, 0x00, 0x00, 0x00, 0x00, 0x00, 0x00,
    0x00, 0x00, 0x00, 0x00, 0x00, 0x00, 0x00, 0x00, 0x00, 0x00, 0x00, 0x00, 0x00, 0x00, 0x00, 0x00,
    0x00, 0x00, 0x00, 0x00, 0x00, 0x00, 0x00, 0x00, 0x00, 0x00, 0x00, 0x00, 0x00, 0x00, 0x00, 0x00,
    0x00, 0x00, 0x00, 0x00, 0x00, 0x00, 0x00, 0x00, 0x00, 0x00, 0x00, 0x00, 0x00, 0x00, 0x00, 0x00,
    0x00, 0x00, 0x00, 0x00, 0x00, 0x00, 0x00, 0x00, 0x00, 0x00, 0x00, 0x00, 0x00, 0x00, 0x00, 0x00,
    0x00, 0x00, 0x00, 0x00, 0x00, 0x00, 0x00, 0x00, 0x00, 0x00, 0x00, 0x00, 0x00, 0x00, 0x00, 0x00,
    0x00, 0x00, 0x00, 0x00, 0x00, 0x00, 0x00, 0x00, 0x00, 0x00, 0x00, 0x00, 0x00, 0x00, 0x00, 0x00,
    0x00, 0x00, 0x00, 0x00, 0x00, 0x00, 0x00, 0x00, 0x00, 0x00, 0x00, 0x00, 0x00, 0x00, 0x00, 0x00,
    0x00, 0x00, 0x00, 0x00, 0x00, 0x00, 0x00, 0x00, 0x00, 0x00, 0x00, 0x00, 0x00, 0x00, 0x00, 0x00,
    0x00, 0x00, 0x00, 0x00, 0x00, 0x00, 0x00, 0x00, 0x00, 0x00, 0x00, 0x00, 0x00, 0x00, 0x00, 0x00,
    0x00, 0x00, 0x00, 0x00, 0x00, 0x00, 0x00, 0x00, 0x00, 0x00, 0x00, 0x00, 0x00, 0x00, 0x00, 0x00,
    0x00, 0x00, 0x00, 0x00, 0x00, 0x00, 0x00, 0x00, 0x00, 0x00, 0x00, 0x00, 0x00, 0x00, 0x00, 0x00,
    0x00, 0x00, 0x00, 0x00, 0x00, 0x00, 0x00, 0x00, 0x00, 0x00, 0x00, 0x00, 0x00, 0x00, 0x00, 0x00,
    0x00, 0x00, 0x00, 0x00, 0x00, 0x00, 0x00, 0x00, 0x00, 0x00, 0x00, 0x00, 0x00, 0x00, 0x00, 0x00,
    0x00, 0x00, 0x00, 0x00, 0x00, 0x00, 0x00, 0x00, 0x00, 0x00, 0x00, 0x00, 0x00, 0x00, 0x00, 0x00,
    0x00, 0x00, 0x00, 0x00, 0x00, 0x00, 0x00, 0x00, 0x00, 0x00, 0x00, 0x00, 0x00, 0x00, 0x00, 0x00,
    0x00, 0x00, 0x00, 0x00, 0x00, 0x00, 0x00, 0x00, 0x00, 0x00, 0x00, 0x00, 0x00, 0x00, 0x00, 0x00,
    0x00, 0x00, 0x00, 0x00, 0x00, 0x00, 0x00, 0x00, 0x00, 0x00, 0x00, 0x00, 0x00, 0x00, 0x00, 0x00,
    0x00, 0x00, 0x00, 0x00, 0x00, 0x00, 0x00, 0x00, 0x00, 0x00, 0x00, 0x00, 0x00, 0x00, 0x00, 0x00,
    0x00, 0x00, 0x00, 0x00, 0x00, 0x00, 0x00, 0x00, 0x00, 0x00, 0x00, 0x00, 0x00, 0x00, 0x00, 0x00,
    0x00, 0x00, 0x00, 0x00, 0x00, 0x00, 0x00, 0x00, 0x00, 0x00, 0x00, 0x00, 0x00, 0x00, 0x00, 0x00,
    0x00, 0x00, 0x00, 0x00, 0x00, 0x00, 0x00, 0x00, 0x00, 0x00, 0x00, 0x00, 0x00, 0x00, 0x00, 0x00,
    0x00, 0x00, 0x00, 0x00, 0x00, 0x00, 0x00, 0x00, 0x00, 0x00, 0x00, 0x00, 0x00, 0x00, 0x00, 0x00,
    0x00, 0x00, 0x00, 0x00, 0x00, 0x00, 0x00, 0x00, 0x00, 0x00, 0x00, 0x00, 0x00, 0x00, 0x00, 0x00,
    0x00, 0x00, 0x00, 0x00, 0x00, 0x00, 0x00, 0x00, 0x00, 0x00, 0x00, 0x00, 0x00, 0x00, 0x00, 0x00,
    0x00, 0x00, 0x00, 0x00, 0x00, 0x00, 0x00, 0x00, 0x00, 0x00, 0x00, 0x00, 0x00, 0x00, 0x00, 0x00,
    0x00, 0x00, 0x00, 0x00, 0x00, 0x00, 0x00, 0x00, 0x00, 0x00, 0x00, 0x00, 0x00, 0x00, 0x00, 0x00,
    0x00, 0x00, 0x00, 0x00, 0x00, 0x00, 0x00, 0x00, 0x00, 0x00, 0x00, 0x00, 0x00, 0x00, 0x00, 0x00,
    0x00, 0x00, 0x00, 0x00, 0x00, 0x00, 0x00, 0x00, 0x00, 0x00, 0x00, 0x00, 0x00, 0x00, 0x00, 0x00,
    0x00, 0x00, 0x00, 0x00, 0x00, 0x00, 0x00, 0x00, 0x00, 0x00, 0x00, 0x00, 0x00, 0x00, 0x00, 0x00,
    0x00, 0x00, 0x00, 0x00, 0x00, 0x00, 0x00, 0x00, 0x00, 0x00, 0x00, 0x00, 0x00, 0x00, 0x00, 0x00,
    0x00, 0x00, 0x00, 0x00, 0x00, 0x00, 0x00, 0x00, 0x00, 0x00, 0x00, 0x00, 0x00, 0x00, 0x00, 0x00,
    0x00, 0x00, 0x00, 0x00, 0x00, 0x00, 0x00, 0x00, 0x00, 0x00, 0x00, 0x00, 0x00, 0x00, 0x00, 0x00,
    0x00, 0x00, 0x00, 0x00, 0x00, 0x00, 0x00, 0x00, 0x00, 0x00, 0x00, 0x00, 0x00, 0x00, 0x00, 0x00,
    0x00, 0x00, 0x00, 0x00, 0x00, 0x00, 0x00, 0x00, 0x00, 0x00, 0x00, 0x00, 0x00, 0x00, 0x00, 0x00,
    0x00, 0x00, 0x00, 0x00, 0x00, 0x00, 0x00, 0x00, 0x00, 0x00, 0x00, 0x00, 0x00, 0x00, 0x00, 0x00,
    0x00, 0x00, 0x00, 0x00, 0x00, 0x00, 0x00, 0x00, 0x00, 0x00, 0x00, 0x00, 0x00, 0x00, 0x00, 0x00,
    0x00, 0x00, 0x00, 0x00, 0x00, 0x00, 0x00, 0x00, 0x00, 0x00, 0x00, 0x00, 0x00, 0x00, 0x00, 0x00,
    0x00, 0x00, 0x00, 0x00, 0x00, 0x00, 0x00, 0x00, 0x00, 0x00, 0x00, 0x00, 0x00, 0x00, 0x00, 0x00,
    0x00, 0x00, 0x00, 0x00, 0x00, 0x00, 0x00, 0x00, 0x00, 0x00, 0x00, 0x00, 0x00, 0x00, 0x00, 0x00,
    0x00, 0x00, 0x00, 0x00, 0x00, 0x00, 0x00, 0x00, 0x00, 0x00, 0x00, 0x00, 0x00, 0x00, 0x00, 0x00,
    0x00, 0x00, 0x00, 0x00, 0x00, 0x00, 0x00, 0x00, 0x00, 0x00, 0x00, 0x00, 0x00, 0x00, 0x00, 0x00,
    0x00, 0x00, 0x00, 0x00, 0x00, 0x00, 0x00, 0x00, 0x00, 0x00, 0x00, 0x00, 0x00, 0x00, 0x00, 0x00,
    0x00, 0x00, 0x00, 0x00, 0x00, 0x00, 0x00, 0x00, 0x00, 0x00, 0x00, 0x00, 0x00, 0x00, 0x00, 0x00,
    0x00, 0x00, 0x00, 0x00, 0x00, 0x00, 0x00, 0x00, 0x00, 0x00, 0x00, 0x00, 0x00, 0x00, 0x00, 0x00,
    0x00, 0x00, 0x00, 0x00, 0x00, 0x00, 0x00, 0x00, 0x00, 0x00, 0x00, 0x00, 0x00, 0x00, 0x00, 0x00,
    0x00, 0x00, 0x00, 0x00, 0x00, 0x00, 0x00, 0x00, 0x00, 0x00, 0x00, 0x00, 0x00, 0x00, 0x00, 0x00,
    0x00, 0x00, 0x00, 0x00, 0x00, 0x00, 0x00, 0x00, 0x00, 0x00, 0x00, 0x00, 0x00, 0x00, 0x00, 0x00,
    0x00, 0x00, 0x00, 0x00, 0x00, 0x00, 0x00, 0x00, 0x00, 0x00, 0x00, 0x00, 0x00, 0x00, 0x00, 0x00,
    0x00, 0x00, 0x00, 0x00, 0x00, 0x00, 0x00, 0x00, 0x00, 0x00, 0x00, 0x00, 0x00, 0x00, 0x00, 0x00,
    0x00, 0x00, 0x00, 0x00, 0x00, 0x00, 0x00, 0x00, 0x00, 0x00, 0x00, 0x00, 0x00, 0x00, 0x00, 0x00,
    0x00, 0x00, 0x00, 0x00, 0x00, 0x00, 0x00, 0x00, 0x00, 0x00, 0x00, 0x00, 0x00, 0x00, 0x00, 0x00,
    0x00, 0x00, 0x00, 0x00, 0x00, 0x00, 0x00, 0x00, 0x00, 0x00, 0x00, 0x00, 0x00, 0x00, 0x00, 0x00,
    0x00, 0x00, 0x00, 0x00, 0x00, 0x00, 0x00, 0x00, 0x00, 0x00, 0x00, 0x00, 0x00, 0x00, 0x00, 0x00,
    0x00, 0x00, 0x00, 0x00, 0x00, 0x00, 0x00, 0x00, 0x00, 0x00, 0x00, 0x00, 0x00, 0x00, 0x00, 0x00,
    0x00, 0x00, 0x00, 0x00, 0x00, 0x00, 0x00, 0x00, 0x00, 0x00, 0x00, 0x00, 0x00, 0x00, 0x00, 0x00,
    0x00, 0x00, 0x00, 0x00, 0x00, 0x00, 0x00, 0x00, 0x00, 0x00, 0x00, 0x00, 0x00, 0x00, 0x00, 0x00,
    0x00, 0x00, 0x00, 0x00, 0x00, 0x00, 0x00, 0x00, 0x00, 0x00, 0x00, 0x00, 0x00, 0x00, 0x00, 0x00,
    0x00, 0x00, 0x00, 0x00, 0x00, 0x00, 0x00, 0x00, 0x00, 0x00, 0x00, 0x00, 0x00, 0x00, 0x00, 0x00,
    0x00, 0x00, 0x00, 0x00, 0x00, 0x00, 0x00, 0x00, 0x00, 0x00, 0x00, 0x00, 0x00, 0x00, 0x00, 0x00,
    0x00, 0x00, 0x00, 0x00, 0x00, 0x00, 0x00, 0x00, 0x00, 0x00, 0x00, 0x00, 0x00, 0x00, 0x00, 0x00,
    0x00, 0x00, 0x00, 0x00, 0x00, 0x00, 0x00, 0x00, 0x00, 0x00, 0x00, 0x00, 0x00, 0x00, 0x00, 0x00,
    0x00, 0x00, 0x00, 0x00, 0x00, 0x00, 0x00, 0x00, 0x00, 0x00, 0x00, 0x00, 0x00, 0x00, 0x00, 0x00,
    0x00, 0x00, 0x00, 0x00, 0x00, 0x00, 0x00, 0x00, 0x00, 0x00, 0x00, 0x00, 0x00, 0x00, 0x00, 0x00,
    0x00, 0x00, 0x00, 0x00, 0x00, 0x00, 0x00, 0x00, 0x00, 0x00, 0x00, 0x00, 0x00, 0x00, 0x00, 0x00,
    0x00, 0x00, 0x00, 0x00, 0x00, 0x00, 0x00, 0x00, 0x00, 0x00, 0x00, 0x00, 0x00, 0x00, 0x00, 0x00,
    0x00, 0x00, 0x00, 0x00, 0x00, 0x00, 0x00, 0x00, 0x00, 0x00, 0x00, 0x00, 0x00, 0x00, 0x00, 0x00,
    0x00, 0x00, 0x00, 0x00, 0x00, 0x00, 0x00, 0x00, 0x00, 0x00, 0x00, 0x00, 0x00, 0x00, 0x00, 0x00,
    0x00, 0x00, 0x00, 0x00, 0x00, 0x00, 0x00, 0x00, 0x00, 0x00, 0x00, 0x00, 0x00, 0x00, 0x00, 0x00,
    0x00, 0x00, 0x00, 0x00, 0x00, 0x00, 0x00, 0x00, 0x00, 0x00, 0x00, 0x00, 0x00, 0x00, 0x00, 0x00,
    0x00, 0x00, 0x00, 0x00, 0x00, 0x00, 0x00, 0x00, 0x00, 0x00, 0x00, 0x00, 0x00, 0x00, 0x00, 0x00,
    0x00, 0x00, 0x00, 0x00, 0x00, 0x00, 0x00, 0x00, 0x00, 0x00, 0x00, 0x00, 0x00, 0x00, 0x00, 0x00,
    0x00, 0x00, 0x00, 0x00, 0x00, 0x00, 0x00, 0x00, 0x00, 0x00, 0x00, 0x00, 0x00, 0x00, 0x00, 0x00,
    0x00, 0x00, 0x00, 0x00, 0x00, 0x00, 0x00, 0x00, 0x00, 0x00, 0x00, 0x00, 0x00, 0x00, 0x00, 0x00,
    0x00, 0x00, 0x00, 0x00, 0x00, 0x00, 0x00, 0x00, 0x00, 0x00, 0x00, 0x00, 0x00, 0x00, 0x00, 0x00,
    0x00, 0x00, 0x00, 0x00, 0x00, 0x00, 0x00, 0x00, 0x00, 0x00, 0x00, 0x00, 0x00, 0x00, 0x00, 0x00,
    0x00, 0x00, 0x00, 0x00, 0x00, 0x00, 0x00, 0x00, 0x00, 0x00, 0x00, 0x00, 0x00, 0x00, 0x00, 0x00,
    0x00, 0x00, 0x00, 0x00, 0x00, 0x00, 0x00, 0x00, 0x00, 0x00, 0x00, 0x00, 0x00, 0x00, 0x00, 0x00,
    0x00, 0x00, 0x00, 0x00, 0x00, 0x00, 0x00, 0x00, 0x00, 0x00, 0x00, 0x00, 0x00, 0x00, 0x00, 0x00,
    0x00, 0x00, 0x00, 0x00, 0x00, 0x00, 0x00, 0x00, 0x00, 0x00, 0x00, 0x00, 0x00, 0x00, 0x00, 0x00,
    0x00, 0x00, 0x00, 0x00, 0x00, 0x00, 0x00, 0x00, 0x00, 0x00, 0x00, 0x00, 0x00, 0x00, 0x00, 0x00,
    0x00, 0x00, 0x00, 0x00, 0x00, 0x00, 0x00, 0x00, 0x00, 0x00, 0x00, 0x00, 0x00, 0x00, 0x00, 0x00,
    0x00, 0x00, 0x00, 0x00, 0x00, 0x00, 0x00, 0x00, 0x00, 0x00, 0x00, 0x00, 0x00, 0x00, 0x00, 0x00,
    0x00, 0x00, 0x00, 0x00, 0x00, 0x00, 0x00, 0x00, 0x00, 0x00, 0x00, 0x00, 0x00, 0x00, 0x00, 0x00,
    0x00, 0x00, 0x00, 0x00, 0x00, 0x00, 0x00, 0x00, 0x00, 0x00, 0x00, 0x00, 0x00, 0x00, 0x00, 0x00,
    0x00, 0x00, 0x00, 0x00, 0x00, 0x00, 0x00, 0x00, 0x00, 0x00, 0x00, 0x00, 0x00, 0x00, 0x00, 0x00,
    0x00, 0x00, 0x00, 0x00, 0x00, 0x00, 0x00, 0x00, 0x00, 0x00, 0x00, 0x00, 0x00, 0x00, 0x00, 0x00,
    0x00, 0x00, 0x00, 0x00, 0x00, 0x00, 0x00, 0x00, 0x00, 0x00, 0x00, 0x00, 0x00, 0x00, 0x00, 0x00,
    0x00, 0x00, 0x00, 0x00, 0x00, 0x00, 0x00, 0x00, 0x00, 0x00, 0x00, 0x00, 0x00, 0x00, 0x00, 0x00,
    0x00, 0x00, 0x00, 0x00, 0x00, 0x00, 0x00, 0x00, 0x00, 0x00, 0x00, 0x00, 0x00, 0x00, 0x00, 0x00,
    0x00, 0x00, 0x00, 0x00, 0x00, 0x00, 0x00, 0x00, 0x00, 0x00, 0x00, 0x00, 0x00, 0x00, 0x00, 0x00,
    0x00, 0x00, 0x00, 0x00, 0x00, 0x00, 0x00, 0x00, 0x00, 0x00, 0x00, 0x00, 0x00, 0x00, 0x00, 0x00,
    0x00, 0x00, 0x00, 0x00, 0x00, 0x00, 0x00, 0x00, 0x00, 0x00, 0x00, 0x00, 0x00, 0x00, 0x00, 0x00,
    0x00, 0x00, 0x00, 0x00, 0x00, 0x00, 0x00, 0x00, 0x00, 0x00, 0x00, 0x00, 0x00, 0x00, 0x00, 0x00,
    0x00, 0x00, 0x00, 0x00, 0x00, 0x00, 0x00, 0x00, 0x00, 0x00, 0x00, 0x00, 0x00, 0x00, 0x00, 0x00,
    0x00, 0x00, 0x00, 0x00, 0x00, 0x00, 0x00, 0x00, 0x00, 0x00, 0x00, 0x00, 0x00, 0x00, 0x00, 0x00,
    0x00, 0x00, 0x00, 0x00, 0x00, 0x00, 0x00, 0x00, 0x00, 0x00, 0x00, 0x00, 0x00, 0x00, 0x00, 0x00,
    0x00, 0x00, 0x00, 0x00, 0x00, 0x00, 0x00, 0x00, 0x00, 0x00, 0x00, 0x00, 0x00, 0x00, 0x00, 0x00,
    0x00, 0x00, 0x00, 0x00, 0x00, 0x00, 0x00, 0x00, 0x00, 0x00, 0x00, 0x00, 0x00, 0x00, 0x00, 0x00,
    0x00, 0x00, 0x00, 0x00, 0x00, 0x00, 0x00, 0x00, 0x00, 0x00, 0x00, 0x00, 0x00, 0x00, 0x00, 0x00,
    0x00, 0x00, 0x00, 0x00, 0x00, 0x00, 0x00, 0x00, 0x00, 0x00, 0x00, 0x00, 0x00, 0x00, 0x00, 0x00,
    0x00, 0x00, 0x00, 0x00, 0x00, 0x00, 0x00, 0x00, 0x00, 0x00, 0x00, 0x00, 0x00, 0x00, 0x00, 0x00,
    0x00, 0x00, 0x00, 0x00, 0x00, 0x00, 0x00, 0x00, 0x00, 0x00, 0x00, 0x00, 0x00, 0x00, 0x00, 0x00,
    0x00, 0x00, 0x00, 0x00, 0x00, 0x00, 0x00, 0x00, 0x00, 0x00, 0x00, 0x00, 0x00, 0x00, 0x00, 0x00,
    0x00, 0x00, 0x00, 0x00, 0x00, 0x00, 0x00, 0x00, 0x00, 0x00, 0x00, 0x00, 0x00, 0x00, 0x00, 0x00,
    0x00, 0x00, 0x00, 0x00, 0x00, 0x00, 0x00, 0x00, 0x00, 0x00, 0x00, 0x00, 0x00, 0x00, 0x00, 0x00,
    0x00, 0x00, 0x00, 0x00, 0x00, 0x00, 0x00, 0x00, 0x00, 0x00, 0x00, 0x00, 0x00, 0x00, 0x00, 0x00,
    0x00, 0x00, 0x00, 0x00, 0x00, 0x00, 0x00, 0x00, 0x00, 0x00, 0x00, 0x00, 0x00, 0x00, 0x00, 0x00,
    0x00, 0x00, 0x00, 0x00, 0x00, 0x00, 0x00, 0x00, 0x00, 0x00, 0x00, 0x00, 0x00, 0x00, 0x00, 0x00,
    0x00, 0x00, 0x00, 0x00, 0x00, 0x00, 0x00, 0x00, 0x00, 0x00, 0x00, 0x00, 0x00, 0x00, 0x00, 0x00,
    0x00, 0x00, 0x00, 0x00, 0x00, 0x00, 0x00, 0x00, 0x00, 0x00, 0x00, 0x00, 0x00, 0x00, 0x00, 0x00,
    0x00, 0x00, 0x00, 0x00, 0x00, 0x00, 0x00, 0x00, 0x00, 0x00, 0x00, 0x00, 0x00, 0x00, 0x00, 0x00,
    0x00, 0x00, 0x00, 0x00, 0x00, 0x00, 0x00, 0x00, 0x00, 0x00, 0x00, 0x00, 0x00, 0x00, 0x00, 0x00,
};

/* U+1F642; source SHA256: d3fc4ef51b363f725a4293a23c20242c203e38a0552f7d92ff5ed9e48f7cdc05 */
_Alignas(LV_DRAW_BUF_ALIGN) static const uint8_t happy_pixels[] = {
    0x00, 0x00, 0x00, 0x00, 0x00, 0x00, 0x00, 0x00, 0x00, 0x00, 0x00, 0x00, 0x00, 0x00, 0x00, 0x00,
    0x00, 0x00, 0x00, 0x00, 0x00, 0x00, 0x00, 0x00, 0x00, 0x00, 0x00, 0x00, 0x00, 0x00, 0x00, 0x00,
    0x00, 0x00, 0x00, 0x00, 0x00, 0x00, 0x00, 0x00, 0x00, 0x00, 0x00, 0x00, 0x00, 0x00, 0x00, 0x00,
    0x00, 0x00, 0x00, 0x00, 0x00, 0x00, 0x00, 0x00, 0x00, 0x00, 0x00, 0x00, 0x00, 0x00, 0x00, 0x00,
    0x00, 0x00, 0x00, 0x00, 0x00, 0x00, 0x00, 0x00, 0x00, 0x00, 0x00, 0x00, 0x00, 0x00, 0x00, 0x00,
    0x00, 0x00, 0x00, 0x00, 0x00, 0x00, 0x00, 0x00, 0x00, 0x00, 0x00, 0x00, 0x00, 0x00, 0x00, 0x00,
    0x00, 0x00, 0x00, 0x00, 0x00, 0x00, 0x00, 0x00, 0x00, 0x00, 0x00, 0x00, 0x00, 0x00, 0x00, 0x00,
    0x00, 0x00, 0x00, 0x00, 0x00, 0x00, 0x00, 0x00, 0x00, 0x00, 0x00, 0x00, 0x00, 0x00, 0x00, 0x00,
    0x00, 0x00, 0x00, 0x00, 0x00, 0x00, 0x00, 0x00, 0x00, 0x00, 0x00, 0x00, 0x00, 0x00, 0x00, 0x00,
    0x00, 0x00, 0x00, 0x00, 0x00, 0x00, 0x00, 0x00, 0x00, 0x00, 0x00, 0x00, 0x00, 0x00, 0x00, 0x00,
    0x00, 0x00, 0x00, 0x00, 0x00, 0x00, 0x00, 0x00, 0x00, 0x00, 0x00, 0x00, 0x00, 0x00, 0x00, 0x00,
    0x00, 0x00, 0x00, 0x00, 0x00, 0x00, 0x00, 0x00, 0x00, 0x00, 0x00, 0x00, 0x00, 0x00, 0x00, 0x00,
    0x00, 0x00, 0x00, 0x00, 0x00, 0x00, 0x00, 0x00, 0x00, 0x00, 0x00, 0x00, 0x00, 0x00, 0x00, 0x00,
    0x00, 0x00, 0x00, 0x00, 0x00, 0x00, 0x00, 0x00, 0x00, 0x00, 0x00, 0x00, 0x00, 0x00, 0x00, 0x00,
    0x00, 0x00, 0x00, 0x00, 0x00, 0x00, 0x00, 0x00, 0x00, 0x00, 0x00, 0x00, 0x00, 0x00, 0x00, 0x00,
    0x00, 0x00, 0x00, 0x00, 0x00, 0x00, 0x00, 0x00, 0x00, 0x00, 0x00, 0x00, 0x00, 0x00, 0x00, 0x00,
    0x00, 0x00, 0x00, 0x00, 0x00, 0x00, 0x00, 0x00, 0x00, 0x00, 0x00, 0x00, 0x00, 0x00, 0x00, 0x00,
    0x00, 0x00, 0x00, 0x00, 0x00, 0x00, 0x00, 0x00, 0x00, 0x00, 0x00, 0x00, 0x00, 0x00, 0x00, 0x00,
    0x00, 0x00, 0x00, 0x00, 0x00, 0x00, 0x00, 0x00, 0x00, 0x00, 0x00, 0x00, 0x00, 0x00, 0x00, 0x00,
    0x00, 0x00, 0x00, 0x00, 0x00, 0x00, 0x00, 0x00, 0x00, 0x00, 0x00, 0x00, 0x00, 0x00, 0x00, 0x00,
    0x00, 0x00, 0x00, 0x00, 0x00, 0x00, 0x00, 0x00, 0x00, 0x00, 0x00, 0x00, 0x00, 0x00, 0x00, 0x00,
    0x00, 0x00, 0x00, 0x00, 0x00, 0x00, 0x00, 0x00, 0x00, 0x00, 0x00, 0x00, 0x00, 0x00, 0x00, 0x00,
    0x00, 0x00, 0x00, 0x00, 0x00, 0x00, 0x00, 0x00, 0x00, 0x00, 0x00, 0x00, 0x00, 0x00, 0x00, 0x00,
    0x00, 0x00, 0x00, 0x00, 0x00, 0x00, 0x00, 0x00, 0x00, 0x00, 0x00, 0x00, 0x00, 0x00, 0x00, 0x00,
    0x00, 0x00, 0x00, 0x00, 0x00, 0x00, 0x00, 0x00, 0x00, 0x00, 0x00, 0x00, 0x00, 0x00, 0x00, 0x00,
    0x00, 0x00, 0x00, 0x00, 0x00, 0x00, 0x00, 0x00, 0x00, 0x00, 0x00, 0x00, 0x00, 0x00, 0x00, 0x00,
    0x00, 0x00, 0x00, 0x00, 0x00, 0x00, 0x00, 0x00, 0x00, 0x00, 0x00, 0x00, 0x00, 0x00, 0x00, 0x00,
    0x00, 0x00, 0x00, 0x00, 0x00, 0x00, 0x00, 0x00, 0x00, 0x00, 0x00, 0x00, 0x00, 0x00, 0x00, 0x00,
    0x00, 0x00, 0x00, 0x00, 0x00, 0x00, 0x00, 0x00, 0x00, 0x00, 0x00, 0x00, 0x00, 0x00, 0x00, 0x00,
    0x00, 0x00, 0x00, 0x00, 0x00, 0x00, 0x00, 0x00, 0x00, 0x00, 0x00, 0x00, 0x00, 0x00, 0x00, 0x00,
    0x00, 0x00, 0x00, 0x00, 0x00, 0x00, 0x00, 0x00, 0x00, 0x00, 0x00, 0x00, 0x00, 0x00, 0x00, 0x00,
    0x00, 0x00, 0x00, 0x00, 0x00, 0x00, 0x00, 0x00, 0x00, 0x00, 0x00, 0x00, 0x00, 0x00, 0x00, 0x00,
    0x00, 0x00, 0x00, 0x00, 0x00, 0x00, 0x00, 0x00, 0x00, 0x00, 0x00, 0x00, 0x00, 0x00, 0x00, 0x00,
    0x00, 0x00, 0x00, 0x00, 0x00, 0x00, 0x00, 0x00, 0x00, 0x00, 0x00, 0x00, 0x00, 0x00, 0x00, 0x00,
    0x00, 0x00, 0x00, 0x00, 0x00, 0x00, 0x00, 0x00, 0x00, 0x00, 0x00, 0x00, 0x00, 0x00, 0x00, 0x00,
    0x00, 0x00, 0x00, 0x00, 0x00, 0x00, 0x00, 0x00, 0x00, 0x00, 0x00, 0x00, 0x00, 0x00, 0x00, 0x00,
    0x00, 0x00, 0x00, 0x00, 0x00, 0x00, 0x00, 0x00, 0x00, 0x00, 0x00, 0x00, 0x00, 0x00, 0x00, 0x00,
    0x00, 0x00, 0x00, 0x00, 0x00, 0x00, 0x00, 0x00, 0x00, 0x00, 0x00, 0x00, 0x00, 0x00, 0x00, 0x00,
    0x00, 0x00, 0x00, 0x00, 0x00, 0x00, 0x00, 0x00, 0x00, 0x00, 0x00, 0x00, 0x00, 0x00, 0x00, 0x00,
    0x00, 0x00, 0x00, 0x00, 0x00, 0x00, 0x00, 0x00, 0x00, 0x00, 0x00, 0x00, 0x00, 0x00, 0x00, 0x00,
    0x00, 0x00, 0x00, 0x00, 0x00, 0x00, 0x00, 0x00, 0x00, 0x00, 0x00, 0x00, 0x00, 0x00, 0x00, 0x00,
    0x00, 0x00, 0x00, 0x00, 0x00, 0x00, 0x00, 0x00, 0x00, 0x00, 0x00, 0x00, 0x00, 0x00, 0x00, 0x00,
    0x00, 0x00, 0x00, 0x00, 0x00, 0x00, 0x00, 0x00, 0x00, 0x00, 0x00, 0x00, 0x00, 0x00, 0x00, 0x00,
    0x00, 0x00, 0x00, 0x00, 0x00, 0x00, 0x00, 0x00, 0x00, 0x00, 0x00, 0x00, 0x00, 0x00, 0x00, 0x00,
    0x00, 0x00, 0x00, 0x00, 0x00, 0x00, 0x00, 0x00, 0x00, 0x00, 0x00, 0x00, 0x00, 0x00, 0x00, 0x00,
    0x00, 0x00, 0x00, 0x00, 0x00, 0x00, 0x00, 0x00, 0x00, 0x00, 0x00, 0x00, 0x00, 0x00, 0x00, 0x00,
    0x00, 0x00, 0x00, 0x00, 0x00, 0x00, 0x00, 0x00, 0x00, 0x00, 0x00, 0x00, 0x00, 0x00, 0x00, 0x00,
    0x00, 0x00, 0x00, 0x00, 0x00, 0x00, 0x00, 0x00, 0x00, 0x00, 0x00, 0x00, 0x00, 0x00, 0x00, 0x00,
    0x00, 0x00, 0x00, 0x00, 0x00, 0x00, 0x00, 0x00, 0x00, 0x00, 0x00, 0x00, 0x00, 0x00, 0x00, 0x00,
    0x00, 0x00, 0x00, 0x00, 0x00, 0x00, 0x00, 0x00, 0x00, 0x00, 0x00, 0x00, 0x00, 0x00, 0x00, 0x00,
    0x00, 0x00, 0x00, 0x00, 0x00, 0x00, 0x00, 0x00, 0x00, 0x00, 0x00, 0x00, 0x00, 0x00, 0x00, 0x00,
    0x00, 0x00, 0x00, 0x00, 0x00, 0x00, 0x00, 0x00, 0x00, 0x00, 0x00, 0x00, 0x00, 0x00, 0x00, 0x00,
    0x00, 0x00, 0x00, 0x00, 0x00, 0x00, 0x00, 0x00, 0x00, 0x00, 0x00, 0x00, 0x00, 0x00, 0x00, 0x00,
    0x00, 0x00, 0x00, 0x00, 0x00, 0x00, 0x00, 0x00, 0x00, 0x00, 0x00, 0x00, 0x00, 0x00, 0x00, 0x00,
    0x00, 0x00, 0x00, 0x00, 0x00, 0x00, 0x00, 0x00, 0x00, 0x00, 0x00, 0x00, 0x00, 0x00, 0x00, 0x00,
    0x00, 0x00, 0x00, 0x00, 0x00, 0x00, 0x00, 0x00, 0x00, 0x00, 0x00, 0x00, 0x00, 0x00, 0x00, 0x00,
    0x00, 0x00, 0x00, 0x00, 0x00, 0x00, 0x00, 0x00, 0x00, 0x00, 0x00, 0x00, 0x00, 0x00, 0x00, 0x00,
    0x00, 0x00, 0x00, 0x00, 0x00, 0x00, 0x00, 0x00, 0x00, 0x00, 0x00, 0x00, 0x00, 0x00, 0x00, 0x00,
    0x00, 0x00, 0x00, 0x00, 0x00, 0x00, 0x00, 0x00, 0x00, 0x00, 0x00, 0x00, 0x00, 0x00, 0x00, 0x00,
    0x00, 0x00, 0x00, 0x00, 0x00, 0x00, 0x00, 0x00, 0x00, 0x00, 0x00, 0x00, 0x00, 0x00, 0x00, 0x00,
    0x00, 0x00, 0x00, 0x00, 0x00, 0x00, 0x00, 0x00, 0x00, 0x00, 0x00, 0x00, 0x00, 0x00, 0x00, 0x00,
    0x00, 0x00, 0x00, 0x00, 0x00, 0x00, 0x00, 0x00, 0x00, 0x00, 0x00, 0x00, 0x00, 0x00, 0x00, 0x00,
    0x00, 0x00, 0x00, 0x00, 0x00, 0x00, 0x00, 0x00, 0x00, 0x00, 0x00, 0x00, 0x00, 0x00, 0x00, 0x00,
    0x00, 0x00, 0x00, 0x00, 0x00, 0x00, 0x00, 0x00, 0x00, 0x00, 0x00, 0x00, 0x00, 0x00, 0x00, 0x00,
    0x00, 0x00, 0x00, 0x00, 0x00, 0x00, 0x00, 0x00, 0x00, 0x00, 0x00, 0x00, 0x00, 0x00, 0x00, 0x00,
    0x00, 0x00, 0x00, 0x00, 0x00, 0x00, 0x00, 0x00, 0x00, 0x00, 0x00, 0x00, 0x00, 0x00, 0x00, 0x00,
    0x00, 0x00, 0x00, 0x00, 0x00, 0x00, 0x00, 0x00, 0x00, 0x00, 0x00, 0x00, 0x00, 0x00, 0x00, 0x00,
    0x00, 0x00, 0x00, 0x00, 0x00, 0x00, 0x00, 0x00, 0x00, 0x00, 0x00, 0x00, 0x00, 0x00, 0x00, 0x00,
    0x00, 0x00, 0x00, 0x00, 0x00, 0x00, 0x00, 0x00, 0x00, 0x00, 0x00, 0x00, 0x00, 0x00, 0x00, 0x00,
    0x00, 0x00, 0x00, 0x00, 0x00, 0x00, 0x00, 0x00, 0x00, 0x00, 0x00, 0x00, 0x00, 0x00, 0x00, 0x00,
    0x00, 0x00, 0x00, 0x00, 0x40, 0xbf, 0xff, 0x04, 0x23, 0xa2, 0xf3, 0x2c, 0x24, 0xa7, 0xf4, 0x5d,
    0x26, 0xa9, 0xf4, 0x79, 0x25, 0xa9, 0xf6, 0x89, 0x24, 0xab, 0xf5, 0x9a, 0x26, 0xad, 0xf5, 0xaa,
    0x26, 0xad, 0xf5, 0xaa, 0x25, 0xab, 0xf5, 0x9d, 0x24, 0xaa, 0xf5, 0x93, 0x25, 0xa8, 0xf4, 0x75,
    0x24, 0xa6, 0xf3, 0x56, 0x21, 0xa3, 0xf4, 0x2f, 0x40, 0xbf, 0xff, 0x04, 0x00, 0x00, 0x00, 0x00,
    0x00, 0x00, 0x00, 0x00, 0x00, 0x00, 0x00, 0x00, 0x00, 0x00, 0x00, 0x00, 0x00, 0x00, 0x00, 0x00,
    0x00, 0x00, 0x00, 0x00, 0x00, 0x00, 0x00, 0x00, 0x00, 0x00, 0x00, 0x00, 0x00, 0x00, 0x00, 0x00,
    0x00, 0x00, 0x00, 0x00, 0x00, 0x00, 0x00, 0x00, 0x00, 0x00, 0x00, 0x00, 0x00, 0x00, 0x00, 0x00,
    0x00, 0x00, 0x00, 0x00, 0x00, 0x00, 0x00, 0x00, 0x00, 0x00, 0x00, 0x00, 0x00, 0x00, 0x00, 0x00,
    0x00, 0x00, 0x00, 0x00, 0x00, 0x00, 0x00, 0x00, 0x00, 0x00, 0x00, 0x00, 0x00, 0x00, 0x00, 0x00,
    0x00, 0x00, 0x00, 0x00, 0x00, 0x00, 0x00, 0x00, 0x00, 0x00, 0x00, 0x00, 0x00, 0x00, 0x00, 0x00,
    0x00, 0x00, 0x00, 0x00, 0x00, 0x00, 0x00, 0x00, 0x00, 0x00, 0x00, 0x00, 0x00, 0x00, 0x00, 0x00,
    0x00, 0x00, 0x00, 0x00, 0x00, 0x00, 0x00, 0x00, 0x00, 0x00, 0x00, 0x00, 0x00, 0x00, 0x00, 0x00,
    0x00, 0x00, 0x00, 0x00, 0x00, 0x00, 0x00, 0x00, 0x00, 0x00, 0x00, 0x00, 0x00, 0x00, 0x00, 0x00,
    0x00, 0x00, 0x00, 0x00, 0x00, 0x00, 0x00, 0x00, 0x00, 0x00, 0x00, 0x00, 0x00, 0x00, 0x00, 0x00,
    0x00, 0x00, 0x00, 0x00, 0x00, 0x00, 0x00, 0x00, 0x00, 0x00, 0x00, 0x00, 0x00, 0x00, 0x00, 0x00,
    0x00, 0x00, 0x00, 0x00, 0x00, 0x00, 0x00, 0x00, 0x22, 0xa4, 0xf5, 0x35, 0x23, 0xa8, 0xf4, 0x89,
    0x25, 0xaa, 0xf5, 0xca, 0x26, 0xb0, 0xf5, 0xf7, 0x27, 0xb2, 0xf6, 0xff, 0x28, 0xb4, 0xf6, 0xff,
    0x28, 0xb7, 0xf6, 0xff, 0x29, 0xb8, 0xf6, 0xff, 0x29, 0xb9, 0xf6, 0xff, 0x29, 0xba, 0xf6, 0xff,
    0x29, 0xba, 0xf6, 0xff, 0x29, 0xb9, 0xf6, 0xff, 0x29, 0xb8, 0xf6, 0xff, 0x28, 0xb6, 0xf6, 0xff,
    0x28, 0xb4, 0xf6, 0xff, 0x27, 0xb1, 0xf5, 0xff, 0x26, 0xad, 0xf5, 0xf4, 0x25, 0xaa, 0xf4, 0xc2,
    0x24, 0xa4, 0xf4, 0x79, 0x24, 0xa0, 0xf3, 0x2b, 0x00, 0x00, 0x00, 0x00, 0x00, 0x00, 0x00, 0x00,
    0x00, 0x00, 0x00, 0x00, 0x00, 0x00, 0x00, 0x00, 0x00, 0x00, 0x00, 0x00, 0x00, 0x00, 0x00, 0x00,
    0x00, 0x00, 0x00, 0x00, 0x00, 0x00, 0x00, 0x00, 0x00, 0x00, 0x00, 0x00, 0x00, 0x00, 0x00, 0x00,
    0x00, 0x00, 0x00, 0x00, 0x00, 0x00, 0x00, 0x00, 0x00, 0x00, 0x00, 0x00, 0x00, 0x00, 0x00, 0x00,
    0x00, 0x00, 0x00, 0x00, 0x00, 0x00, 0x00, 0x00, 0x00, 0x00, 0x00, 0x00, 0x00, 0x00, 0x00, 0x00,
    0x00, 0x00, 0x00, 0x00, 0x00, 0x00, 0x00, 0x00, 0x00, 0x00, 0x00, 0x00, 0x00, 0x00, 0x00, 0x00,
    0x00, 0x00, 0x00, 0x00, 0x00, 0x00, 0x00, 0x00, 0x00, 0x00, 0x00, 0x00, 0x00, 0x00, 0x00, 0x00,
    0x00, 0x00, 0x00, 0x00, 0x00, 0x00, 0x00, 0x00, 0x00, 0x00, 0x00, 0x00, 0x00, 0x00, 0x00, 0x00,
    0x00, 0x00, 0x00, 0x00, 0x00, 0x00, 0x00, 0x00, 0x00, 0x00, 0x00, 0x00, 0x00, 0x00, 0x00, 0x00,
    0x00, 0x00, 0x00, 0x00, 0x00, 0x00, 0x00, 0x00, 0x00, 0x00, 0x00, 0x00, 0x00, 0x00, 0x00, 0x00,
    0x00, 0x00, 0x00, 0x00, 0x00, 0x00, 0x00, 0x00, 0x00, 0x00, 0x00, 0x00, 0x27, 0xa2, 0xf7, 0x21,
    0x25, 0xa3, 0xf4, 0x8b, 0x25, 0xaa, 0xf5, 0xdf, 0x27, 0xaf, 0xf5, 0xff, 0x28, 0xb4, 0xf6, 0xff,
    0x29, 0xb8, 0xf6, 0xff, 0x2a, 0xbc, 0xf7, 0xff, 0x2b, 0xbf, 0xf7, 0xff, 0x2b, 0xc0, 0xf7, 0xff,
    0x2b, 0xc1, 0xf7, 0xff, 0x2b, 0xc1, 0xf7, 0xff, 0x2b, 0xc1, 0xf7, 0xff, 0x2b, 0xc2, 0xf7, 0xff,
    0x2b, 0xc2, 0xf7, 0xff, 0x2b, 0xc1, 0xf7, 0xff, 0x2b, 0xc1, 0xf7, 0xff, 0x2b, 0xc1, 0xf7, 0xff,
    0x2b, 0xc0, 0xf7, 0xff, 0x2b, 0xbe, 0xf7, 0xff, 0x2a, 0xbb, 0xf6, 0xff, 0x29, 0xb7, 0xf6, 0xff,
    0x27, 0xb2, 0xf6, 0xff, 0x26, 0xad, 0xf5, 0xff, 0x25, 0xa8, 0xf5, 0xd4, 0x23, 0xa3, 0xf3, 0x6c,
    0x22, 0xaa, 0xee, 0x0f, 0x00, 0x00, 0x00, 0x00, 0x00, 0x00, 0x00, 0x00, 0x00, 0x00, 0x00, 0x00,
    0x00, 0x00, 0x00, 0x00, 0x00, 0x00, 0x00, 0x00, 0x00, 0x00, 0x00, 0x00, 0x00, 0x00, 0x00, 0x00,
    0x00, 0x00, 0x00, 0x00, 0x00, 0x00, 0x00, 0x00, 0x00, 0x00, 0x00, 0x00, 0x00, 0x00, 0x00, 0x00,
    0x00, 0x00, 0x00, 0x00, 0x00, 0x00, 0x00, 0x00, 0x00, 0x00, 0x00, 0x00, 0x00, 0x00, 0x00, 0x00,
    0x00, 0x00, 0x00, 0x00, 0x00, 0x00, 0x00, 0x00, 0x00, 0x00, 0x00, 0x00, 0x00, 0x00, 0x00, 0x00,
    0x00, 0x00, 0x00, 0x00, 0x00, 0x00, 0x00, 0x00, 0x00, 0x00, 0x00, 0x00, 0x00, 0x00, 0x00, 0x00,
    0x00, 0x00, 0x00, 0x00, 0x00, 0x00, 0x00, 0x00, 0x00, 0x00, 0x00, 0x00, 0x00, 0x00, 0x00, 0x00,
    0x00, 0x00, 0x00, 0x00, 0x00, 0x00, 0x00, 0x00, 0x00, 0x00, 0x00, 0x00, 0x00, 0x00, 0x00, 0x00,
    0x00, 0x00, 0x00, 0x00, 0x00, 0x00, 0x00, 0x00, 0x00, 0x00, 0x00, 0x00, 0x00, 0x00, 0x00, 0x00,
    0x00, 0x00, 0x00, 0x00, 0x20, 0x9f, 0xf7, 0x20, 0x23, 0xa4, 0xf4, 0x91, 0x25, 0xab, 0xf5, 0xf8,
    0x27, 0xb1, 0xf5, 0xff, 0x29, 0xb7, 0xf6, 0xff, 0x2a, 0xbc, 0xf7, 0xff, 0x2b, 0xc0, 0xf7, 0xff,
    0x2b, 0xc1, 0xf7, 0xff, 0x2b, 0xc2, 0xf7, 0xff, 0x2b, 0xc3, 0xf8, 0xff, 0x2c, 0xc3, 0xf8, 0xff,
    0x2c, 0xc4, 0xf8, 0xff, 0x2c, 0xc4, 0xf8, 0xff, 0x2c, 0xc4, 0xf8, 0xff, 0x2c, 0xc4, 0xf8, 0xff,
    0x2c, 0xc4, 0xf8, 0xff, 0x2c, 0xc4, 0xf8, 0xff, 0x2c, 0xc4, 0xf8, 0xff, 0x2c, 0xc4, 0xf8, 0xff,
    0x2b, 0xc3, 0xf8, 0xff, 0x2b, 0xc2, 0xf7, 0xff, 0x2b, 0xc2, 0xf7, 0xff, 0x2b, 0xc1, 0xf7, 0xff,
    0x2b, 0xc0, 0xf7, 0xff, 0x2a, 0xba, 0xf6, 0xff, 0x28, 0xb5, 0xf6, 0xff, 0x26, 0xaf, 0xf5, 0xff,
    0x25, 0xa8, 0xf5, 0xf4, 0x24, 0xa1, 0xf4, 0x88, 0x20, 0x9f, 0xef, 0x10, 0x00, 0x00, 0x00, 0x00,
    0x00, 0x00, 0x00, 0x00, 0x00, 0x00, 0x00, 0x00, 0x00, 0x00, 0x00, 0x00, 0x00, 0x00, 0x00, 0x00,
    0x00, 0x00, 0x00, 0x00, 0x00, 0x00, 0x00, 0x00, 0x00, 0x00, 0x00, 0x00, 0x00, 0x00, 0x00, 0x00,
    0x00, 0x00, 0x00, 0x00, 0x00, 0x00, 0x00, 0x00, 0x00, 0x00, 0x00, 0x00, 0x00, 0x00, 0x00, 0x00,
    0x00, 0x00, 0x00, 0x00, 0x00, 0x00, 0x00, 0x00, 0x00, 0x00, 0x00, 0x00, 0x00, 0x00, 0x00, 0x00,
    0x00, 0x00, 0x00, 0x00, 0x00, 0x00, 0x00, 0x00, 0x00, 0x00, 0x00, 0x00, 0x00, 0x00, 0x00, 0x00,
    0x00, 0x00, 0x00, 0x00, 0x00, 0x00, 0x00, 0x00, 0x00, 0x00, 0x00, 0x00, 0x00, 0x00, 0x00, 0x00,
    0x00, 0x00, 0x00, 0x00, 0x00, 0x00, 0x00, 0x00, 0x00, 0x00, 0x00, 0x00, 0x00, 0x00, 0x00, 0x00,
    0x00, 0x00, 0x00, 0x00, 0x00, 0x00, 0x00, 0x00, 0x00, 0x00, 0x00, 0x00, 0x1c, 0x9c, 0xf1, 0x12,
    0x23, 0xa2, 0xf3, 0x9a, 0x25, 0xa8, 0xf5, 0xfb, 0x27, 0xb0, 0xf5, 0xff, 0x29, 0xb7, 0xf6, 0xff,
    0x2a, 0xbd, 0xf7, 0xff, 0x2b, 0xc1, 0xf7, 0xff, 0x2b, 0xc2, 0xf7, 0xff, 0x2b, 0xc3, 0xf8, 0xff,
    0x2c, 0xc4, 0xf8, 0xff, 0x2c, 0xc5, 0xf8, 0xff, 0x2c, 0xc5, 0xf8, 0xff, 0x2c, 0xc6, 0xf8, 0xff,
    0x2c, 0xc7, 0xf8, 0xff, 0x2c, 0xc7, 0xf8, 0xff, 0x2c, 0xc7, 0xf8, 0xff, 0x2c, 0xc7, 0xf8, 0xff,
    0x2c, 0xc7, 0xf8, 0xff, 0x2c, 0xc7, 0xf8, 0xff, 0x2c, 0xc7, 0xf8, 0xff, 0x2c, 0xc6, 0xf8, 0xff,
    0x2c, 0xc6, 0xf8, 0xff, 0x2c, 0xc5, 0xf8, 0xff, 0x2c, 0xc4, 0xf8, 0xff, 0x2c, 0xc4, 0xf8, 0xff,
    0x2b, 0xc3, 0xf7, 0xff, 0x2b, 0xc1, 0xf7, 0xff, 0x2b, 0xc0, 0xf7, 0xff, 0x2a, 0xbb, 0xf7, 0xff,
    0x28, 0xb4, 0xf6, 0xff, 0x26, 0xad, 0xf5, 0xff, 0x24, 0xa6, 0xf4, 0xec, 0x23, 0xa2, 0xf4, 0x60,
    0x00, 0x00, 0x00, 0x00, 0x00, 0x00, 0x00, 0x00, 0x00, 0x00, 0x00, 0x00, 0x00, 0x00, 0x00, 0x00,
    0x00, 0x00, 0x00, 0x00, 0x00, 0x00, 0x00, 0x00, 0x00, 0x00, 0x00, 0x00, 0x00, 0x00, 0x00, 0x00,
    0x00, 0x00, 0x00, 0x00, 0x00, 0x00, 0x00, 0x00, 0x00, 0x00, 0x00, 0x00, 0x00, 0x00, 0x00, 0x00,
    0x00, 0x00, 0x00, 0x00, 0x00, 0x00, 0x00, 0x00, 0x00, 0x00, 0x00, 0x00, 0x00, 0x00, 0x00, 0x00,
    0x00, 0x00, 0x00, 0x00, 0x00, 0x00, 0x00, 0x00, 0x00, 0x00, 0x00, 0x00, 0x00, 0x00, 0x00, 0x00,
    0x00, 0x00, 0x00, 0x00, 0x00, 0x00, 0x00, 0x00, 0x00, 0x00, 0x00, 0x00, 0x00, 0x00, 0x00, 0x00,
    0x00, 0x00, 0x00, 0x00, 0x00, 0x00, 0x00, 0x00, 0x00, 0x00, 0x00, 0x00, 0x00, 0x00, 0x00, 0x00,
    0x00, 0x00, 0x00, 0x00, 0x00, 0x00, 0x00, 0x00, 0x24, 0xa1, 0xf5, 0x4f, 0x23, 0xa4, 0xf4, 0xe9,
    0x26, 0xac, 0xf5, 0xff, 0x28, 0xb4, 0xf6, 0xff, 0x2a, 0xbc, 0xf7, 0xff, 0x2b, 0xc1, 0xf7, 0xff,
    0x2b, 0xc2, 0xf7, 0xff, 0x2c, 0xc3, 0xf8, 0xff, 0x2c, 0xc4, 0xf8, 0xff, 0x2c, 0xc6, 0xf8, 0xff,
    0x2c, 0xc7, 0xf8, 0xff, 0x2c, 0xc7, 0xf8, 0xff, 0x2c, 0xc8, 0xf9, 0xff, 0x2c, 0xc9, 0xf9, 0xff,
    0x2c, 0xc9, 0xf9, 0xff, 0x2d, 0xca, 0xf9, 0xff, 0x2d, 0xca, 0xf9, 0xff, 0x2d, 0xca, 0xf9, 0xff,
    0x2d, 0xca, 0xf9, 0xff, 0x2d, 0xca, 0xf9, 0xff, 0x2c, 0xca, 0xf9, 0xff, 0x2c, 0xc9, 0xf9, 0xff,
    0x2c, 0xc9, 0xf9, 0xff, 0x2c, 0xc8, 0xf8, 0xff, 0x2c, 0xc7, 0xf8, 0xff, 0x2c, 0xc6, 0xf8, 0xff,
    0x2c, 0xc5, 0xf8, 0xff, 0x2c, 0xc4, 0xf8, 0xff, 0x2b, 0xc3, 0xf8, 0xff, 0x2b, 0xc2, 0xf7, 0xff,
    0x2b, 0xc0, 0xf7, 0xff, 0x29, 0xb9, 0xf6, 0xff, 0x27, 0xb1, 0xf6, 0xff, 0x25, 0xa9, 0xf5, 0xff,
    0x23, 0xa2, 0xf4, 0xb8, 0x20, 0x9f, 0xf4, 0x18, 0x00, 0x00, 0x00, 0x00, 0x00, 0x00, 0x00, 0x00,
    0x00, 0x00, 0x00, 0x00, 0x00, 0x00, 0x00, 0x00, 0x00, 0x00, 0x00, 0x00, 0x00, 0x00, 0x00, 0x00,
    0x00, 0x00, 0x00, 0x00, 0x00, 0x00, 0x00, 0x00, 0x00, 0x00, 0x00, 0x00, 0x00, 0x00, 0x00, 0x00,
    0x00, 0x00, 0x00, 0x00, 0x00, 0x00, 0x00, 0x00, 0x00, 0x00, 0x00, 0x00, 0x00, 0x00, 0x00, 0x00,
    0x00, 0x00, 0x00, 0x00, 0x00, 0x00, 0x00, 0x00, 0x00, 0x00, 0x00, 0x00, 0x00, 0x00, 0x00, 0x00,
    0x00, 0x00, 0x00, 0x00, 0x00, 0x00, 0x00, 0x00, 0x00, 0x00, 0x00, 0x00, 0x00, 0x00, 0x00, 0x00,
    0x00, 0x00, 0x00, 0x00, 0x00, 0x00, 0x00, 0x00, 0x00, 0x00, 0x00, 0x00, 0x00, 0x00, 0x00, 0x00,
    0x00, 0x80, 0xff, 0x02, 0x24, 0xa1, 0xf4, 0x88, 0x24, 0xa6, 0xf4, 0xfe, 0x26, 0xaf, 0xf5, 0xff,
    0x29, 0xb7, 0xf6, 0xff, 0x2b, 0xc0, 0xf7, 0xff, 0x2b, 0xc2, 0xf7, 0xff, 0x2b, 0xc3, 0xf8, 0xff,
    0x2c, 0xc4, 0xf8, 0xff, 0x2c, 0xc6, 0xf8, 0xff, 0x2c, 0xc7, 0xf8, 0xff, 0x2c, 0xc8, 0xf9, 0xff,
    0x2c, 0xc9, 0xf9, 0xff, 0x2d, 0xca, 0xf9, 0xff, 0x2d, 0xcb, 0xf9, 0xff, 0x2d, 0xcc, 0xf9, 0xff,
    0x2d, 0xcc, 0xf9, 0xff, 0x2d, 0xcd, 0xf9, 0xff, 0x2d, 0xcd, 0xf9, 0xff, 0x2d, 0xcd, 0xf9, 0xff,
    0x2d, 0xcd, 0xf9, 0xff, 0x2d, 0xcd, 0xf9, 0xff, 0x2d, 0xcc, 0xf9, 0xff, 0x2d, 0xcc, 0xf9, 0xff,
    0x2d, 0xcb, 0xf9, 0xff, 0x2d, 0xcb, 0xf9, 0xff, 0x2d, 0xca, 0xf9, 0xff, 0x2c, 0xc9, 0xf9, 0xff,
    0x2c, 0xc8, 0xf8, 0xff, 0x2c, 0xc7, 0xf8, 0xff, 0x2c, 0xc5, 0xf8, 0xff, 0x2c, 0xc4, 0xf8, 0xff,
    0x2b, 0xc3, 0xf7, 0xff, 0x2b, 0xc1, 0xf7, 0xff, 0x2a, 0xbd, 0xf7, 0xff, 0x28, 0xb4, 0xf6, 0xff,
    0x26, 0xab, 0xf5, 0xff, 0x23, 0xa2, 0xf4, 0xe4, 0x25, 0xa2, 0xf6, 0x37, 0x00, 0x00, 0x00, 0x00,
    0x00, 0x00, 0x00, 0x00, 0x00, 0x00, 0x00, 0x00, 0x00, 0x00, 0x00, 0x00, 0x00, 0x00, 0x00, 0x00,
    0x00, 0x00, 0x00, 0x00, 0x00, 0x00, 0x00, 0x00, 0x00, 0x00, 0x00, 0x00, 0x00, 0x00, 0x00, 0x00,
    0x00, 0x00, 0x00, 0x00, 0x00, 0x00, 0x00, 0x00, 0x00, 0x00, 0x00, 0x00, 0x00, 0x00, 0x00, 0x00,
    0x00, 0x00, 0x00, 0x00, 0x00, 0x00, 0x00, 0x00, 0x00, 0x00, 0x00, 0x00, 0x00, 0x00, 0x00, 0x00,
    0x00, 0x00, 0x00, 0x00, 0x00, 0x00, 0x00, 0x00, 0x00, 0x00, 0x00, 0x00, 0x00, 0x00, 0x00, 0x00,
    0x00, 0x00, 0x00, 0x00, 0x00, 0x00, 0x00, 0x00, 0x00, 0x00, 0x00, 0x00, 0x2b, 0xaa, 0xff, 0x06,
    0x23, 0xa2, 0xf4, 0xa8, 0x24, 0xa7, 0xf4, 0xff, 0x27, 0xb0, 0xf5, 0xff, 0x29, 0xb9, 0xf6, 0xff,
    0x2b, 0xc0, 0xf7, 0xff, 0x2b, 0xc2, 0xf7, 0xff, 0x2c, 0xc4, 0xf8, 0xff, 0x2c, 0xc5, 0xf8, 0xff,
    0x2c, 0xc7, 0xf8, 0xff, 0x2c, 0xc8, 0xf9, 0xff, 0x2d, 0xca, 0xf9, 0xff, 0x2d, 0xcb, 0xf9, 0xff,
    0x2d, 0xcc, 0xf9, 0xff, 0x2d, 0xcd, 0xf9, 0xff, 0x2d, 0xce, 0xfa, 0xff, 0x2d, 0xce, 0xfa, 0xff,
    0x2d, 0xcf, 0xfa, 0xff, 0x2d, 0xcf, 0xfa, 0xff, 0x2d, 0xd0, 0xfa, 0xff, 0x2d, 0xd0, 0xfa, 0xff,
    0x2d, 0xd0, 0xfa, 0xff, 0x2d, 0xd0, 0xfa, 0xff, 0x2d, 0xcf, 0xfa, 0xff, 0x2d, 0xcf, 0xfa, 0xff,
    0x2d, 0xce, 0xfa, 0xff, 0x2d, 0xcd, 0xfa, 0xff, 0x2d, 0xcd, 0xf9, 0xff, 0x2d, 0xcc, 0xf9, 0xff,
    0x2d, 0xca, 0xf9, 0xff, 0x2c, 0xc9, 0xf9, 0xff, 0x2c, 0xc8, 0xf8, 0xff, 0x2c, 0xc6, 0xf8, 0xff,
    0x2c, 0xc5, 0xf8, 0xff, 0x2c, 0xc3, 0xf8, 0xff, 0x2b, 0xc2, 0xf7, 0xff, 0x2b, 0xbf, 0xf7, 0xff,
    0x28, 0xb6, 0xf6, 0xff, 0x26, 0xad, 0xf5, 0xff, 0x23, 0xa3, 0xf4, 0xf7, 0x22, 0xa2, 0xf5, 0x4a,
    0x00, 0x00, 0x00, 0x00, 0x00, 0x00, 0x00, 0x00, 0x00, 0x00, 0x00, 0x00, 0x00, 0x00, 0x00, 0x00,
    0x00, 0x00, 0x00, 0x00, 0x00, 0x00, 0x00, 0x00, 0x00, 0x00, 0x00, 0x00, 0x00, 0x00, 0x00, 0x00,
    0x00, 0x00, 0x00, 0x00, 0x00, 0x00, 0x00, 0x00, 0x00, 0x00, 0x00, 0x00, 0x00, 0x00, 0x00, 0x00,
    0x00, 0x00, 0x00, 0x00, 0x00, 0x00, 0x00, 0x00, 0x00, 0x00, 0x00, 0x00, 0x00, 0x00, 0x00, 0x00,
    0x00, 0x00, 0x00, 0x00, 0x00, 0x00, 0x00, 0x00, 0x00, 0x00, 0x00, 0x00, 0x00, 0x00, 0x00, 0x00,
    0x00, 0x00, 0x00, 0x00, 0x00, 0x00, 0x00, 0x00, 0x40, 0xbf, 0xff, 0x04, 0x23, 0xa2, 0xf3, 0xb0,
    0x24, 0xa6, 0xf4, 0xff, 0x27, 0xb1, 0xf5, 0xff, 0x29, 0xba, 0xf6, 0xff, 0x2b, 0xc1, 0xf7, 0xff,
    0x2b, 0xc3, 0xf7, 0xff, 0x2c, 0xc4, 0xf8, 0xff, 0x2c, 0xc6, 0xf8, 0xff, 0x2c, 0xc8, 0xf8, 0xff,
    0x2c, 0xc9, 0xf9, 0xff, 0x2d, 0xcb, 0xf9, 0xff, 0x2d, 0xcc, 0xf9, 0xff, 0x2d, 0xcd, 0xfa, 0xff,
    0x2d, 0xcf, 0xfa, 0xff, 0x2d, 0xd0, 0xfa, 0xff, 0x2e, 0xd0, 0xfa, 0xff, 0x2e, 0xd1, 0xfa, 0xff,
    0x2e, 0xd2, 0xfa, 0xff, 0x2e, 0xd2, 0xfa, 0xff, 0x2e, 0xd2, 0xfa, 0xff, 0x2e, 0xd3, 0xfa, 0xff,
    0x2e, 0xd3, 0xfa, 0xff, 0x2e, 0xd2, 0xfa, 0xff, 0x2e, 0xd2, 0xfa, 0xff, 0x2e, 0xd2, 0xfa, 0xff,
    0x2e, 0xd1, 0xfa, 0xff, 0x2e, 0xd0, 0xfa, 0xff, 0x2d, 0xcf, 0xfa, 0xff, 0x2d, 0xce, 0xfa, 0xff,
    0x2d, 0xcd, 0xf9, 0xff, 0x2d, 0xcc, 0xf9, 0xff, 0x2d, 0xca, 0xf9, 0xff, 0x2c, 0xc9, 0xf9, 0xff,
    0x2c, 0xc7, 0xf8, 0xff, 0x2c, 0xc6, 0xf8, 0xff, 0x2c, 0xc4, 0xf8, 0xff, 0x2b, 0xc2, 0xf7, 0xff,
    0x2b, 0xc0, 0xf7, 0xff, 0x29, 0xb7, 0xf6, 0xff, 0x26, 0xad, 0xf5, 0xff, 0x23, 0xa3, 0xf4, 0xf8,
    0x22, 0xa1, 0xf5, 0x4c, 0x00, 0x00, 0x00, 0x00, 0x00, 0x00, 0x00, 0x00, 0x00, 0x00, 0x00, 0x00,
    0x00, 0x00, 0x00, 0x00, 0x00, 0x00, 0x00, 0x00, 0x00, 0x00, 0x00, 0x00, 0x00, 0x00, 0x00, 0x00,
    0x00, 0x00, 0x00, 0x00, 0x00, 0x00, 0x00, 0x00, 0x00, 0x00, 0x00, 0x00, 0x00, 0x00, 0x00, 0x00,
    0x00, 0x00, 0x00, 0x00, 0x00, 0x00, 0x00, 0x00, 0x00, 0x00, 0x00, 0x00, 0x00, 0x00, 0x00, 0x00,
    0x00, 0x00, 0x00, 0x00, 0x00, 0x00, 0x00, 0x00, 0x00, 0x00, 0x00, 0x00, 0x00, 0x00, 0x00, 0x00,
    0x00, 0x00, 0x00, 0x00, 0x00, 0x00, 0x00, 0x00, 0x24, 0xa1, 0xf4, 0x9e, 0x24, 0xa5, 0xf4, 0xff,
    0x27, 0xb0, 0xf5, 0xff, 0x29, 0xba, 0xf6, 0xff, 0x2b, 0xc1, 0xf7, 0xff, 0x2b, 0xc3, 0xf8, 0xff,
    0x2c, 0xc5, 0xf8, 0xff, 0x2c, 0xc7, 0xf8, 0xff, 0x2c, 0xc8, 0xf9, 0xff, 0x2d, 0xca, 0xf9, 0xff,
    0x2d, 0xcc, 0xf9, 0xff, 0x2d, 0xcd, 0xf9, 0xff, 0x2d, 0xcf, 0xfa, 0xff, 0x2d, 0xd0, 0xfa, 0xff,
    0x2e, 0xd1, 0xfa, 0xff, 0x2e, 0xd2, 0xfa, 0xff, 0x2e, 0xd3, 0xfb, 0xff, 0x2e, 0xd4, 0xfb, 0xff,
    0x2e, 0xd5, 0xfb, 0xff, 0x2e, 0xd5, 0xfb, 0xff, 0x2e, 0xd5, 0xfb, 0xff, 0x2e, 0xd5, 0xfb, 0xff,
    0x2e, 0xd5, 0xfb, 0xff, 0x2e, 0xd5, 0xfb, 0xff, 0x2e, 0xd5, 0xfb, 0xff, 0x2e, 0xd4, 0xfb, 0xff,
    0x2e, 0xd4, 0xfb, 0xff, 0x2e, 0xd3, 0xfb, 0xff, 0x2e, 0xd2, 0xfa, 0xff, 0x2e, 0xd1, 0xfa, 0xff,
    0x2d, 0xd0, 0xfa, 0xff, 0x2d, 0xce, 0xfa, 0xff, 0x2d, 0xcd, 0xf9, 0xff, 0x2d, 0xcb, 0xf9, 0xff,
    0x2c, 0xca, 0xf9, 0xff, 0x2c, 0xc8, 0xf8, 0xff, 0x2c, 0xc6, 0xf8, 0xff, 0x2c, 0xc4, 0xf8, 0xff,
    0x2b, 0xc2, 0xf7, 0xff, 0x2b, 0xc0, 0xf7, 0xff, 0x28, 0xb7, 0xf6, 0xff, 0x26, 0xac, 0xf5, 0xff,
    0x23, 0xa2, 0xf4, 0xf7, 0x22, 0xa2, 0xf5, 0x34, 0x00, 0x00, 0x00, 0x00, 0x00, 0x00, 0x00, 0x00,
    0x00, 0x00, 0x00, 0x00, 0x00, 0x00, 0x00, 0x00, 0x00, 0x00, 0x00, 0x00, 0x00, 0x00, 0x00, 0x00,
    0x00, 0x00, 0x00, 0x00, 0x00, 0x00, 0x00, 0x00, 0x00, 0x00, 0x00, 0x00, 0x00, 0x00, 0x00, 0x00,
    0x00, 0x00, 0x00, 0x00, 0x00, 0x00, 0x00, 0x00, 0x00, 0x00, 0x00, 0x00, 0x00, 0x00, 0x00, 0x00,
    0x00, 0x00, 0x00, 0x00, 0x00, 0x00, 0x00, 0x00, 0x00, 0x00, 0x00, 0x00, 0x00, 0x00, 0x00, 0x00,
    0x00, 0x00, 0x00, 0x00, 0x22, 0xa3, 0xf4, 0x6f, 0x23, 0xa3, 0xf4, 0xff, 0x26, 0xae, 0xf5, 0xff,
    0x29, 0xb9, 0xf6, 0xff, 0x2b, 0xc1, 0xf7, 0xff, 0x2b, 0xc3, 0xf8, 0xff, 0x2c, 0xc5, 0xf8, 0xff,
    0x2c, 0xc7, 0xf8, 0xff, 0x2c, 0xc9, 0xf9, 0xff, 0x2d, 0xcb, 0xf9, 0xff, 0x2d, 0xcc, 0xf9, 0xff,
    0x2d, 0xce, 0xfa, 0xff, 0x2d, 0xd0, 0xfa, 0xff, 0x2e, 0xd1, 0xfa, 0xff, 0x2e, 0xd3, 0xfa, 0xff,
    0x2e, 0xd4, 0xfb, 0xff, 0x2e, 0xd5, 0xfb, 0xff, 0x2e, 0xd6, 0xfb, 0xff, 0x2f, 0xd7, 0xfb, 0xff,
    0x2f, 0xd7, 0xfb, 0xff, 0x2f, 0xd8, 0xfb, 0xff, 0x2f, 0xd8, 0xfc, 0xff, 0x2f, 0xd8, 0xfc, 0xff,
    0x2f, 0xd8, 0xfc, 0xff, 0x2f, 0xd8, 0xfc, 0xff, 0x2f, 0xd8, 0xfb, 0xff, 0x2f, 0xd7, 0xfb, 0xff,
    0x2e, 0xd6, 0xfb, 0xff, 0x2e, 0xd6, 0xfb, 0xff, 0x2e, 0xd5, 0xfb, 0xff, 0x2e, 0xd3, 0xfb, 0xff,
    0x2e, 0xd2, 0xfa, 0xff, 0x2e, 0xd1, 0xfa, 0xff, 0x2d, 0xcf, 0xfa, 0xff, 0x2d, 0xce, 0xfa, 0xff,
    0x2d, 0xcc, 0xf9, 0xff, 0x2d, 0xca, 0xf9, 0xff, 0x2c, 0xc8, 0xf9, 0xff, 0x2c, 0xc6, 0xf8, 0xff,
    0x2c, 0xc4, 0xf8, 0xff, 0x2b, 0xc2, 0xf7, 0xff, 0x2b, 0xc0, 0xf7, 0xff, 0x28, 0xb5, 0xf6, 0xff,
    0x25, 0xaa, 0xf5, 0xff, 0x23, 0xa2, 0xf4, 0xe6, 0x27, 0xa7, 0xf5, 0x1a, 0x00, 0x00, 0x00, 0x00,
    0x00, 0x00, 0x00, 0x00, 0x00, 0x00, 0x00, 0x00, 0x00, 0x00, 0x00, 0x00, 0x00, 0x00, 0x00, 0x00,
    0x00, 0x00, 0x00, 0x00, 0x00, 0x00, 0x00, 0x00, 0x00, 0x00, 0x00, 0x00, 0x00, 0x00, 0x00, 0x00,
    0x00, 0x00, 0x00, 0x00, 0x00, 0x00, 0x00, 0x00, 0x00, 0x00, 0x00, 0x00, 0x00, 0x00, 0x00, 0x00,
    0x00, 0x00, 0x00, 0x00, 0x00, 0x00, 0x00, 0x00, 0x00, 0x00, 0x00, 0x00, 0x00, 0x00, 0x00, 0x00,
    0x21, 0xa3, 0xf4, 0x2f, 0x23, 0xa2, 0xf4, 0xfa, 0x25, 0xab, 0xf5, 0xff, 0x29, 0xb7, 0xf6, 0xff,
    0x2b, 0xc0, 0xf7, 0xff, 0x2b, 0xc3, 0xf7, 0xff, 0x2c, 0xc5, 0xf8, 0xff, 0x2c, 0xc7, 0xf8, 0xff,
    0x2c, 0xc9, 0xf9, 0xff, 0x2d, 0xcb, 0xf9, 0xff, 0x2d, 0xcd, 0xf9, 0xff, 0x2d, 0xcf, 0xfa, 0xff,
    0x2e, 0xd0, 0xfa, 0xff, 0x2e, 0xd2, 0xfa, 0xff, 0x2e, 0xd4, 0xfb, 0xff, 0x2e, 0xd5, 0xfb, 0xff,
    0x2e, 0xd6, 0xfb, 0xff, 0x2f, 0xd8, 0xfb, 0xff, 0x2f, 0xd9, 0xfc, 0xff, 0x2f, 0xd9, 0xfc, 0xff,
    0x2f, 0xda, 0xfc, 0xff, 0x2f, 0xdb, 0xfc, 0xff, 0x2f, 0xdb, 0xfc, 0xff, 0x2f, 0xdb, 0xfc, 0xff,
    0x2f, 0xdb, 0xfc, 0xff, 0x2f, 0xdb, 0xfc, 0xff, 0x2f, 0xda, 0xfc, 0xff, 0x2f, 0xda, 0xfc, 0xff,
    0x2f, 0xd9, 0xfc, 0xff, 0x2f, 0xd8, 0xfc, 0xff, 0x2f, 0xd7, 0xfb, 0xff, 0x2e, 0xd6, 0xfb, 0xff,
    0x2e, 0xd5, 0xfb, 0xff, 0x2e, 0xd3, 0xfb, 0xff, 0x2e, 0xd1, 0xfa, 0xff, 0x2d, 0xd0, 0xfa, 0xff,
    0x2d, 0xce, 0xfa, 0xff, 0x2d, 0xcc, 0xf9, 0xff, 0x2d, 0xca, 0xf9, 0xff, 0x2c, 0xc8, 0xf9, 0xff,
    0x2c, 0xc6, 0xf8, 0xff, 0x2c, 0xc4, 0xf8, 0xff, 0x2b, 0xc2, 0xf7, 0xff, 0x2a, 0xbe, 0xf7, 0xff,
    0x27, 0xb3, 0xf6, 0xff, 0x24, 0xa7, 0xf5, 0xff, 0x1f, 0xa0, 0xf1, 0xbb, 0x00, 0xff, 0xff, 0x01,
    0x00, 0x00, 0x00, 0x00, 0x00, 0x00, 0x00, 0x00, 0x00, 0x00, 0x00, 0x00, 0x00, 0x00, 0x00, 0x00,
    0x00, 0x00, 0x00, 0x00, 0x00, 0x00, 0x00, 0x00, 0x00, 0x00, 0x00, 0x00, 0x00, 0x00, 0x00, 0x00,
    0x00, 0x00, 0x00, 0x00, 0x00, 0x00, 0x00, 0x00, 0x00, 0x00, 0x00, 0x00, 0x00, 0x00, 0x00, 0x00,
    0x00, 0x00, 0x00, 0x00, 0x00, 0x00, 0x00, 0x00, 0x00, 0x00, 0x00, 0x00, 0x00, 0xaa, 0xff, 0x03,
    0x23, 0xa2, 0xf4, 0xca, 0x24, 0xa7, 0xf5, 0xff, 0x28, 0xb3, 0xf6, 0xff, 0x2b, 0xbf, 0xf7, 0xff,
    0x2b, 0xc2, 0xf7, 0xff, 0x2c, 0xc4, 0xf8, 0xff, 0x2c, 0xc7, 0xf8, 0xff, 0x2c, 0xc9, 0xf9, 0xff,
    0x2d, 0xcb, 0xf9, 0xff, 0x2d, 0xcd, 0xf9, 0xff, 0x2d, 0xcf, 0xfa, 0xff, 0x2e, 0xd1, 0xfa, 0xff,
    0x2e, 0xd3, 0xfa, 0xff, 0x2e, 0xd4, 0xfb, 0xff, 0x2e, 0xd6, 0xfb, 0xff, 0x2f, 0xd8, 0xfb, 0xff,
    0x2f, 0xd9, 0xfc, 0xff, 0x2f, 0xda, 0xfc, 0xff, 0x2f, 0xdb, 0xfc, 0xff, 0x2f, 0xdc, 0xfc, 0xff,
    0x30, 0xdd, 0xfc, 0xff, 0x30, 0xdd, 0xfd, 0xff, 0x30, 0xde, 0xfd, 0xff, 0x30, 0xde, 0xfd, 0xff,
    0x30, 0xde, 0xfd, 0xff, 0x30, 0xde, 0xfd, 0xff, 0x30, 0xdd, 0xfc, 0xff, 0x2f, 0xdd, 0xfc, 0xff,
    0x2f, 0xdc, 0xfc, 0xff, 0x2f, 0xdb, 0xfc, 0xff, 0x2f, 0xda, 0xfc, 0xff, 0x2f, 0xd8, 0xfc, 0xff,
    0x2f, 0xd7, 0xfb, 0xff, 0x2e, 0xd5, 0xfb, 0xff, 0x2e, 0xd4, 0xfb, 0xff, 0x2e, 0xd2, 0xfa, 0xff,
    0x2e, 0xd0, 0xfa, 0xff, 0x2d, 0xce, 0xfa, 0xff, 0x2d, 0xcc, 0xf9, 0xff, 0x2d, 0xca, 0xf9, 0xff,
    0x2c, 0xc8, 0xf8, 0xff, 0x2c, 0xc6, 0xf8, 0xff, 0x2c, 0xc4, 0xf8, 0xff, 0x2b, 0xc1, 0xf7, 0xff,
    0x2a, 0xbb, 0xf6, 0xff, 0x27, 0xaf, 0xf5, 0xff, 0x23, 0xa3, 0xf4, 0xff, 0x15, 0x9b, 0xf0, 0x7a,
    0x00, 0x00, 0x00, 0x00, 0x00, 0x00, 0x00, 0x00, 0x00, 0x00, 0x00, 0x00, 0x00, 0x00, 0x00, 0x00,
    0x00, 0x00, 0x00, 0x00, 0x00, 0x00, 0x00, 0x00, 0x00, 0x00, 0x00, 0x00, 0x00, 0x00, 0x00, 0x00,
    0x00, 0x00, 0x00, 0x00, 0x00, 0x00, 0x00, 0x00, 0x00, 0x00, 0x00, 0x00, 0x00, 0x00, 0x00, 0x00,
    0x00, 0x00, 0x00, 0x00, 0x00, 0x00, 0x00, 0x00, 0x00, 0x00, 0x00, 0x00, 0x23, 0xa2, 0xf4, 0x60,
    0x23, 0xa3, 0xf4, 0xff, 0x26, 0xaf, 0xf5, 0xff, 0x2a, 0xbb, 0xf6, 0xff, 0x2b, 0xc1, 0xf7, 0xff,
    0x2c, 0xc4, 0xf8, 0xff, 0x2c, 0xc6, 0xf8, 0xff, 0x2c, 0xc8, 0xf9, 0xff, 0x2d, 0xcb, 0xf9, 0xff,
    0x2d, 0xcd, 0xf9, 0xff, 0x2d, 0xcf, 0xfa, 0xff, 0x2e, 0xd1, 0xfa, 0xff, 0x2e, 0xd3, 0xfb, 0xff,
    0x2e, 0xd5, 0xfb, 0xff, 0x2f, 0xd7, 0xfb, 0xff, 0x2f, 0xd8, 0xfc, 0xff, 0x2f, 0xda, 0xfc, 0xff,
    0x2f, 0xdb, 0xfc, 0xff, 0x2f, 0xdd, 0xfc, 0xff, 0x30, 0xde, 0xfd, 0xff, 0x30, 0xdf, 0xfd, 0xff,
    0x30, 0xe0, 0xfd, 0xff, 0x30, 0xe0, 0xfd, 0xff, 0x30, 0xe0, 0xfd, 0xff, 0x30, 0xe0, 0xfd, 0xff,
    0x30, 0xe0, 0xfd, 0xff, 0x30, 0xe0, 0xfd, 0xff, 0x30, 0xe0, 0xfd, 0xff, 0x30, 0xdf, 0xfd, 0xff,
    0x30, 0xdf, 0xfd, 0xff, 0x30, 0xdd, 0xfd, 0xff, 0x2f, 0xdc, 0xfc, 0xff, 0x2f, 0xdb, 0xfc, 0xff,
    0x2f, 0xd9, 0xfc, 0xff, 0x2f, 0xd8, 0xfb, 0xff, 0x2e, 0xd6, 0xfb, 0xff, 0x2e, 0xd4, 0xfb, 0xff,
    0x2e, 0xd2, 0xfa, 0xff, 0x2e, 0xd0, 0xfa, 0xff, 0x2d, 0xce, 0xfa, 0xff, 0x2d, 0xcc, 0xf9, 0xff,
    0x2d, 0xca, 0xf9, 0xff, 0x2c, 0xc8, 0xf8, 0xff, 0x2c, 0xc5, 0xf8, 0xff, 0x2b, 0xc3, 0xf8, 0xff,
    0x2b, 0xc0, 0xf7, 0xff, 0x28, 0xb7, 0xf6, 0xff, 0x25, 0xab, 0xf5, 0xff, 0x1b, 0x9e, 0xf1, 0xec,
    0x0c, 0x97, 0xf3, 0x16, 0x00, 0x00, 0x00, 0x00, 0x00, 0x00, 0x00, 0x00, 0x00, 0x00, 0x00, 0x00,
    0x00, 0x00, 0x00, 0x00, 0x00, 0x00, 0x00, 0x00, 0x00, 0x00, 0x00, 0x00, 0x00, 0x00, 0x00, 0x00,
    0x00, 0x00, 0x00, 0x00, 0x00, 0x00, 0x00, 0x00, 0x00, 0x00, 0x00, 0x00, 0x00, 0x00, 0x00, 0x00,
    0x00, 0x00, 0x00, 0x00, 0x00, 0x00, 0x00, 0x00, 0x33, 0x99, 0xff, 0x05, 0x22, 0xa2, 0xf4, 0xde,
    0x25, 0xa9, 0xf5, 0xff, 0x28, 0xb6, 0xf6, 0xff, 0x2b, 0xc0, 0xf7, 0xff, 0x2b, 0xc3, 0xf8, 0xff,
    0x2c, 0xc5, 0xf8, 0xff, 0x2c, 0xc8, 0xf8, 0xff, 0x2d, 0xca, 0xf9, 0xff, 0x2d, 0xcc, 0xf9, 0xff,
    0x2d, 0xcf, 0xfa, 0xff, 0x2e, 0xd1, 0xfa, 0xff, 0x2e, 0xd3, 0xfb, 0xff, 0x2e, 0xd5, 0xfb, 0xff,
    0x2f, 0xd7, 0xfb, 0xff, 0x2f, 0xd9, 0xfc, 0xff, 0x2f, 0xdb, 0xfc, 0xff, 0x2f, 0xdc, 0xfc, 0xff,
    0x30, 0xde, 0xfd, 0xff, 0x30, 0xdf, 0xfd, 0xff, 0x30, 0xe0, 0xfd, 0xff, 0x30, 0xe0, 0xfd, 0xff,
    0x30, 0xe0, 0xfd, 0xff, 0x30, 0xe0, 0xfd, 0xff, 0x30, 0xe0, 0xfd, 0xff, 0x30, 0xe0, 0xfd, 0xff,
    0x30, 0xe0, 0xfd, 0xff, 0x30, 0xe0, 0xfd, 0xff, 0x30, 0xe0, 0xfd, 0xff, 0x30, 0xe0, 0xfd, 0xff,
    0x30, 0xe0, 0xfd, 0xff, 0x30, 0xe0, 0xfd, 0xff, 0x30, 0xdf, 0xfd, 0xff, 0x30, 0xdd, 0xfc, 0xff,
    0x2f, 0xdc, 0xfc, 0xff, 0x2f, 0xda, 0xfc, 0xff, 0x2f, 0xd8, 0xfc, 0xff, 0x2e, 0xd6, 0xfb, 0xff,
    0x2e, 0xd4, 0xfb, 0xff, 0x2e, 0xd2, 0xfa, 0xff, 0x2e, 0xd0, 0xfa, 0xff, 0x2d, 0xce, 0xfa, 0xff,
    0x2d, 0xcc, 0xf9, 0xff, 0x2c, 0xc9, 0xf9, 0xff, 0x2c, 0xc7, 0xf8, 0xff, 0x2c, 0xc4, 0xf8, 0xff,
    0x2b, 0xc2, 0xf7, 0xff, 0x2a, 0xbe, 0xf7, 0xff, 0x27, 0xb1, 0xf6, 0xff, 0x24, 0xa5, 0xf4, 0xff,
    0x10, 0x97, 0xef, 0x9f, 0x00, 0x00, 0x00, 0x00, 0x00, 0x00, 0x00, 0x00, 0x00, 0x00, 0x00, 0x00,
    0x00, 0x00, 0x00, 0x00, 0x00, 0x00, 0x00, 0x00, 0x00, 0x00, 0x00, 0x00, 0x00, 0x00, 0x00, 0x00,
    0x00, 0x00, 0x00, 0x00, 0x00, 0x00, 0x00, 0x00, 0x00, 0x00, 0x00, 0x00, 0x00, 0x00, 0x00, 0x00,
    0x00, 0x00, 0x00, 0x00, 0x00, 0x00, 0x00, 0x00, 0x23, 0xa1, 0xf3, 0x57, 0x23, 0xa3, 0xf4, 0xff,
    0x27, 0xb0, 0xf5, 0xff, 0x2a, 0xbc, 0xf7, 0xff, 0x2b, 0xc2, 0xf7, 0xff, 0x2c, 0xc4, 0xf8, 0xff,
    0x2c, 0xc7, 0xf8, 0xff, 0x2c, 0xc9, 0xf9, 0xff, 0x2d, 0xcc, 0xf9, 0xff, 0x2d, 0xce, 0xfa, 0xff,
    0x2e, 0xd0, 0xfa, 0xff, 0x2e, 0xd3, 0xfa, 0xff, 0x2e, 0xd5, 0xfb, 0xff, 0x2f, 0xd7, 0xfb, 0xff,
    0x2f, 0xd9, 0xfc, 0xff, 0x2f, 0xdb, 0xfc, 0xff, 0x30, 0xdd, 0xfc, 0xff, 0x30, 0xdf, 0xfd, 0xff,
    0x30, 0xe0, 0xfd, 0xff, 0x30, 0xe0, 0xfd, 0xff, 0x30, 0xe0, 0xfd, 0xff, 0x30, 0xe0, 0xfd, 0xff,
    0x30, 0xe0, 0xfd, 0xff, 0x30, 0xe0, 0xfd, 0xff, 0x30, 0xe0, 0xfd, 0xff, 0x30, 0xe0, 0xfd, 0xff,
    0x30, 0xe0, 0xfd, 0xff, 0x30, 0xe0, 0xfd, 0xff, 0x30, 0xe0, 0xfd, 0xff, 0x30, 0xe0, 0xfd, 0xff,
    0x30, 0xe0, 0xfd, 0xff, 0x30, 0xe0, 0xfd, 0xff, 0x30, 0xe0, 0xfd, 0xff, 0x30, 0xe0, 0xfd, 0xff,
    0x30, 0xde, 0xfd, 0xff, 0x2f, 0xdc, 0xfc, 0xff, 0x2f, 0xda, 0xfc, 0xff, 0x2f, 0xd8, 0xfc, 0xff,
    0x2e, 0xd6, 0xfb, 0xff, 0x2e, 0xd4, 0xfb, 0xff, 0x2e, 0xd2, 0xfa, 0xff, 0x2d, 0xcf, 0xfa, 0xff,
    0x2d, 0xcd, 0xf9, 0xff, 0x2d, 0xcb, 0xf9, 0xff, 0x2c, 0xc8, 0xf9, 0xff, 0x2c, 0xc6, 0xf8, 0xff,
    0x2c, 0xc3, 0xf8, 0xff, 0x2b, 0xc1, 0xf7, 0xff, 0x29, 0xb8, 0xf6, 0xff, 0x25, 0xab, 0xf5, 0xff,
    0x13, 0x9b, 0xf1, 0xef, 0x14, 0x89, 0xeb, 0x0d, 0x00, 0x00, 0x00, 0x00, 0x00, 0x00, 0x00, 0x00,
    0x00, 0x00, 0x00, 0x00, 0x00, 0x00, 0x00, 0x00, 0x00, 0x00, 0x00, 0x00, 0x00, 0x00, 0x00, 0x00,
    0x00, 0x00, 0x00, 0x00, 0x00, 0x00, 0x00, 0x00, 0x00, 0x00, 0x00, 0x00, 0x00, 0x00, 0x00, 0x00,
    0x00, 0x00, 0x00, 0x00, 0x00, 0x00, 0x00, 0x00, 0x23, 0xa2, 0xf4, 0xbf, 0x25, 0xa8, 0xf5, 0xff,
    0x28, 0xb5, 0xf6, 0xff, 0x2b, 0xc0, 0xf7, 0xff, 0x2b, 0xc3, 0xf8, 0xff, 0x2c, 0xc6, 0xf8, 0xff,
    0x2c, 0xc8, 0xf9, 0xff, 0x2d, 0xcb, 0xf9, 0xff, 0x2d, 0xcd, 0xf9, 0xff, 0x2d, 0xd0, 0xfa, 0xff,
    0x2e, 0xd2, 0xfa, 0xff, 0x2e, 0xd4, 0xfb, 0xff, 0x2f, 0xd7, 0xfb, 0xff, 0x2f, 0xd9, 0xfc, 0xff,
    0x2d, 0xd1, 0xf2, 0xff, 0x1e, 0x80, 0x9b, 0xff, 0x17, 0x60, 0x79, 0xff, 0x1c, 0x76, 0x90, 0xff,
    0x2a, 0xc4, 0xdf, 0xff, 0x30, 0xe0, 0xfd, 0xff, 0x30, 0xe0, 0xfd, 0xff, 0x30, 0xe0, 0xfd, 0xff,
    0x30, 0xe0, 0xfd, 0xff, 0x30, 0xe0, 0xfd, 0xff, 0x30, 0xe0, 0xfd, 0xff, 0x30, 0xe0, 0xfd, 0xff,
    0x30, 0xe0, 0xfd, 0xff, 0x30, 0xe0, 0xfd, 0xff, 0x30, 0xe0, 0xfd, 0xff, 0x30, 0xe0, 0xfd, 0xff,
    0x30, 0xe0, 0xfd, 0xff, 0x30, 0xe0, 0xfd, 0xff, 0x2f, 0xd9, 0xf6, 0xff, 0x1e, 0x86, 0xa1, 0xff,
    0x17, 0x61, 0x79, 0xff, 0x1c, 0x74, 0x8e, 0xff, 0x2a, 0xc2, 0xe1, 0xff, 0x2f, 0xda, 0xfc, 0xff,
    0x2f, 0xd8, 0xfb, 0xff, 0x2e, 0xd6, 0xfb, 0xff, 0x2e, 0xd3, 0xfb, 0xff, 0x2e, 0xd1, 0xfa, 0xff,
    0x2d, 0xcf, 0xfa, 0xff, 0x2d, 0xcc, 0xf9, 0xff, 0x2d, 0xca, 0xf9, 0xff, 0x2c, 0xc7, 0xf8, 0xff,
    0x2c, 0xc5, 0xf8, 0xff, 0x2b, 0xc2, 0xf7, 0xff, 0x2a, 0xbe, 0xf7, 0xff, 0x27, 0xb1, 0xf5, 0xff,
    0x1e, 0xa1, 0xf3, 0xff, 0x0d, 0x95, 0xf0, 0x8c, 0x00, 0x00, 0x00, 0x00, 0x00, 0x00, 0x00, 0x00,
    0x00, 0x00, 0x00, 0x00, 0x00, 0x00, 0x00, 0x00, 0x00, 0x00, 0x00, 0x00, 0x00, 0x00, 0x00, 0x00,
    0x00, 0x00, 0x00, 0x00, 0x00, 0x00, 0x00, 0x00, 0x00, 0x00, 0x00, 0x00, 0x00, 0x00, 0x00, 0x00,
    0x00, 0x00, 0x00, 0x00, 0x26, 0xa1, 0xf6, 0x1b, 0x23, 0xa2, 0xf4, 0xfe, 0x26, 0xae, 0xf5, 0xff,
    0x2a, 0xbb, 0xf6, 0xff, 0x2b, 0xc2, 0xf7, 0xff, 0x2c, 0xc4, 0xf8, 0xff, 0x2c, 0xc7, 0xf8, 0xff,
    0x2c, 0xc9, 0xf9, 0xff, 0x2d, 0xcc, 0xf9, 0xff, 0x2d, 0xce, 0xfa, 0xff, 0x2e, 0xd1, 0xfa, 0xff,
    0x2e, 0xd3, 0xfb, 0xff, 0x2e, 0xd6, 0xfb, 0xff, 0x2f, 0xd8, 0xfc, 0xff, 0x2b, 0xc5, 0xe4, 0xff,
    0x11, 0x42, 0x5a, 0xff, 0x0d, 0x2b, 0x42, 0xff, 0x0d, 0x2b, 0x42, 0xff, 0x0d, 0x2b, 0x42, 0xff,
    0x0e, 0x32, 0x49, 0xff, 0x27, 0xb1, 0xcd, 0xff, 0x30, 0xe0, 0xfd, 0xff, 0x30, 0xe0, 0xfd, 0xff,
    0x30, 0xe0, 0xfd, 0xff, 0x30, 0xe0, 0xfd, 0xff, 0x30, 0xe0, 0xfd, 0xff, 0x30, 0xe0, 0xfd, 0xff,
    0x30, 0xe0, 0xfd, 0xff, 0x30, 0xe0, 0xfd, 0xff, 0x30, 0xe0, 0xfd, 0xff, 0x30, 0xe0, 0xfd, 0xff,
    0x30, 0xe0, 0xfd, 0xff, 0x2c, 0xcf, 0xeb, 0xff, 0x13, 0x49, 0x61, 0xff, 0x0d, 0x2b, 0x42, 0xff,
    0x0d, 0x2b, 0x42, 0xff, 0x0d, 0x2b, 0x42, 0xff, 0x0e, 0x33, 0x4b, 0xff, 0x25, 0xa8, 0xc6, 0xff,
    0x2f, 0xda, 0xfc, 0xff, 0x2f, 0xd7, 0xfb, 0xff, 0x2e, 0xd5, 0xfb, 0xff, 0x2e, 0xd3, 0xfa, 0xff,
    0x2e, 0xd0, 0xfa, 0xff, 0x2d, 0xce, 0xfa, 0xff, 0x2d, 0xcb, 0xf9, 0xff, 0x2c, 0xc8, 0xf9, 0xff,
    0x2c, 0xc6, 0xf8, 0xff, 0x2c, 0xc3, 0xf8, 0xff, 0x2b, 0xc1, 0xf7, 0xff, 0x28, 0xb6, 0xf6, 0xff,
    0x25, 0xa9, 0xf5, 0xff, 0x0d, 0x95, 0xee, 0xd7, 0x00, 0x00, 0x00, 0x00, 0x00, 0x00, 0x00, 0x00,
    0x00, 0x00, 0x00, 0x00, 0x00, 0x00, 0x00, 0x00, 0x00, 0x00, 0x00, 0x00, 0x00, 0x00, 0x00, 0x00,
    0x00, 0x00, 0x00, 0x00, 0x00, 0x00, 0x00, 0x00, 0x00, 0x00, 0x00, 0x00, 0x00, 0x00, 0x00, 0x00,
    0x00, 0x00, 0x00, 0x00, 0x22, 0xa3, 0xf3, 0x69, 0x24, 0xa5, 0xf4, 0xff, 0x27, 0xb2, 0xf6, 0xff,
    0x2b, 0xc0, 0xf7, 0xff, 0x2b, 0xc3, 0xf7, 0xff, 0x2c, 0xc5, 0xf8, 0xff, 0x2c, 0xc8, 0xf8, 0xff,
    0x2d, 0xcb, 0xf9, 0xff, 0x2d, 0xcd, 0xf9, 0xff, 0x2d, 0xd0, 0xfa, 0xff, 0x2e, 0xd2, 0xfa, 0xff,
    0x2e, 0xd5, 0xfb, 0xff, 0x2f, 0xd7, 0xfb, 0xff, 0x2f, 0xda, 0xfc, 0xff, 0x16, 0x5c, 0x76, 0xff,
    0x12, 0x35, 0x50, 0xff, 0x22, 0x5c, 0x83, 0xff, 0x1b, 0x4c, 0x6d, 0xff, 0x0d, 0x2b, 0x42, 0xff,
    0x0d, 0x2b, 0x42, 0xff, 0x11, 0x40, 0x58, 0xff, 0x2f, 0xdd, 0xfa, 0xff, 0x30, 0xe0, 0xfd, 0xff,
    0x30, 0xe0, 0xfd, 0xff, 0x30, 0xe0, 0xfd, 0xff, 0x30, 0xe0, 0xfd, 0xff, 0x30, 0xe0, 0xfd, 0xff,
    0x30, 0xe0, 0xfd, 0xff, 0x30, 0xe0, 0xfd, 0xff, 0x30, 0xe0, 0xfd, 0xff, 0x30, 0xe0, 0xfd, 0xff,
    0x30, 0xe0, 0xfd, 0xff, 0x19, 0x6a, 0x83, 0xff, 0x11, 0x33, 0x4d, 0xff, 0x21, 0x5a, 0x82, 0xff,
    0x1c, 0x4e, 0x71, 0xff, 0x0d, 0x2b, 0x42, 0xff, 0x0d, 0x2b, 0x42, 0xff, 0x10, 0x39, 0x51, 0xff,
    0x2e, 0xd4, 0xf5, 0xff, 0x2f, 0xd9, 0xfc, 0xff, 0x2f, 0xd6, 0xfb, 0xff, 0x2e, 0xd4, 0xfb, 0xff,
    0x2e, 0xd1, 0xfa, 0xff, 0x2d, 0xcf, 0xfa, 0xff, 0x2d, 0xcc, 0xf9, 0xff, 0x2c, 0xca, 0xf9, 0xff,
    0x2c, 0xc7, 0xf8, 0xff, 0x2c, 0xc4, 0xf8, 0xff, 0x2b, 0xc2, 0xf7, 0xff, 0x2a, 0xbb, 0xf6, 0xff,
    0x26, 0xae, 0xf5, 0xff, 0x0e, 0x97, 0xef, 0xfb, 0x0d, 0x99, 0xf2, 0x14, 0x00, 0x00, 0x00, 0x00,
    0x00, 0x00, 0x00, 0x00, 0x00, 0x00, 0x00, 0x00, 0x00, 0x00, 0x00, 0x00, 0x00, 0x00, 0x00, 0x00,
    0x00, 0x00, 0x00, 0x00, 0x00, 0x00, 0x00, 0x00, 0x00, 0x00, 0x00, 0x00, 0x00, 0x00, 0x00, 0x00,
    0x00, 0x00, 0x00, 0x00, 0x23, 0xa3, 0xf3, 0xae, 0x25, 0xa9, 0xf5, 0xff, 0x28, 0xb6, 0xf6, 0xff,
    0x2b, 0xc1, 0xf7, 0xff, 0x2c, 0xc3, 0xf8, 0xff, 0x2c, 0xc6, 0xf8, 0xff, 0x2c, 0xc9, 0xf9, 0xff,
    0x2d, 0xcc, 0xf9, 0xff, 0x2d, 0xce, 0xfa, 0xff, 0x2e, 0xd1, 0xfa, 0xff, 0x2e, 0xd3, 0xfb, 0xff,
    0x2e, 0xd6, 0xfb, 0xff, 0x2f, 0xd9, 0xfc, 0xff, 0x2d, 0xd1, 0xf2, 0xff, 0x0e, 0x2d, 0x44, 0xff,
    0x17, 0x43, 0x61, 0xff, 0x24, 0x60, 0x89, 0xff, 0x1d, 0x4f, 0x73, 0xff, 0x0d, 0x2b, 0x42, 0xff,
    0x0d, 0x2b, 0x42, 0xff, 0x0d, 0x2b, 0x42, 0xff, 0x28, 0xb8, 0xd3, 0xff, 0x30, 0xe0, 0xfd, 0xff,
    0x30, 0xe0, 0xfd, 0xff, 0x30, 0xe0, 0xfd, 0xff, 0x30, 0xe0, 0xfd, 0xff, 0x30, 0xe0, 0xfd, 0xff,
    0x30, 0xe0, 0xfd, 0xff, 0x30, 0xe0, 0xfd, 0xff, 0x30, 0xe0, 0xfd, 0xff, 0x30, 0xe0, 0xfd, 0xff,
    0x2f, 0xdd, 0xfa, 0xff, 0x0e, 0x32, 0x49, 0xff, 0x16, 0x40, 0x5f, 0xff, 0x24, 0x60, 0x89, 0xff,
    0x1e, 0x52, 0x76, 0xff, 0x0d, 0x2b, 0x42, 0xff, 0x0d, 0x2b, 0x42, 0xff, 0x0d, 0x2b, 0x42, 0xff,
    0x26, 0xaa, 0xc7, 0xff, 0x2f, 0xda, 0xfc, 0xff, 0x2f, 0xd8, 0xfb, 0xff, 0x2e, 0xd5, 0xfb, 0xff,
    0x2e, 0xd3, 0xfa, 0xff, 0x2d, 0xd0, 0xfa, 0xff, 0x2d, 0xcd, 0xf9, 0xff, 0x2d, 0xcb, 0xf9, 0xff,
    0x2c, 0xc8, 0xf8, 0xff, 0x2c, 0xc5, 0xf8, 0xff, 0x2b, 0xc3, 0xf7, 0xff, 0x2b, 0xbf, 0xf7, 0xff,
    0x27, 0xb2, 0xf6, 0xff, 0x15, 0x9b, 0xf1, 0xff, 0x0d, 0x97, 0xee, 0x76, 0x00, 0x00, 0x00, 0x00,
    0x00, 0x00, 0x00, 0x00, 0x00, 0x00, 0x00, 0x00, 0x00, 0x00, 0x00, 0x00, 0x00, 0x00, 0x00, 0x00,
    0x00, 0x00, 0x00, 0x00, 0x00, 0x00, 0x00, 0x00, 0x00, 0x00, 0x00, 0x00, 0x00, 0x00, 0x00, 0x00,
    0x00, 0x00, 0x00, 0x00, 0x23, 0xa2, 0xf4, 0xe3, 0x26, 0xad, 0xf5, 0xff, 0x29, 0xba, 0xf6, 0xff,
    0x2b, 0xc2, 0xf7, 0xff, 0x2c, 0xc4, 0xf8, 0xff, 0x2c, 0xc7, 0xf8, 0xff, 0x2d, 0xca, 0xf9, 0xff,
    0x2d, 0xcc, 0xf9, 0xff, 0x2d, 0xcf, 0xfa, 0xff, 0x2e, 0xd2, 0xfa, 0xff, 0x2e, 0xd5, 0xfb, 0xff,
    0x2f, 0xd7, 0xfb, 0xff, 0x2f, 0xda, 0xfc, 0xff, 0x2a, 0xc0, 0xde, 0xff, 0x0d, 0x2b, 0x42, 0xff,
    0x0e, 0x2e, 0x47, 0xff, 0x16, 0x3f, 0x5d, 0xff, 0x0f, 0x2f, 0x47, 0xff, 0x0d, 0x2b, 0x42, 0xff,
    0x0d, 0x2b, 0x42, 0xff, 0x0d, 0x2b, 0x42, 0xff, 0x24, 0xa4, 0xc0, 0xff, 0x30, 0xe0, 0xfd, 0xff,
    0x30, 0xe0, 0xfd, 0xff, 0x30, 0xe0, 0xfd, 0xff, 0x30, 0xe0, 0xfd, 0xff, 0x30, 0xe0, 0xfd, 0xff,
    0x30, 0xe0, 0xfd, 0xff, 0x30, 0xe0, 0xfd, 0xff, 0x30, 0xe0, 0xfd, 0xff, 0x30, 0xe0, 0xfd, 0xff,
    0x2d, 0xd1, 0xed, 0xff, 0x0d, 0x2b, 0x42, 0xff, 0x0e, 0x2e, 0x45, 0xff, 0x16, 0x3f, 0x5d, 0xff,
    0x0f, 0x2f, 0x48, 0xff, 0x0d, 0x2b, 0x42, 0xff, 0x0d, 0x2b, 0x42, 0xff, 0x0d, 0x2b, 0x42, 0xff,
    0x22, 0x96, 0xb2, 0xff, 0x2f, 0xdc, 0xfc, 0xff, 0x2f, 0xd9, 0xfc, 0xff, 0x2e, 0xd6, 0xfb, 0xff,
    0x2e, 0xd4, 0xfb, 0xff, 0x2e, 0xd1, 0xfa, 0xff, 0x2d, 0xce, 0xfa, 0xff, 0x2d, 0xcc, 0xf9, 0xff,
    0x2c, 0xc9, 0xf9, 0xff, 0x2c, 0xc6, 0xf8, 0xff, 0x2c, 0xc3, 0xf8, 0xff, 0x2b, 0xc1, 0xf7, 0xff,
    0x28, 0xb5, 0xf6, 0xff, 0x1d, 0xa2, 0xf3, 0xff, 0x0b, 0x95, 0xef, 0xc1, 0x00, 0x00, 0x00, 0x00,
    0x00, 0x00, 0x00, 0x00, 0x00, 0x00, 0x00, 0x00, 0x00, 0x00, 0x00, 0x00, 0x00, 0x00, 0x00, 0x00,
    0x00, 0x00, 0x00, 0x00, 0x00, 0x00, 0x00, 0x00, 0x00, 0x00, 0x00, 0x00, 0x00, 0x00, 0x00, 0x00,
    0x23, 0xa2, 0xf3, 0x16, 0x23, 0xa2, 0xf4, 0xff, 0x27, 0xb0, 0xf5, 0xff, 0x2a, 0xbd, 0xf7, 0xff,
    0x2b, 0xc2, 0xf7, 0xff, 0x2c, 0xc5, 0xf8, 0xff, 0x2c, 0xc8, 0xf8, 0xff, 0x2d, 0xcb, 0xf9, 0xff,
    0x2d, 0xcd, 0xf9, 0xff, 0x2e, 0xd0, 0xfa, 0xff, 0x2e, 0xd3, 0xfb, 0xff, 0x2e, 0xd5, 0xfb, 0xff,
    0x2f, 0xd8, 0xfc, 0xff, 0x2f, 0xdb, 0xfc, 0xff, 0x2c, 0xcb, 0xe9, 0xff, 0x0d, 0x2b, 0x42, 0xff,
    0x0d, 0x2b, 0x42, 0xff, 0x0d, 0x2b, 0x42, 0xff, 0x0d, 0x2b, 0x42, 0xff, 0x0d, 0x2b, 0x42, 0xff,
    0x0d, 0x2b, 0x42, 0xff, 0x0d, 0x2b, 0x42, 0xff, 0x26, 0xad, 0xc9, 0xff, 0x30, 0xe0, 0xfd, 0xff,
    0x30, 0xe0, 0xfd, 0xff, 0x30, 0xe0, 0xfd, 0xff, 0x30, 0xe0, 0xfd, 0xff, 0x30, 0xe0, 0xfd, 0xff,
    0x30, 0xe0, 0xfd, 0xff, 0x30, 0xe0, 0xfd, 0xff, 0x30, 0xe0, 0xfd, 0xff, 0x30, 0xe0, 0xfd, 0xff,
    0x2f, 0xd8, 0xf5, 0xff, 0x0d, 0x2c, 0x43, 0xff, 0x0d, 0x2b, 0x42, 0xff, 0x0d, 0x2b, 0x42, 0xff,
    0x0d, 0x2b, 0x42, 0xff, 0x0d, 0x2b, 0x42, 0xff, 0x0d, 0x2b, 0x42, 0xff, 0x0d, 0x2b, 0x42, 0xff,
    0x24, 0xa0, 0xbc, 0xff, 0x2f, 0xdd, 0xfc, 0xff, 0x2f, 0xda, 0xfc, 0xff, 0x2f, 0xd7, 0xfb, 0xff,
    0x2e, 0xd5, 0xfb, 0xff, 0x2e, 0xd2, 0xfa, 0xff, 0x2d, 0xcf, 0xfa, 0xff, 0x2d, 0xcc, 0xf9, 0xff,
    0x2c, 0xca, 0xf9, 0xff, 0x2c, 0xc7, 0xf8, 0xff, 0x2c, 0xc4, 0xf8, 0xff, 0x2b, 0xc1, 0xf7, 0xff,
    0x29, 0xb8, 0xf6, 0xff, 0x23, 0xa9, 0xf5, 0xff, 0x08, 0x93, 0xec, 0xe7, 0x00, 0x00, 0x00, 0x00,
    0x00, 0x00, 0x00, 0x00, 0x00, 0x00, 0x00, 0x00, 0x00, 0x00, 0x00, 0x00, 0x00, 0x00, 0x00, 0x00,
    0x00, 0x00, 0x00, 0x00, 0x00, 0x00, 0x00, 0x00, 0x00, 0x00, 0x00, 0x00, 0x00, 0x00, 0x00, 0x00,
    0x25, 0xa2, 0xf6, 0x37, 0x24, 0xa4, 0xf4, 0xff, 0x27, 0xb2, 0xf6, 0xff, 0x2b, 0xc0, 0xf7, 0xff,
    0x2b, 0xc3, 0xf8, 0xff, 0x2c, 0xc6, 0xf8, 0xff, 0x2c, 0xc8, 0xf9, 0xff, 0x2d, 0xcb, 0xf9, 0xff,
    0x2d, 0xce, 0xfa, 0xff, 0x2e, 0xd1, 0xfa, 0xff, 0x2e, 0xd3, 0xfb, 0xff, 0x2e, 0xd6, 0xfb, 0xff,
    0x2f, 0xd9, 0xfc, 0xff, 0x2f, 0xdc, 0xfc, 0xff, 0x30, 0xde, 0xfd, 0xff, 0x11, 0x42, 0x5a, 0xff,
    0x0d, 0x2b, 0x42, 0xff, 0x0d, 0x2b, 0x42, 0xff, 0x0d, 0x2b, 0x42, 0xff, 0x0d, 0x2b, 0x42, 0xff,
    0x0d, 0x2b, 0x42, 0xff, 0x0e, 0x2f, 0x46, 0xff, 0x2d, 0xd2, 0xef, 0xff, 0x30, 0xe0, 0xfd, 0xff,
    0x30, 0xe0, 0xfd, 0xff, 0x30, 0xe0, 0xfd, 0xff, 0x30, 0xe0, 0xfd, 0xff, 0x30, 0xe0, 0xfd, 0xff,
    0x30, 0xe0, 0xfd, 0xff, 0x30, 0xe0, 0xfd, 0xff, 0x30, 0xe0, 0xfd, 0xff, 0x30, 0xe0, 0xfd, 0xff,
    0x30, 0xe0, 0xfd, 0xff, 0x13, 0x4f, 0x67, 0xff, 0x0d, 0x2b, 0x42, 0xff, 0x0d, 0x2b, 0x42, 0xff,
    0x0d, 0x2b, 0x42, 0xff, 0x0d, 0x2b, 0x42, 0xff, 0x0d, 0x2b, 0x42, 0xff, 0x0d, 0x2d, 0x43, 0xff,
    0x2c, 0xca, 0xe6, 0xff, 0x30, 0xde, 0xfd, 0xff, 0x2f, 0xdb, 0xfc, 0xff, 0x2f, 0xd8, 0xfc, 0xff,
    0x2e, 0xd5, 0xfb, 0xff, 0x2e, 0xd3, 0xfa, 0xff, 0x2d, 0xd0, 0xfa, 0xff, 0x2d, 0xcd, 0xf9, 0xff,
    0x2d, 0xca, 0xf9, 0xff, 0x2c, 0xc7, 0xf8, 0xff, 0x2c, 0xc5, 0xf8, 0xff, 0x2b, 0xc2, 0xf7, 0xff,
    0x2a, 0xbb, 0xf7, 0xff, 0x26, 0xad, 0xf5, 0xff, 0x04, 0x91, 0xec, 0xf8, 0x00, 0x00, 0x00, 0x00,
    0x00, 0x00, 0x00, 0x00, 0x00, 0x00, 0x00, 0x00, 0x00, 0x00, 0x00, 0x00, 0x00, 0x00, 0x00, 0x00,
    0x00, 0x00, 0x00, 0x00, 0x00, 0x00, 0x00, 0x00, 0x00, 0x00, 0x00, 0x00, 0x00, 0x00, 0x00, 0x00,
    0x24, 0xa2, 0xf3, 0x55, 0x24, 0xa6, 0xf4, 0xff, 0x28, 0xb4, 0xf6, 0xff, 0x2b, 0xc0, 0xf7, 0xff,
    0x2c, 0xc3, 0xf8, 0xff, 0x2c, 0xc6, 0xf8, 0xff, 0x2c, 0xc9, 0xf9, 0xff, 0x2d, 0xcc, 0xf9, 0xff,
    0x2d, 0xce, 0xfa, 0xff, 0x2e, 0xd1, 0xfa, 0xff, 0x2e, 0xd4, 0xfb, 0xff, 0x2f, 0xd7, 0xfb, 0xff,
    0x2f, 0xda, 0xfc, 0xff, 0x2f, 0xdc, 0xfc, 0xff, 0x30, 0xdf, 0xfd, 0xff, 0x24, 0xa1, 0xbc, 0xff,
    0x0d, 0x2b, 0x42, 0xff, 0x0d, 0x2b, 0x42, 0xff, 0x0d, 0x2b, 0x42, 0xff, 0x0d, 0x2b, 0x42, 0xff,
    0x0d, 0x2b, 0x42, 0xff, 0x1d, 0x7f, 0x98, 0xff, 0x30, 0xe0, 0xfd, 0xff, 0x30, 0xe0, 0xfd, 0xff,
    0x30, 0xe0, 0xfd, 0xff, 0x30, 0xe0, 0xfd, 0xff, 0x30, 0xe0, 0xfd, 0xff, 0x30, 0xe0, 0xfd, 0xff,
    0x30, 0xe0, 0xfd, 0xff, 0x30, 0xe0, 0xfd, 0xff, 0x30, 0xe0, 0xfd, 0xff, 0x30, 0xe0, 0xfd, 0xff,
    0x30, 0xe0, 0xfd, 0xff, 0x26, 0xad, 0xc9, 0xff, 0x0d, 0x2d, 0x43, 0xff, 0x0d, 0x2b, 0x42, 0xff,
    0x0d, 0x2b, 0x42, 0xff, 0x0d, 0x2b, 0x42, 0xff, 0x0d, 0x2b, 0x42, 0xff, 0x1c, 0x75, 0x8f, 0xff,
    0x30, 0xe0, 0xfd, 0xff, 0x30, 0xde, 0xfd, 0xff, 0x2f, 0xdb, 0xfc, 0xff, 0x2f, 0xd9, 0xfc, 0xff,
    0x2e, 0xd6, 0xfb, 0xff, 0x2e, 0xd3, 0xfb, 0xff, 0x2e, 0xd0, 0xfa, 0xff, 0x2d, 0xcd, 0xfa, 0xff,
    0x2d, 0xcb, 0xf9, 0xff, 0x2c, 0xc8, 0xf8, 0xff, 0x2c, 0xc5, 0xf8, 0xff, 0x2b, 0xc2, 0xf7, 0xff,
    0x2a, 0xbd, 0xf7, 0xff, 0x27, 0xaf, 0xf5, 0xff, 0x04, 0x92, 0xec, 0xfe, 0x00, 0x00, 0x00, 0x00,
    0x00, 0x00, 0x00, 0x00, 0x00, 0x00, 0x00, 0x00, 0x00, 0x00, 0x00, 0x00, 0x00, 0x00, 0x00, 0x00,
    0x00, 0x00, 0x00, 0x00, 0x00, 0x00, 0x00, 0x00, 0x00, 0x00, 0x00, 0x00, 0x00, 0x00, 0x00, 0x00,
    0x22, 0xa2, 0xf5, 0x68, 0x24, 0xa8, 0xf5, 0xff, 0x28, 0xb5, 0xf6, 0xff, 0x2b, 0xc1, 0xf7, 0xff,
    0x2c, 0xc4, 0xf8, 0xff, 0x2c, 0xc6, 0xf8, 0xff, 0x2c, 0xc9, 0xf9, 0xff, 0x2d, 0xcc, 0xf9, 0xff,
    0x2d, 0xcf, 0xfa, 0xff, 0x2e, 0xd2, 0xfa, 0xff, 0x2e, 0xd4, 0xfb, 0xff, 0x2f, 0xd7, 0xfb, 0xff,
    0x2f, 0xda, 0xfc, 0xff, 0x30, 0xdd, 0xfc, 0xff, 0x30, 0xe0, 0xfd, 0xff, 0x30, 0xe0, 0xfd, 0xff,
    0x25, 0xa8, 0xc4, 0xff, 0x11, 0x3f, 0x57, 0xff, 0x0d, 0x2b, 0x42, 0xff, 0x0f, 0x35, 0x4c, 0xff,
    0x21, 0x8f, 0xaa, 0xff, 0x30, 0xdf, 0xfc, 0xff, 0x30, 0xe0, 0xfd, 0xff, 0x30, 0xe0, 0xfd, 0xff,
    0x30, 0xe0, 0xfd, 0xff, 0x30, 0xe0, 0xfd, 0xff, 0x30, 0xe0, 0xfd, 0xff, 0x30, 0xe0, 0xfd, 0xff,
    0x30, 0xe0, 0xfd, 0xff, 0x30, 0xe0, 0xfd, 0xff, 0x30, 0xe0, 0xfd, 0xff, 0x30, 0xe0, 0xfd, 0xff,
    0x30, 0xe0, 0xfd, 0xff, 0x30, 0xe0, 0xfd, 0xff, 0x26, 0xb0, 0xcc, 0xff, 0x11, 0x43, 0x5b, 0xff,
    0x0d, 0x2b, 0x42, 0xff, 0x0e, 0x34, 0x4b, 0xff, 0x1f, 0x8a, 0xa4, 0xff, 0x2f, 0xde, 0xfb, 0xff,
    0x30, 0xe0, 0xfd, 0xff, 0x30, 0xdf, 0xfd, 0xff, 0x2f, 0xdc, 0xfc, 0xff, 0x2f, 0xd9, 0xfc, 0xff,
    0x2e, 0xd6, 0xfb, 0xff, 0x2e, 0xd3, 0xfb, 0xff, 0x2e, 0xd1, 0xfa, 0xff, 0x2d, 0xce, 0xfa, 0xff,
    0x2d, 0xcb, 0xf9, 0xff, 0x2c, 0xc8, 0xf9, 0xff, 0x2c, 0xc5, 0xf8, 0xff, 0x2b, 0xc3, 0xf7, 0xff,
    0x2b, 0xbf, 0xf7, 0xff, 0x27, 0xb1, 0xf5, 0xff, 0x05, 0x92, 0xed, 0xff, 0x0c, 0x97, 0xf3, 0x16,
    0x00, 0x00, 0x00, 0x00, 0x00, 0x00, 0x00, 0x00, 0x00, 0x00, 0x00, 0x00, 0x00, 0x00, 0x00, 0x00,
    0x00, 0x00, 0x00, 0x00, 0x00, 0x00, 0x00, 0x00, 0x00, 0x00, 0x00, 0x00, 0x00, 0x00, 0x00, 0x00,
    0x24, 0xa2, 0xf4, 0x71, 0x25, 0xa8, 0xf5, 0xff, 0x28, 0xb6, 0xf6, 0xff, 0x2b, 0xc1, 0xf7, 0xff,
    0x2c, 0xc4, 0xf8, 0xff, 0x2c, 0xc7, 0xf8, 0xff, 0x2c, 0xc9, 0xf9, 0xff, 0x2d, 0xcc, 0xf9, 0xff,
    0x2d, 0xcf, 0xfa, 0xff, 0x2e, 0xd2, 0xfa, 0xff, 0x2e, 0xd5, 0xfb, 0xff, 0x2f, 0xd8, 0xfb, 0xff,
    0x2f, 0xda, 0xfc, 0xff, 0x30, 0xdd, 0xfc, 0xff, 0x30, 0xe0, 0xfd, 0xff, 0x30, 0xe0, 0xfd, 0xff,
    0x30, 0xe0, 0xfd, 0xff, 0x30, 0xde, 0xfc, 0xff, 0x2d, 0xd1, 0xee, 0xff, 0x2f, 0xdd, 0xf9, 0xff,
    0x30, 0xe0, 0xfd, 0xff, 0x30, 0xe0, 0xfd, 0xff, 0x30, 0xe0, 0xfd, 0xff, 0x30, 0xe0, 0xfd, 0xff,
    0x30, 0xe0, 0xfd, 0xff, 0x30, 0xe0, 0xfd, 0xff, 0x30, 0xe0, 0xfd, 0xff, 0x30, 0xe0, 0xfd, 0xff,
    0x30, 0xe0, 0xfd, 0xff, 0x30, 0xe0, 0xfd, 0xff, 0x30, 0xe0, 0xfd, 0xff, 0x30, 0xe0, 0xfd, 0xff,
    0x30, 0xe0, 0xfd, 0xff, 0x30, 0xe0, 0xfd, 0xff, 0x30, 0xe0, 0xfd, 0xff, 0x30, 0xdf, 0xfc, 0xff,
    0x2d, 0xd1, 0xee, 0xff, 0x2f, 0xdc, 0xf9, 0xff, 0x30, 0xe0, 0xfd, 0xff, 0x30, 0xe0, 0xfd, 0xff,
    0x30, 0xe0, 0xfd, 0xff, 0x30, 0xdf, 0xfd, 0xff, 0x2f, 0xdc, 0xfc, 0xff, 0x2f, 0xd9, 0xfc, 0xff,
    0x2f, 0xd7, 0xfb, 0xff, 0x2e, 0xd4, 0xfb, 0xff, 0x2e, 0xd1, 0xfa, 0xff, 0x2d, 0xce, 0xfa, 0xff,
    0x2d, 0xcb, 0xf9, 0xff, 0x2c, 0xc8, 0xf9, 0xff, 0x2c, 0xc6, 0xf8, 0xff, 0x2b, 0xc3, 0xf8, 0xff,
    0x2b, 0xbf, 0xf7, 0xff, 0x27, 0xb1, 0xf6, 0xff, 0x06, 0x92, 0xec, 0xff, 0x12, 0x98, 0xed, 0x2a,
    0x00, 0x00, 0x00, 0x00, 0x00, 0x00, 0x00, 0x00, 0x00, 0x00, 0x00, 0x00, 0x00, 0x00, 0x00, 0x00,
    0x00, 0x00, 0x00, 0x00, 0x00, 0x00, 0x00, 0x00, 0x00, 0x00, 0x00, 0x00, 0x00, 0x00, 0x00, 0x00,
    0x22, 0xa2, 0xf4, 0x78, 0x25, 0xa9, 0xf5, 0xff, 0x29, 0xb7, 0xf6, 0xff, 0x2b, 0xc1, 0xf7, 0xff,
    0x2c, 0xc4, 0xf8, 0xff, 0x2c, 0xc7, 0xf8, 0xff, 0x2c, 0xc9, 0xf9, 0xff, 0x2d, 0xcc, 0xf9, 0xff,
    0x2d, 0xcf, 0xfa, 0xff, 0x2e, 0xd2, 0xfa, 0xff, 0x2e, 0xd5, 0xfb, 0xff, 0x2f, 0xd8, 0xfb, 0xff,
    0x2f, 0xdb, 0xfc, 0xff, 0x30, 0xdd, 0xfd, 0xff, 0x30, 0xe0, 0xfd, 0xff, 0x30, 0xe0, 0xfd, 0xff,
    0x30, 0xe0, 0xfd, 0xff, 0x30, 0xe0, 0xfd, 0xff, 0x30, 0xe0, 0xfd, 0xff, 0x30, 0xe0, 0xfd, 0xff,
    0x30, 0xe0, 0xfd, 0xff, 0x30, 0xe0, 0xfd, 0xff, 0x30, 0xe0, 0xfd, 0xff, 0x30, 0xe0, 0xfd, 0xff,
    0x30, 0xe0, 0xfd, 0xff, 0x30, 0xe0, 0xfd, 0xff, 0x30, 0xe0, 0xfd, 0xff, 0x30, 0xe0, 0xfd, 0xff,
    0x30, 0xe0, 0xfd, 0xff, 0x30, 0xe0, 0xfd, 0xff, 0x30, 0xe0, 0xfd, 0xff, 0x30, 0xe0, 0xfd, 0xff,
    0x30, 0xe0, 0xfd, 0xff, 0x30, 0xe0, 0xfd, 0xff, 0x30, 0xe0, 0xfd, 0xff, 0x30, 0xe0, 0xfd, 0xff,
    0x30, 0xe0, 0xfd, 0xff, 0x30, 0xe0, 0xfd, 0xff, 0x30, 0xe0, 0xfd, 0xff, 0x30, 0xe0, 0xfd, 0xff,
    0x30, 0xe0, 0xfd, 0xff, 0x30, 0xdf, 0xfd, 0xff, 0x2f, 0xdc, 0xfc, 0xff, 0x2f, 0xda, 0xfc, 0xff,
    0x2f, 0xd7, 0xfb, 0xff, 0x2e, 0xd4, 0xfb, 0xff, 0x2e, 0xd1, 0xfa, 0xff, 0x2d, 0xce, 0xfa, 0xff,
    0x2d, 0xcb, 0xf9, 0xff, 0x2c, 0xc8, 0xf9, 0xff, 0x2c, 0xc6, 0xf8, 0xff, 0x2b, 0xc3, 0xf8, 0xff,
    0x2b, 0xc0, 0xf7, 0xff, 0x27, 0xb2, 0xf6, 0xff, 0x04, 0x92, 0xec, 0xff, 0x12, 0x9a, 0xf2, 0x3a,
    0x00, 0x00, 0x00, 0x00, 0x00, 0x00, 0x00, 0x00, 0x00, 0x00, 0x00, 0x00, 0x00, 0x00, 0x00, 0x00,
    0x00, 0x00, 0x00, 0x00, 0x00, 0x00, 0x00, 0x00, 0x00, 0x00, 0x00, 0x00, 0x00, 0x00, 0x00, 0x00,
    0x23, 0xa2, 0xf4, 0x73, 0x25, 0xa9, 0xf5, 0xff, 0x28, 0xb6, 0xf6, 0xff, 0x2b, 0xc1, 0xf7, 0xff,
    0x2c, 0xc4, 0xf8, 0xff, 0x2c, 0xc7, 0xf8, 0xff, 0x2c, 0xc9, 0xf9, 0xff, 0x2d, 0xcc, 0xf9, 0xff,
    0x2d, 0xcf, 0xfa, 0xff, 0x2e, 0xd2, 0xfa, 0xff, 0x2e, 0xd5, 0xfb, 0xff, 0x2f, 0xd8, 0xfb, 0xff,
    0x2f, 0xda, 0xfc, 0xff, 0x30, 0xdd, 0xfc, 0xff, 0x30, 0xe0, 0xfd, 0xff, 0x30, 0xe0, 0xfd, 0xff,
    0x30, 0xe0, 0xfd, 0xff, 0x30, 0xe0, 0xfd, 0xff, 0x30, 0xe0, 0xfd, 0xff, 0x30, 0xe0, 0xfd, 0xff,
    0x30, 0xe0, 0xfd, 0xff, 0x30, 0xe0, 0xfd, 0xff, 0x30, 0xe0, 0xfd, 0xff, 0x30, 0xe0, 0xfd, 0xff,
    0x30, 0xe0, 0xfd, 0xff, 0x30, 0xe0, 0xfd, 0xff, 0x30, 0xe0, 0xfd, 0xff, 0x30, 0xe0, 0xfd, 0xff,
    0x30, 0xe0, 0xfd, 0xff, 0x30, 0xe0, 0xfd, 0xff, 0x30, 0xe0, 0xfd, 0xff, 0x30, 0xe0, 0xfd, 0xff,
    0x30, 0xe0, 0xfd, 0xff, 0x30, 0xe0, 0xfd, 0xff, 0x30, 0xe0, 0xfd, 0xff, 0x30, 0xe0, 0xfd, 0xff,
    0x30, 0xe0, 0xfd, 0xff, 0x30, 0xe0, 0xfd, 0xff, 0x30, 0xe0, 0xfd, 0xff, 0x30, 0xe0, 0xfd, 0xff,
    0x30, 0xe0, 0xfd, 0xff, 0x30, 0xdf, 0xfd, 0xff, 0x2f, 0xdc, 0xfc, 0xff, 0x2f, 0xd9, 0xfc, 0xff,
    0x2f, 0xd7, 0xfb, 0xff, 0x2e, 0xd4, 0xfb, 0xff, 0x2e, 0xd1, 0xfa, 0xff, 0x2d, 0xce, 0xfa, 0xff,
    0x2d, 0xcb, 0xf9, 0xff, 0x2c, 0xc8, 0xf9, 0xff, 0x2c, 0xc6, 0xf8, 0xff, 0x2b, 0xc3, 0xf8, 0xff,
    0x2b, 0xc0, 0xf7, 0xff, 0x27, 0xb2, 0xf6, 0xff, 0x02, 0x90, 0xeb, 0xff, 0x11, 0x9c, 0xee, 0x2c,
    0x00, 0x00, 0x00, 0x00, 0x00, 0x00, 0x00, 0x00, 0x00, 0x00, 0x00, 0x00, 0x00, 0x00, 0x00, 0x00,
    0x00, 0x00, 0x00, 0x00, 0x00, 0x00, 0x00, 0x00, 0x00, 0x00, 0x00, 0x00, 0x00, 0x00, 0x00, 0x00,
    0x24, 0xa1, 0xf3, 0x6a, 0x25, 0xa8, 0xf5, 0xff, 0x28, 0xb6, 0xf6, 0xff, 0x2b, 0xc1, 0xf7, 0xff,
    0x2c, 0xc4, 0xf8, 0xff, 0x2c, 0xc6, 0xf8, 0xff, 0x2c, 0xc9, 0xf9, 0xff, 0x2d, 0xcc, 0xf9, 0xff,
    0x2d, 0xcf, 0xfa, 0xff, 0x2e, 0xd2, 0xfa, 0xff, 0x2e, 0xd5, 0xfb, 0xff, 0x2f, 0xd7, 0xfb, 0xff,
    0x2f, 0xda, 0xfc, 0xff, 0x30, 0xdd, 0xfc, 0xff, 0x30, 0xe0, 0xfd, 0xff, 0x30, 0xe0, 0xfd, 0xff,
    0x30, 0xe0, 0xfd, 0xff, 0x30, 0xe0, 0xfd, 0xff, 0x30, 0xe0, 0xfd, 0xff, 0x30, 0xe0, 0xfd, 0xff,
    0x30, 0xe0, 0xfd, 0xff, 0x30, 0xe0, 0xfd, 0xff, 0x30, 0xe0, 0xfd, 0xff, 0x30, 0xe0, 0xfd, 0xff,
    0x30, 0xe0, 0xfd, 0xff, 0x30, 0xe0, 0xfd, 0xff, 0x30, 0xe0, 0xfd, 0xff, 0x30, 0xe0, 0xfd, 0xff,
    0x30, 0xe0, 0xfd, 0xff, 0x30, 0xe0, 0xfd, 0xff, 0x30, 0xe0, 0xfd, 0xff, 0x30, 0xe0, 0xfd, 0xff,
    0x30, 0xe0, 0xfd, 0xff, 0x30, 0xe0, 0xfd, 0xff, 0x30, 0xe0, 0xfd, 0xff, 0x30, 0xe0, 0xfd, 0xff,
    0x30, 0xe0, 0xfd, 0xff, 0x30, 0xe0, 0xfd, 0xff, 0x30, 0xe0, 0xfd, 0xff, 0x30, 0xe0, 0xfd, 0xff,
    0x30, 0xe0, 0xfd, 0xff, 0x30, 0xdf, 0xfd, 0xff, 0x2f, 0xdc, 0xfc, 0xff, 0x2f, 0xd9, 0xfc, 0xff,
    0x2e, 0xd6, 0xfb, 0xff, 0x2e, 0xd4, 0xfb, 0xff, 0x2e, 0xd1, 0xfa, 0xff, 0x2d, 0xce, 0xfa, 0xff,
    0x2d, 0xcb, 0xf9, 0xff, 0x2c, 0xc8, 0xf9, 0xff, 0x2c, 0xc5, 0xf8, 0xff, 0x2b, 0xc3, 0xf7, 0xff,
    0x2b, 0xbf, 0xf7, 0xff, 0x26, 0xb0, 0xf4, 0xff, 0x00, 0x8f, 0xeb, 0xff, 0x17, 0x97, 0xf3, 0x16,
    0x00, 0x00, 0x00, 0x00, 0x00, 0x00, 0x00, 0x00, 0x00, 0x00, 0x00, 0x00, 0x00, 0x00, 0x00, 0x00,
    0x00, 0x00, 0x00, 0x00, 0x00, 0x00, 0x00, 0x00, 0x00, 0x00, 0x00, 0x00, 0x00, 0x00, 0x00, 0x00,
    0x22, 0xa2, 0xf4, 0x5a, 0x24, 0xa7, 0xf4, 0xff, 0x28, 0xb4, 0xf6, 0xff, 0x2b, 0xc0, 0xf7, 0xff,
    0x2c, 0xc3, 0xf8, 0xff, 0x2c, 0xc6, 0xf8, 0xff, 0x2c, 0xc9, 0xf9, 0xff, 0x2d, 0xcc, 0xf9, 0xff,
    0x2d, 0xcf, 0xfa, 0xff, 0x2e, 0xd1, 0xfa, 0xff, 0x2e, 0xd4, 0xfb, 0xff, 0x2f, 0xd7, 0xfb, 0xff,
    0x2f, 0xda, 0xfc, 0xff, 0x2f, 0xdd, 0xfc, 0xff, 0x30, 0xdf, 0xfd, 0xff, 0x30, 0xe0, 0xfd, 0xff,
    0x30, 0xe0, 0xfd, 0xff, 0x30, 0xe0, 0xfd, 0xff, 0x30, 0xe0, 0xfd, 0xff, 0x30, 0xe0, 0xfd, 0xff,
    0x30, 0xe0, 0xfd, 0xff, 0x30, 0xe0, 0xfd, 0xff, 0x30, 0xe0, 0xfd, 0xff, 0x30, 0xe0, 0xfd, 0xff,
    0x30, 0xe0, 0xfd, 0xff, 0x30, 0xe0, 0xfd, 0xff, 0x30, 0xe0, 0xfd, 0xff, 0x30, 0xe0, 0xfd, 0xff,
    0x30, 0xe0, 0xfd, 0xff, 0x30, 0xe0, 0xfd, 0xff, 0x30, 0xe0, 0xfd, 0xff, 0x30, 0xe0, 0xfd, 0xff,
    0x30, 0xe0, 0xfd, 0xff, 0x30, 0xe0, 0xfd, 0xff, 0x30, 0xe0, 0xfd, 0xff, 0x30, 0xe0, 0xfd, 0xff,
    0x30, 0xe0, 0xfd, 0xff, 0x30, 0xe0, 0xfd, 0xff, 0x30, 0xe0, 0xfd, 0xff, 0x30, 0xe0, 0xfd, 0xff,
    0x30, 0xe0, 0xfd, 0xff, 0x30, 0xde, 0xfd, 0xff, 0x2f, 0xdc, 0xfc, 0xff, 0x2f, 0xd9, 0xfc, 0xff,
    0x2e, 0xd6, 0xfb, 0xff, 0x2e, 0xd3, 0xfb, 0xff, 0x2e, 0xd0, 0xfa, 0xff, 0x2d, 0xce, 0xfa, 0xff,
    0x2d, 0xcb, 0xf9, 0xff, 0x2c, 0xc8, 0xf8, 0xff, 0x2c, 0xc5, 0xf8, 0xff, 0x2b, 0xc2, 0xf7, 0xff,
    0x2a, 0xbd, 0xf7, 0xff, 0x21, 0xaa, 0xf4, 0xff, 0x01, 0x8f, 0xeb, 0xff, 0x00, 0xff, 0xff, 0x02,
    0x00, 0x00, 0x00, 0x00, 0x00, 0x00, 0x00, 0x00, 0x00, 0x00, 0x00, 0x00, 0x00, 0x00, 0x00, 0x00,
    0x00, 0x00, 0x00, 0x00, 0x00, 0x00, 0x00, 0x00, 0x00, 0x00, 0x00, 0x00, 0x00, 0x00, 0x00, 0x00,
    0x25, 0xa0, 0xf3, 0x3e, 0x24, 0xa5, 0xf4, 0xff, 0x27, 0xb3, 0xf6, 0xff, 0x2b, 0xc0, 0xf7, 0xff,
    0x2b, 0xc3, 0xf8, 0xff, 0x2c, 0xc6, 0xf8, 0xff, 0x2c, 0xc8, 0xf9, 0xff, 0x2d, 0xcb, 0xf9, 0xff,
    0x2d, 0xce, 0xfa, 0xff, 0x2e, 0xd1, 0xfa, 0xff, 0x2e, 0xd4, 0xfb, 0xff, 0x2e, 0xd6, 0xfb, 0xff,
    0x2f, 0xd9, 0xfc, 0xff, 0x2f, 0xdc, 0xfc, 0xff, 0x30, 0xdf, 0xfd, 0xff, 0x30, 0xe0, 0xfd, 0xff,
    0x30, 0xe0, 0xfd, 0xff, 0x30, 0xe0, 0xfd, 0xff, 0x30, 0xe0, 0xfd, 0xff, 0x30, 0xe0, 0xfd, 0xff,
    0x30, 0xe0, 0xfd, 0xff, 0x30, 0xe0, 0xfd, 0xff, 0x30, 0xe0, 0xfd, 0xff, 0x30, 0xe0, 0xfd, 0xff,
    0x30, 0xe0, 0xfd, 0xff, 0x30, 0xe0, 0xfd, 0xff, 0x30, 0xe0, 0xfd, 0xff, 0x30, 0xe0, 0xfd, 0xff,
    0x30, 0xe0, 0xfd, 0xff, 0x30, 0xe0, 0xfd, 0xff, 0x30, 0xe0, 0xfd, 0xff, 0x30, 0xe0, 0xfd, 0xff,
    0x30, 0xe0, 0xfd, 0xff, 0x30, 0xe0, 0xfd, 0xff, 0x30, 0xe0, 0xfd, 0xff, 0x30, 0xe0, 0xfd, 0xff,
    0x30, 0xe0, 0xfd, 0xff, 0x30, 0xe0, 0xfd, 0xff, 0x30, 0xe0, 0xfd, 0xff, 0x30, 0xe0, 0xfd, 0xff,
    0x30, 0xe0, 0xfd, 0xff, 0x30, 0xde, 0xfd, 0xff, 0x2f, 0xdb, 0xfc, 0xff, 0x2f, 0xd8, 0xfc, 0xff,
    0x2e, 0xd5, 0xfb, 0xff, 0x2e, 0xd3, 0xfa, 0xff, 0x2d, 0xd0, 0xfa, 0xff, 0x2d, 0xcd, 0xf9, 0xff,
    0x2d, 0xca, 0xf9, 0xff, 0x2c, 0xc8, 0xf8, 0xff, 0x2c, 0xc5, 0xf8, 0xff, 0x2b, 0xc2, 0xf7, 0xff,
    0x2a, 0xbc, 0xf7, 0xff, 0x1b, 0xa5, 0xf2, 0xff, 0x04, 0x91, 0xed, 0xfa, 0x00, 0x00, 0x00, 0x00,
    0x00, 0x00, 0x00, 0x00, 0x00, 0x00, 0x00, 0x00, 0x00, 0x00, 0x00, 0x00, 0x00, 0x00, 0x00, 0x00,
    0x00, 0x00, 0x00, 0x00, 0x00, 0x00, 0x00, 0x00, 0x00, 0x00, 0x00, 0x00, 0x00, 0x00, 0x00, 0x00,
    0x22, 0xa2, 0xf7, 0x1e, 0x23, 0xa2, 0xf4, 0xff, 0x27, 0xb0, 0xf5, 0xff, 0x2a, 0xbe, 0xf7, 0xff,
    0x2b, 0xc2, 0xf7, 0xff, 0x2c, 0xc5, 0xf8, 0xff, 0x2c, 0xc8, 0xf8, 0xff, 0x2d, 0xcb, 0xf9, 0xff,
    0x2d, 0xcd, 0xfa, 0xff, 0x2e, 0xd0, 0xfa, 0xff, 0x2e, 0xd3, 0xfb, 0xff, 0x2e, 0xd6, 0xfb, 0xff,
    0x2f, 0xd8, 0xfc, 0xff, 0x2f, 0xdb, 0xfc, 0xff, 0x30, 0xde, 0xfd, 0xff, 0x30, 0xe0, 0xfd, 0xff,
    0x30, 0xe0, 0xfd, 0xff, 0x30, 0xe0, 0xfd, 0xff, 0x30, 0xe0, 0xfd, 0xff, 0x30, 0xe0, 0xfd, 0xff,
    0x30, 0xe0, 0xfd, 0xff, 0x30, 0xe0, 0xfd, 0xff, 0x30, 0xe0, 0xfd, 0xff, 0x30, 0xe0, 0xfd, 0xff,
    0x30, 0xe0, 0xfd, 0xff, 0x30, 0xe0, 0xfd, 0xff, 0x30, 0xe0, 0xfd, 0xff, 0x30, 0xe0, 0xfd, 0xff,
    0x30, 0xe0, 0xfd, 0xff, 0x30, 0xe0, 0xfd, 0xff, 0x30, 0xe0, 0xfd, 0xff, 0x30, 0xe0, 0xfd, 0xff,
    0x30, 0xe0, 0xfd, 0xff, 0x30, 0xe0, 0xfd, 0xff, 0x30, 0xe0, 0xfd, 0xff, 0x30, 0xe0, 0xfd, 0xff,
    0x30, 0xe0, 0xfd, 0xff, 0x30, 0xe0, 0xfd, 0xff, 0x30, 0xe0, 0xfd, 0xff, 0x30, 0xe0, 0xfd, 0xff,
    0x30, 0xdf, 0xfd, 0xff, 0x30, 0xdd, 0xfc, 0xff, 0x2f, 0xda, 0xfc, 0xff, 0x2f, 0xd7, 0xfb, 0xff,
    0x2e, 0xd5, 0xfb, 0xff, 0x2e, 0xd2, 0xfa, 0xff, 0x2d, 0xcf, 0xfa, 0xff, 0x2d, 0xcc, 0xf9, 0xff,
    0x2d, 0xca, 0xf9, 0xff, 0x2c, 0xc7, 0xf8, 0xff, 0x2c, 0xc4, 0xf8, 0xff, 0x2b, 0xc1, 0xf7, 0xff,
    0x29, 0xb9, 0xf6, 0xff, 0x12, 0x9d, 0xf0, 0xff, 0x08, 0x93, 0xee, 0xea, 0x00, 0x00, 0x00, 0x00,
    0x00, 0x00, 0x00, 0x00, 0x00, 0x00, 0x00, 0x00, 0x00, 0x00, 0x00, 0x00, 0x00, 0x00, 0x00, 0x00,
    0x00, 0x00, 0x00, 0x00, 0x00, 0x00, 0x00, 0x00, 0x00, 0x00, 0x00, 0x00, 0x00, 0x00, 0x00, 0x00,
    0x00, 0xff, 0xff, 0x01, 0x23, 0xa2, 0xf4, 0xee, 0x26, 0xad, 0xf5, 0xff, 0x2a, 0xbb, 0xf6, 0xff,
    0x2b, 0xc2, 0xf7, 0xff, 0x2c, 0xc4, 0xf8, 0xff, 0x2c, 0xc7, 0xf8, 0xff, 0x2d, 0xca, 0xf9, 0xff,
    0x2d, 0xcd, 0xf9, 0xff, 0x2d, 0xcf, 0xfa, 0xff, 0x2e, 0xd2, 0xfa, 0xff, 0x2e, 0xd5, 0xfb, 0xff,
    0x2f, 0xd7, 0xfb, 0xff, 0x2f, 0xda, 0xfc, 0xff, 0x2f, 0xdd, 0xfc, 0xff, 0x30, 0xdf, 0xfd, 0xff,
    0x30, 0xe0, 0xfd, 0xff, 0x30, 0xe0, 0xfd, 0xff, 0x30, 0xe0, 0xfd, 0xff, 0x30, 0xe0, 0xfd, 0xff,
    0x30, 0xe0, 0xfd, 0xff, 0x30, 0xe0, 0xfd, 0xff, 0x30, 0xe0, 0xfd, 0xff, 0x30, 0xe0, 0xfd, 0xff,
    0x30, 0xe0, 0xfd, 0xff, 0x30, 0xe0, 0xfd, 0xff, 0x30, 0xe0, 0xfd, 0xff, 0x30, 0xe0, 0xfd, 0xff,
    0x30, 0xe0, 0xfd, 0xff, 0x30, 0xe0, 0xfd, 0xff, 0x30, 0xe0, 0xfd, 0xff, 0x30, 0xe0, 0xfd, 0xff,
    0x30, 0xe0, 0xfd, 0xff, 0x30, 0xe0, 0xfd, 0xff, 0x30, 0xe0, 0xfd, 0xff, 0x30, 0xe0, 0xfd, 0xff,
    0x30, 0xe0, 0xfd, 0xff, 0x30, 0xe0, 0xfd, 0xff, 0x30, 0xe0, 0xfd, 0xff, 0x30, 0xe0, 0xfd, 0xff,
    0x30, 0xde, 0xfd, 0xff, 0x2f, 0xdc, 0xfc, 0xff, 0x2f, 0xd9, 0xfc, 0xff, 0x2f, 0xd7, 0xfb, 0xff,
    0x2e, 0xd4, 0xfb, 0xff, 0x2e, 0xd1, 0xfa, 0xff, 0x2d, 0xce, 0xfa, 0xff, 0x2d, 0xcc, 0xf9, 0xff,
    0x2c, 0xc9, 0xf9, 0xff, 0x2c, 0xc6, 0xf8, 0xff, 0x2c, 0xc4, 0xf8, 0xff, 0x2b, 0xc1, 0xf7, 0xff,
    0x28, 0xb6, 0xf6, 0xff, 0x09, 0x96, 0xee, 0xff, 0x0b, 0x95, 0xed, 0xca, 0x00, 0x00, 0x00, 0x00,
    0x00, 0x00, 0x00, 0x00, 0x00, 0x00, 0x00, 0x00, 0x00, 0x00, 0x00, 0x00, 0x00, 0x00, 0x00, 0x00,
    0x00, 0x00, 0x00, 0x00, 0x00, 0x00, 0x00, 0x00, 0x00, 0x00, 0x00, 0x00, 0x00, 0x00, 0x00, 0x00,
    0x00, 0x00, 0x00, 0x00, 0x24, 0xa2, 0xf4, 0xba, 0x25, 0xaa, 0xf5, 0xff, 0x29, 0xb7, 0xf6, 0xff,
    0x2b, 0xc1, 0xf7, 0xff, 0x2c, 0xc4, 0xf8, 0xff, 0x2c, 0xc6, 0xf8, 0xff, 0x2c, 0xc9, 0xf9, 0xff,
    0x2d, 0xcc, 0xf9, 0xff, 0x2d, 0xce, 0xfa, 0xff, 0x2e, 0xd1, 0xfa, 0xff, 0x2e, 0xd4, 0xfb, 0xff,
    0x2e, 0xd6, 0xfb, 0xff, 0x2f, 0xd9, 0xfc, 0xff, 0x2f, 0xdb, 0xfc, 0xff, 0x30, 0xde, 0xfd, 0xff,
    0x2c, 0xcf, 0xeb, 0xff, 0x2d, 0xd1, 0xee, 0xff, 0x30, 0xe0, 0xfd, 0xff, 0x30, 0xe0, 0xfd, 0xff,
    0x30, 0xe0, 0xfd, 0xff, 0x30, 0xe0, 0xfd, 0xff, 0x30, 0xe0, 0xfd, 0xff, 0x30, 0xe0, 0xfd, 0xff,
    0x30, 0xe0, 0xfd, 0xff, 0x30, 0xe0, 0xfd, 0xff, 0x30, 0xe0, 0xfd, 0xff, 0x30, 0xe0, 0xfd, 0xff,
    0x30, 0xe0, 0xfd, 0xff, 0x30, 0xe0, 0xfd, 0xff, 0x30, 0xe0, 0xfd, 0xff, 0x30, 0xe0, 0xfd, 0xff,
    0x30, 0xe0, 0xfd, 0xff, 0x30, 0xe0, 0xfd, 0xff, 0x30, 0xe0, 0xfd, 0xff, 0x30, 0xe0, 0xfd, 0xff,
    0x30, 0xe0, 0xfd, 0xff, 0x2e, 0xd6, 0xf3, 0xff, 0x2c, 0xc9, 0xe5, 0xff, 0x30, 0xe0, 0xfd, 0xff,
    0x30, 0xdd, 0xfc, 0xff, 0x2f, 0xdb, 0xfc, 0xff, 0x2f, 0xd8, 0xfc, 0xff, 0x2e, 0xd5, 0xfb, 0xff,
    0x2e, 0xd3, 0xfb, 0xff, 0x2e, 0xd0, 0xfa, 0xff, 0x2d, 0xce, 0xfa, 0xff, 0x2d, 0xcb, 0xf9, 0xff,
    0x2c, 0xc8, 0xf9, 0xff, 0x2c, 0xc5, 0xf8, 0xff, 0x2b, 0xc3, 0xf8, 0xff, 0x2b, 0xc0, 0xf7, 0xff,
    0x25, 0xb1, 0xf5, 0xff, 0x01, 0x90, 0xec, 0xff, 0x0e, 0x97, 0xef, 0x82, 0x00, 0x00, 0x00, 0x00,
    0x00, 0x00, 0x00, 0x00, 0x00, 0x00, 0x00, 0x00, 0x00, 0x00, 0x00, 0x00, 0x00, 0x00, 0x00, 0x00,
    0x00, 0x00, 0x00, 0x00, 0x00, 0x00, 0x00, 0x00, 0x00, 0x00, 0x00, 0x00, 0x00, 0x00, 0x00, 0x00,
    0x00, 0x00, 0x00, 0x00, 0x24, 0xa3, 0xf5, 0x7a, 0x24, 0xa6, 0xf4, 0xff, 0x28, 0xb3, 0xf6, 0xff,
    0x2b, 0xc0, 0xf7, 0xff, 0x2b, 0xc3, 0xf8, 0xff, 0x2c, 0xc5, 0xf8, 0xff, 0x2c, 0xc8, 0xf9, 0xff,
    0x2d, 0xcb, 0xf9, 0xff, 0x2d, 0xcd, 0xfa, 0xff, 0x2d, 0xd0, 0xfa, 0xff, 0x2e, 0xd3, 0xfa, 0xff,
    0x2e, 0xd5, 0xfb, 0xff, 0x2f, 0xd8, 0xfb, 0xff, 0x2f, 0xda, 0xfc, 0xff, 0x2f, 0xdd, 0xfc, 0xff,
    0x14, 0x4f, 0x68, 0xff, 0x0e, 0x32, 0x49, 0xff, 0x1c, 0x7b, 0x95, 0xff, 0x2c, 0xcd, 0xea, 0xff,
    0x30, 0xe0, 0xfd, 0xff, 0x30, 0xe0, 0xfd, 0xff, 0x30, 0xe0, 0xfd, 0xff, 0x30, 0xe0, 0xfd, 0xff,
    0x30, 0xe0, 0xfd, 0xff, 0x30, 0xe0, 0xfd, 0xff, 0x30, 0xe0, 0xfd, 0xff, 0x30, 0xe0, 0xfd, 0xff,
    0x30, 0xe0, 0xfd, 0xff, 0x30, 0xe0, 0xfd, 0xff, 0x30, 0xe0, 0xfd, 0xff, 0x30, 0xe0, 0xfd, 0xff,
    0x30, 0xe0, 0xfd, 0xff, 0x30, 0xe0, 0xfd, 0xff, 0x30, 0xe0, 0xfd, 0xff, 0x2d, 0xd1, 0xee, 0xff,
    0x1f, 0x84, 0x9e, 0xff, 0x0f, 0x35, 0x4d, 0xff, 0x10, 0x3b, 0x53, 0xff, 0x30, 0xde, 0xfd, 0xff,
    0x2f, 0xdc, 0xfc, 0xff, 0x2f, 0xd9, 0xfc, 0xff, 0x2f, 0xd7, 0xfb, 0xff, 0x2e, 0xd4, 0xfb, 0xff,
    0x2e, 0xd2, 0xfa, 0xff, 0x2d, 0xcf, 0xfa, 0xff, 0x2d, 0xcc, 0xf9, 0xff, 0x2d, 0xca, 0xf9, 0xff,
    0x2c, 0xc7, 0xf8, 0xff, 0x2c, 0xc5, 0xf8, 0xff, 0x2b, 0xc2, 0xf7, 0xff, 0x2a, 0xbc, 0xf7, 0xff,
    0x18, 0xa4, 0xf2, 0xff, 0x00, 0x8f, 0xeb, 0xff, 0x10, 0x94, 0xef, 0x1f, 0x00, 0x00, 0x00, 0x00,
    0x00, 0x00, 0x00, 0x00, 0x00, 0x00, 0x00, 0x00, 0x00, 0x00, 0x00, 0x00, 0x00, 0x00, 0x00, 0x00,
    0x00, 0x00, 0x00, 0x00, 0x00, 0x00, 0x00, 0x00, 0x00, 0x00, 0x00, 0x00, 0x00, 0x00, 0x00, 0x00,
    0x00, 0x00, 0x00, 0x00, 0x24, 0xa0, 0xf3, 0x2b, 0x23, 0xa2, 0xf4, 0xff, 0x26, 0xaf, 0xf5, 0xff,
    0x2a, 0xbc, 0xf7, 0xff, 0x2b, 0xc2, 0xf7, 0xff, 0x2c, 0xc4, 0xf8, 0xff, 0x2c, 0xc7, 0xf8, 0xff,
    0x2d, 0xca, 0xf9, 0xff, 0x2d, 0xcc, 0xf9, 0xff, 0x2d, 0xcf, 0xfa, 0xff, 0x2e, 0xd1, 0xfa, 0xff,
    0x2e, 0xd4, 0xfb, 0xff, 0x2e, 0xd6, 0xfb, 0xff, 0x2f, 0xd9, 0xfc, 0xff, 0x2f, 0xdb, 0xfc, 0xff,
    0x23, 0x9c, 0xb8, 0xff, 0x0d, 0x2d, 0x43, 0xff, 0x0d, 0x2b, 0x42, 0xff, 0x0e, 0x2e, 0x45, 0xff,
    0x18, 0x64, 0x7d, 0xff, 0x26, 0xac, 0xc8, 0xff, 0x2f, 0xdc, 0xf9, 0xff, 0x30, 0xe0, 0xfd, 0xff,
    0x30, 0xe0, 0xfd, 0xff, 0x30, 0xe0, 0xfd, 0xff, 0x30, 0xe0, 0xfd, 0xff, 0x30, 0xe0, 0xfd, 0xff,
    0x30, 0xe0, 0xfd, 0xff, 0x30, 0xe0, 0xfd, 0xff, 0x30, 0xe0, 0xfd, 0xff, 0x30, 0xe0, 0xfd, 0xff,
    0x2f, 0xdd, 0xfa, 0xff, 0x27, 0xb3, 0xce, 0xff, 0x19, 0x6c, 0x84, 0xff, 0x0f, 0x31, 0x48, 0xff,
    0x0d, 0x2b, 0x42, 0xff, 0x0d, 0x2b, 0x42, 0xff, 0x20, 0x8e, 0xa8, 0xff, 0x2f, 0xdc, 0xfc, 0xff,
    0x2f, 0xda, 0xfc, 0xff, 0x2f, 0xd8, 0xfb, 0xff, 0x2e, 0xd5, 0xfb, 0xff, 0x2e, 0xd3, 0xfb, 0xff,
    0x2e, 0xd0, 0xfa, 0xff, 0x2d, 0xce, 0xfa, 0xff, 0x2d, 0xcb, 0xf9, 0xff, 0x2c, 0xc9, 0xf9, 0xff,
    0x2c, 0xc6, 0xf8, 0xff, 0x2c, 0xc4, 0xf8, 0xff, 0x2b, 0xc1, 0xf7, 0xff, 0x29, 0xb7, 0xf6, 0xff,
    0x0b, 0x97, 0xee, 0xff, 0x08, 0x92, 0xed, 0xed, 0x00, 0x00, 0x00, 0x00, 0x00, 0x00, 0x00, 0x00,
    0x00, 0x00, 0x00, 0x00, 0x00, 0x00, 0x00, 0x00, 0x00, 0x00, 0x00, 0x00, 0x00, 0x00, 0x00, 0x00,
    0x00, 0x00, 0x00, 0x00, 0x00, 0x00, 0x00, 0x00, 0x00, 0x00, 0x00, 0x00, 0x00, 0x00, 0x00, 0x00,
    0x00, 0x00, 0x00, 0x00, 0x00, 0x00, 0x00, 0x00, 0x23, 0xa2, 0xf4, 0xd4, 0x25, 0xaa, 0xf5, 0xff,
    0x28, 0xb7, 0xf6, 0xff, 0x2b, 0xc1, 0xf7, 0xff, 0x2c, 0xc3, 0xf8, 0xff, 0x2c, 0xc6, 0xf8, 0xff,
    0x2c, 0xc8, 0xf9, 0xff, 0x2d, 0xcb, 0xf9, 0xff, 0x2d, 0xcd, 0xfa, 0xff, 0x2d, 0xd0, 0xfa, 0xff,
    0x2e, 0xd2, 0xfa, 0xff, 0x2e, 0xd5, 0xfb, 0xff, 0x2f, 0xd7, 0xfb, 0xff, 0x2f, 0xd9, 0xfc, 0xff,
    0x2f, 0xdb, 0xfc, 0xff, 0x24, 0xa0, 0xbe, 0xff, 0x0e, 0x32, 0x49, 0xff, 0x0d, 0x2b, 0x42, 0xff,
    0x0d, 0x2b, 0x42, 0xff, 0x0d, 0x2b, 0x42, 0xff, 0x0e, 0x33, 0x4a, 0xff, 0x17, 0x5e, 0x76, 0xff,
    0x1f, 0x8b, 0xa5, 0xff, 0x23, 0x9e, 0xb9, 0xff, 0x26, 0xad, 0xc9, 0xff, 0x29, 0xbb, 0xd6, 0xff,
    0x27, 0xaf, 0xca, 0xff, 0x24, 0x9f, 0xbb, 0xff, 0x20, 0x8e, 0xa8, 0xff, 0x18, 0x63, 0x7b, 0xff,
    0x0f, 0x35, 0x4d, 0xff, 0x0d, 0x2b, 0x42, 0xff, 0x0d, 0x2b, 0x42, 0xff, 0x0d, 0x2b, 0x42, 0xff,
    0x0e, 0x2e, 0x45, 0xff, 0x22, 0x93, 0xae, 0xff, 0x2f, 0xdd, 0xfc, 0xff, 0x2f, 0xdb, 0xfc, 0xff,
    0x2f, 0xd8, 0xfc, 0xff, 0x2e, 0xd6, 0xfb, 0xff, 0x2e, 0xd4, 0xfb, 0xff, 0x2e, 0xd1, 0xfa, 0xff,
    0x2d, 0xcf, 0xfa, 0xff, 0x2d, 0xcd, 0xf9, 0xff, 0x2d, 0xca, 0xf9, 0xff, 0x2c, 0xc8, 0xf8, 0xff,
    0x2c, 0xc5, 0xf8, 0xff, 0x2b, 0xc2, 0xf7, 0xff, 0x2b, 0xbf, 0xf7, 0xff, 0x21, 0xad, 0xf4, 0xff,
    0x01, 0x90, 0xeb, 0xff, 0x0d, 0x96, 0xed, 0x9c, 0x00, 0x00, 0x00, 0x00, 0x00, 0x00, 0x00, 0x00,
    0x00, 0x00, 0x00, 0x00, 0x00, 0x00, 0x00, 0x00, 0x00, 0x00, 0x00, 0x00, 0x00, 0x00, 0x00, 0x00,
    0x00, 0x00, 0x00, 0x00, 0x00, 0x00, 0x00, 0x00, 0x00, 0x00, 0x00, 0x00, 0x00, 0x00, 0x00, 0x00,
    0x00, 0x00, 0x00, 0x00, 0x00, 0x00, 0x00, 0x00, 0x23, 0xa3, 0xf3, 0x6c, 0x24, 0xa4, 0xf4, 0xff,
    0x27, 0xb1, 0xf5, 0xff, 0x2a, 0xbe, 0xf7, 0xff, 0x2b, 0xc2, 0xf7, 0xff, 0x2c, 0xc5, 0xf8, 0xff,
    0x2c, 0xc7, 0xf8, 0xff, 0x2c, 0xca, 0xf9, 0xff, 0x2d, 0xcc, 0xf9, 0xff, 0x2d, 0xce, 0xfa, 0xff,
    0x2e, 0xd1, 0xfa, 0xff, 0x2e, 0xd3, 0xfb, 0xff, 0x2e, 0xd5, 0xfb, 0xff, 0x2f, 0xd7, 0xfb, 0xff,
    0x2f, 0xd9, 0xfc, 0xff, 0x2f, 0xdb, 0xfc, 0xff, 0x2a, 0xbe, 0xdc, 0xff, 0x13, 0x4f, 0x67, 0xff,
    0x0d, 0x2b, 0x42, 0xff, 0x0d, 0x2b, 0x42, 0xff, 0x0d, 0x2b, 0x42, 0xff, 0x0d, 0x2b, 0x42, 0xff,
    0x0d, 0x2b, 0x42, 0xff, 0x0d, 0x2b, 0x42, 0xff, 0x0d, 0x2b, 0x42, 0xff, 0x0d, 0x2b, 0x42, 0xff,
    0x0d, 0x2b, 0x42, 0xff, 0x0d, 0x2b, 0x42, 0xff, 0x0d, 0x2b, 0x42, 0xff, 0x0d, 0x2b, 0x42, 0xff,
    0x0d, 0x2b, 0x42, 0xff, 0x0d, 0x2b, 0x42, 0xff, 0x0d, 0x2b, 0x42, 0xff, 0x12, 0x45, 0x5d, 0xff,
    0x27, 0xb3, 0xcf, 0xff, 0x2f, 0xdd, 0xfc, 0xff, 0x2f, 0xdb, 0xfc, 0xff, 0x2f, 0xd9, 0xfc, 0xff,
    0x2f, 0xd7, 0xfb, 0xff, 0x2e, 0xd4, 0xfb, 0xff, 0x2e, 0xd2, 0xfa, 0xff, 0x2d, 0xd0, 0xfa, 0xff,
    0x2d, 0xcd, 0xfa, 0xff, 0x2d, 0xcb, 0xf9, 0xff, 0x2c, 0xc9, 0xf9, 0xff, 0x2c, 0xc6, 0xf8, 0xff,
    0x2c, 0xc4, 0xf8, 0xff, 0x2b, 0xc1, 0xf7, 0xff, 0x29, 0xb9, 0xf6, 0xff, 0x0e, 0x9a, 0xef, 0xff,
    0x02, 0x90, 0xec, 0xfe, 0x14, 0x99, 0xeb, 0x19, 0x00, 0x00, 0x00, 0x00, 0x00, 0x00, 0x00, 0x00,
    0x00, 0x00, 0x00, 0x00, 0x00, 0x00, 0x00, 0x00, 0x00, 0x00, 0x00, 0x00, 0x00, 0x00, 0x00, 0x00,
    0x00, 0x00, 0x00, 0x00, 0x00, 0x00, 0x00, 0x00, 0x00, 0x00, 0x00, 0x00, 0x00, 0x00, 0x00, 0x00,
    0x00, 0x00, 0x00, 0x00, 0x00, 0x00, 0x00, 0x00, 0x24, 0xa4, 0xed, 0x0e, 0x24, 0xa2, 0xf4, 0xed,
    0x25, 0xab, 0xf5, 0xff, 0x29, 0xb7, 0xf6, 0xff, 0x2b, 0xc1, 0xf7, 0xff, 0x2b, 0xc3, 0xf8, 0xff,
    0x2c, 0xc6, 0xf8, 0xff, 0x2c, 0xc8, 0xf9, 0xff, 0x2d, 0xca, 0xf9, 0xff, 0x2d, 0xcd, 0xf9, 0xff,
    0x2d, 0xcf, 0xfa, 0xff, 0x2e, 0xd1, 0xfa, 0xff, 0x2e, 0xd3, 0xfb, 0xff, 0x2e, 0xd5, 0xfb, 0xff,
    0x2f, 0xd7, 0xfb, 0xff, 0x2f, 0xd9, 0xfc, 0xff, 0x2f, 0xdb, 0xfc, 0xff, 0x2f, 0xdb, 0xf9, 0xff,
    0x22, 0x99, 0xb5, 0xff, 0x12, 0x44, 0x5c, 0xff, 0x0d, 0x2b, 0x42, 0xff, 0x0d, 0x2b, 0x42, 0xff,
    0x0d, 0x2b, 0x42, 0xff, 0x0d, 0x2b, 0x42, 0xff, 0x0d, 0x2b, 0x42, 0xff, 0x0d, 0x2b, 0x42, 0xff,
    0x0d, 0x2b, 0x42, 0xff, 0x0d, 0x2b, 0x42, 0xff, 0x0d, 0x2b, 0x42, 0xff, 0x0d, 0x2b, 0x42, 0xff,
    0x0d, 0x2b, 0x42, 0xff, 0x11, 0x3d, 0x55, 0xff, 0x21, 0x8e, 0xaa, 0xff, 0x2e, 0xd8, 0xf6, 0xff,
    0x2f, 0xdc, 0xfc, 0xff, 0x2f, 0xdb, 0xfc, 0xff, 0x2f, 0xd9, 0xfc, 0xff, 0x2f, 0xd7, 0xfb, 0xff,
    0x2e, 0xd5, 0xfb, 0xff, 0x2e, 0xd3, 0xfa, 0xff, 0x2e, 0xd0, 0xfa, 0xff, 0x2d, 0xce, 0xfa, 0xff,
    0x2d, 0xcc, 0xf9, 0xff, 0x2c, 0xca, 0xf9, 0xff, 0x2c, 0xc7, 0xf8, 0xff, 0x2c, 0xc5, 0xf8, 0xff,
    0x2b, 0xc2, 0xf7, 0xff, 0x2b, 0xbf, 0xf7, 0xff, 0x21, 0xad, 0xf4, 0xff, 0x01, 0x8f, 0xeb, 0xff,
    0x0c, 0x94, 0xee, 0xc3, 0x00, 0x00, 0x00, 0x00, 0x00, 0x00, 0x00, 0x00, 0x00, 0x00, 0x00, 0x00,
    0x00, 0x00, 0x00, 0x00, 0x00, 0x00, 0x00, 0x00, 0x00, 0x00, 0x00, 0x00, 0x00, 0x00, 0x00, 0x00,
    0x00, 0x00, 0x00, 0x00, 0x00, 0x00, 0x00, 0x00, 0x00, 0x00, 0x00, 0x00, 0x00, 0x00, 0x00, 0x00,
    0x00, 0x00, 0x00, 0x00, 0x00, 0x00, 0x00, 0x00, 0x00, 0x00, 0x00, 0x00, 0x22, 0xa2, 0xf4, 0x78,
    0x24, 0xa4, 0xf4, 0xff, 0x27, 0xb0, 0xf5, 0xff, 0x2a, 0xbc, 0xf7, 0xff, 0x2b, 0xc2, 0xf7, 0xff,
    0x2c, 0xc4, 0xf8, 0xff, 0x2c, 0xc6, 0xf8, 0xff, 0x2c, 0xc9, 0xf9, 0xff, 0x2d, 0xcb, 0xf9, 0xff,
    0x2d, 0xcd, 0xf9, 0xff, 0x2d, 0xcf, 0xfa, 0xff, 0x2e, 0xd1, 0xfa, 0xff, 0x2e, 0xd3, 0xfb, 0xff,
    0x2e, 0xd5, 0xfb, 0xff, 0x2f, 0xd7, 0xfb, 0xff, 0x2f, 0xd9, 0xfc, 0xff, 0x2f, 0xda, 0xfc, 0xff,
    0x2f, 0xdc, 0xfc, 0xff, 0x30, 0xdb, 0xfb, 0xff, 0x27, 0xb0, 0xce, 0xff, 0x1c, 0x7a, 0x94, 0xff,
    0x13, 0x4f, 0x67, 0xff, 0x0e, 0x32, 0x49, 0xff, 0x0d, 0x2b, 0x42, 0xff, 0x0d, 0x2b, 0x42, 0xff,
    0x0d, 0x2b, 0x42, 0xff, 0x0e, 0x30, 0x47, 0xff, 0x14, 0x4b, 0x64, 0xff, 0x1c, 0x76, 0x90, 0xff,
    0x26, 0xaa, 0xc7, 0xff, 0x2f, 0xdc, 0xfa, 0xff, 0x30, 0xdd, 0xfc, 0xff, 0x2f, 0xdb, 0xfc, 0xff,
    0x2f, 0xda, 0xfc, 0xff, 0x2f, 0xd8, 0xfc, 0xff, 0x2f, 0xd7, 0xfb, 0xff, 0x2e, 0xd5, 0xfb, 0xff,
    0x2e, 0xd3, 0xfb, 0xff, 0x2e, 0xd1, 0xfa, 0xff, 0x2d, 0xcf, 0xfa, 0xff, 0x2d, 0xcc, 0xf9, 0xff,
    0x2d, 0xca, 0xf9, 0xff, 0x2c, 0xc8, 0xf8, 0xff, 0x2c, 0xc6, 0xf8, 0xff, 0x2c, 0xc3, 0xf8, 0xff,
    0x2b, 0xc1, 0xf7, 0xff, 0x29, 0xb8, 0xf6, 0xff, 0x0a, 0x97, 0xed, 0xff, 0x02, 0x90, 0xec, 0xfe,
    0x0f, 0x92, 0xf0, 0x23, 0x00, 0x00, 0x00, 0x00, 0x00, 0x00, 0x00, 0x00, 0x00, 0x00, 0x00, 0x00,
    0x00, 0x00, 0x00, 0x00, 0x00, 0x00, 0x00, 0x00, 0x00, 0x00, 0x00, 0x00, 0x00, 0x00, 0x00, 0x00,
    0x00, 0x00, 0x00, 0x00, 0x00, 0x00, 0x00, 0x00, 0x00, 0x00, 0x00, 0x00, 0x00, 0x00, 0x00, 0x00,
    0x00, 0x00, 0x00, 0x00, 0x00, 0x00, 0x00, 0x00, 0x00, 0x00, 0x00, 0x00, 0x2e, 0xa2, 0xff, 0x0b,
    0x23, 0xa2, 0xf4, 0xdf, 0x25, 0xa9, 0xf5, 0xff, 0x28, 0xb5, 0xf6, 0xff, 0x2b, 0xc0, 0xf7, 0xff,
    0x2b, 0xc2, 0xf7, 0xff, 0x2c, 0xc5, 0xf8, 0xff, 0x2c, 0xc7, 0xf8, 0xff, 0x2c, 0xc9, 0xf9, 0xff,
    0x2d, 0xcb, 0xf9, 0xff, 0x2d, 0xcd, 0xfa, 0xff, 0x2d, 0xcf, 0xfa, 0xff, 0x2e, 0xd1, 0xfa, 0xff,
    0x2e, 0xd3, 0xfb, 0xff, 0x2e, 0xd5, 0xfb, 0xff, 0x2f, 0xd7, 0xfb, 0xff, 0x2f, 0xd8, 0xfc, 0xff,
    0x2f, 0xd9, 0xfc, 0xff, 0x2f, 0xdb, 0xfc, 0xff, 0x2f, 0xdc, 0xfc, 0xff, 0x2f, 0xdd, 0xfc, 0xff,
    0x30, 0xde, 0xfd, 0xff, 0x30, 0xdd, 0xfc, 0xff, 0x2e, 0xd2, 0xf0, 0xff, 0x2c, 0xcb, 0xe8, 0xff,
    0x2e, 0xd3, 0xf0, 0xff, 0x2f, 0xdc, 0xfb, 0xff, 0x30, 0xde, 0xfd, 0xff, 0x30, 0xdd, 0xfc, 0xff,
    0x2f, 0xdc, 0xfc, 0xff, 0x2f, 0xdb, 0xfc, 0xff, 0x2f, 0xda, 0xfc, 0xff, 0x2f, 0xd9, 0xfc, 0xff,
    0x2f, 0xd8, 0xfb, 0xff, 0x2e, 0xd6, 0xfb, 0xff, 0x2e, 0xd4, 0xfb, 0xff, 0x2e, 0xd3, 0xfa, 0xff,
    0x2e, 0xd1, 0xfa, 0xff, 0x2d, 0xcf, 0xfa, 0xff, 0x2d, 0xcd, 0xf9, 0xff, 0x2d, 0xcb, 0xf9, 0xff,
    0x2c, 0xc8, 0xf9, 0xff, 0x2c, 0xc6, 0xf8, 0xff, 0x2c, 0xc4, 0xf8, 0xff, 0x2b, 0xc2, 0xf7, 0xff,
    0x2a, 0xbd, 0xf7, 0xff, 0x18, 0xa4, 0xf1, 0xff, 0x00, 0x8f, 0xeb, 0xff, 0x0c, 0x95, 0xed, 0xae,
    0x00, 0x00, 0x00, 0x00, 0x00, 0x00, 0x00, 0x00, 0x00, 0x00, 0x00, 0x00, 0x00, 0x00, 0x00, 0x00,
    0x00, 0x00, 0x00, 0x00, 0x00, 0x00, 0x00, 0x00, 0x00, 0x00, 0x00, 0x00, 0x00, 0x00, 0x00, 0x00,
    0x00, 0x00, 0x00, 0x00, 0x00, 0x00, 0x00, 0x00, 0x00, 0x00, 0x00, 0x00, 0x00, 0x00, 0x00, 0x00,
    0x00, 0x00, 0x00, 0x00, 0x00, 0x00, 0x00, 0x00, 0x00, 0x00, 0x00, 0x00, 0x00, 0x00, 0x00, 0x00,
    0x1c, 0x9f, 0xf3, 0x52, 0x22, 0xa1, 0xf4, 0xff, 0x26, 0xad, 0xf5, 0xff, 0x29, 0xb9, 0xf6, 0xff,
    0x2b, 0xc1, 0xf7, 0xff, 0x2b, 0xc3, 0xf8, 0xff, 0x2c, 0xc5, 0xf8, 0xff, 0x2c, 0xc7, 0xf8, 0xff,
    0x2c, 0xc9, 0xf9, 0xff, 0x2d, 0xcb, 0xf9, 0xff, 0x2d, 0xcd, 0xf9, 0xff, 0x2d, 0xcf, 0xfa, 0xff,
    0x2e, 0xd1, 0xfa, 0xff, 0x2e, 0xd3, 0xfa, 0xff, 0x2e, 0xd4, 0xfb, 0xff, 0x2e, 0xd6, 0xfb, 0xff,
    0x2f, 0xd7, 0xfb, 0xff, 0x2f, 0xd8, 0xfc, 0xff, 0x2f, 0xd9, 0xfc, 0xff, 0x2f, 0xda, 0xfc, 0xff,
    0x2f, 0xdb, 0xfc, 0xff, 0x2f, 0xdb, 0xfc, 0xff, 0x2f, 0xdc, 0xfc, 0xff, 0x2f, 0xdc, 0xfc, 0xff,
    0x2f, 0xdc, 0xfc, 0xff, 0x2f, 0xdc, 0xfc, 0xff, 0x2f, 0xdb, 0xfc, 0xff, 0x2f, 0xdb, 0xfc, 0xff,
    0x2f, 0xda, 0xfc, 0xff, 0x2f, 0xd9, 0xfc, 0xff, 0x2f, 0xd8, 0xfb, 0xff, 0x2f, 0xd6, 0xfb, 0xff,
    0x2e, 0xd5, 0xfb, 0xff, 0x2e, 0xd4, 0xfb, 0xff, 0x2e, 0xd2, 0xfa, 0xff, 0x2e, 0xd0, 0xfa, 0xff,
    0x2d, 0xcf, 0xfa, 0xff, 0x2d, 0xcd, 0xf9, 0xff, 0x2d, 0xcb, 0xf9, 0xff, 0x2c, 0xc9, 0xf9, 0xff,
    0x2c, 0xc7, 0xf8, 0xff, 0x2c, 0xc4, 0xf8, 0xff, 0x2b, 0xc2, 0xf7, 0xff, 0x2b, 0xc0, 0xf7, 0xff,
    0x20, 0xae, 0xf4, 0xff, 0x01, 0x90, 0xec, 0xff, 0x06, 0x92, 0xec, 0xf4, 0x00, 0xaa, 0xff, 0x06,
    0x00, 0x00, 0x00, 0x00, 0x00, 0x00, 0x00, 0x00, 0x00, 0x00, 0x00, 0x00, 0x00, 0x00, 0x00, 0x00,
    0x00, 0x00, 0x00, 0x00, 0x00, 0x00, 0x00, 0x00, 0x00, 0x00, 0x00, 0x00, 0x00, 0x00, 0x00, 0x00,
    0x00, 0x00, 0x00, 0x00, 0x00, 0x00, 0x00, 0x00, 0x00, 0x00, 0x00, 0x00, 0x00, 0x00, 0x00, 0x00,
    0x00, 0x00, 0x00, 0x00, 0x00, 0x00, 0x00, 0x00, 0x00, 0x00, 0x00, 0x00, 0x00, 0x00, 0x00, 0x00,
    0x00, 0x00, 0x00, 0x00, 0x18, 0x9c, 0xf3, 0xa7, 0x24, 0xa5, 0xf4, 0xff, 0x27, 0xb0, 0xf5, 0xff,
    0x2a, 0xbb, 0xf7, 0xff, 0x2b, 0xc1, 0xf7, 0xff, 0x2c, 0xc3, 0xf8, 0xff, 0x2c, 0xc5, 0xf8, 0xff,
    0x2c, 0xc7, 0xf8, 0xff, 0x2c, 0xc9, 0xf9, 0xff, 0x2d, 0xcb, 0xf9, 0xff, 0x2d, 0xcd, 0xf9, 0xff,
    0x2d, 0xcf, 0xfa, 0xff, 0x2e, 0xd0, 0xfa, 0xff, 0x2e, 0xd2, 0xfa, 0xff, 0x2e, 0xd3, 0xfb, 0xff,
    0x2e, 0xd4, 0xfb, 0xff, 0x2e, 0xd5, 0xfb, 0xff, 0x2f, 0xd6, 0xfb, 0xff, 0x2f, 0xd7, 0xfb, 0xff,
    0x2f, 0xd8, 0xfb, 0xff, 0x2f, 0xd8, 0xfc, 0xff, 0x2f, 0xd9, 0xfc, 0xff, 0x2f, 0xd9, 0xfc, 0xff,
    0x2f, 0xd9, 0xfc, 0xff, 0x2f, 0xd9, 0xfc, 0xff, 0x2f, 0xd8, 0xfc, 0xff, 0x2f, 0xd8, 0xfb, 0xff,
    0x2f, 0xd7, 0xfb, 0xff, 0x2e, 0xd6, 0xfb, 0xff, 0x2e, 0xd5, 0xfb, 0xff, 0x2e, 0xd4, 0xfb, 0xff,
    0x2e, 0xd3, 0xfa, 0xff, 0x2e, 0xd1, 0xfa, 0xff, 0x2d, 0xd0, 0xfa, 0xff, 0x2d, 0xce, 0xfa, 0xff,
    0x2d, 0xcc, 0xf9, 0xff, 0x2d, 0xcb, 0xf9, 0xff, 0x2c, 0xc9, 0xf9, 0xff, 0x2c, 0xc7, 0xf8, 0xff,
    0x2c, 0xc5, 0xf8, 0xff, 0x2b, 0xc3, 0xf7, 0xff, 0x2b, 0xc0, 0xf7, 0xff, 0x25, 0xb3, 0xf5, 0xff,
    0x04, 0x92, 0xec, 0xff, 0x02, 0x90, 0xec, 0xfe, 0x0e, 0x94, 0xee, 0x4a, 0x00, 0x00, 0x00, 0x00,
    0x00, 0x00, 0x00, 0x00, 0x00, 0x00, 0x00, 0x00, 0x00, 0x00, 0x00, 0x00, 0x00, 0x00, 0x00, 0x00,
    0x00, 0x00, 0x00, 0x00, 0x00, 0x00, 0x00, 0x00, 0x00, 0x00, 0x00, 0x00, 0x00, 0x00, 0x00, 0x00,
    0x00, 0x00, 0x00, 0x00, 0x00, 0x00, 0x00, 0x00, 0x00, 0x00, 0x00, 0x00, 0x00, 0x00, 0x00, 0x00,
    0x00, 0x00, 0x00, 0x00, 0x00, 0x00, 0x00, 0x00, 0x00, 0x00, 0x00, 0x00, 0x00, 0x00, 0x00, 0x00,
    0x00, 0x00, 0x00, 0x00, 0x1a, 0x99, 0xff, 0x0a, 0x16, 0x9b, 0xf2, 0xd4, 0x24, 0xa7, 0xf5, 0xff,
    0x27, 0xb2, 0xf6, 0xff, 0x2a, 0xbc, 0xf7, 0xff, 0x2b, 0xc1, 0xf7, 0xff, 0x2c, 0xc3, 0xf8, 0xff,
    0x2c, 0xc5, 0xf8, 0xff, 0x2c, 0xc7, 0xf8, 0xff, 0x2c, 0xc9, 0xf9, 0xff, 0x2d, 0xcb, 0xf9, 0xff,
    0x2d, 0xcc, 0xf9, 0xff, 0x2d, 0xce, 0xfa, 0xff, 0x2d, 0xcf, 0xfa, 0xff, 0x2e, 0xd1, 0xfa, 0xff,
    0x2e, 0xd2, 0xfa, 0xff, 0x2e, 0xd3, 0xfb, 0xff, 0x2e, 0xd4, 0xfb, 0xff, 0x2e, 0xd5, 0xfb, 0xff,
    0x2e, 0xd5, 0xfb, 0xff, 0x2e, 0xd6, 0xfb, 0xff, 0x2e, 0xd6, 0xfb, 0xff, 0x2e, 0xd6, 0xfb, 0xff,
    0x2e, 0xd6, 0xfb, 0xff, 0x2e, 0xd6, 0xfb, 0xff, 0x2e, 0xd6, 0xfb, 0xff, 0x2e, 0xd5, 0xfb, 0xff,
    0x2e, 0xd4, 0xfb, 0xff, 0x2e, 0xd3, 0xfb, 0xff, 0x2e, 0xd2, 0xfa, 0xff, 0x2e, 0xd1, 0xfa, 0xff,
    0x2e, 0xd0, 0xfa, 0xff, 0x2d, 0xcf, 0xfa, 0xff, 0x2d, 0xcd, 0xf9, 0xff, 0x2d, 0xcc, 0xf9, 0xff,
    0x2d, 0xca, 0xf9, 0xff, 0x2c, 0xc8, 0xf9, 0xff, 0x2c, 0xc7, 0xf8, 0xff, 0x2c, 0xc5, 0xf8, 0xff,
    0x2b, 0xc3, 0xf7, 0xff, 0x2b, 0xc1, 0xf7, 0xff, 0x26, 0xb6, 0xf5, 0xff, 0x07, 0x95, 0xed, 0xff,
    0x00, 0x8f, 0xeb, 0xff, 0x10, 0x96, 0xef, 0x83, 0x00, 0x00, 0x00, 0x00, 0x00, 0x00, 0x00, 0x00,
    0x00, 0x00, 0x00, 0x00, 0x00, 0x00, 0x00, 0x00, 0x00, 0x00, 0x00, 0x00, 0x00, 0x00, 0x00, 0x00,
    0x00, 0x00, 0x00, 0x00, 0x00, 0x00, 0x00, 0x00, 0x00, 0x00, 0x00, 0x00, 0x00, 0x00, 0x00, 0x00,
    0x00, 0x00, 0x00, 0x00, 0x00, 0x00, 0x00, 0x00, 0x00, 0x00, 0x00, 0x00, 0x00, 0x00, 0x00, 0x00,
    0x00, 0x00, 0x00, 0x00, 0x00, 0x00, 0x00, 0x00, 0x00, 0x00, 0x00, 0x00, 0x00, 0x00, 0x00, 0x00,
    0x00, 0x00, 0x00, 0x00, 0x00, 0x00, 0x00, 0x00, 0x0f, 0x96, 0xf0, 0x22, 0x12, 0x99, 0xf0, 0xe3,
    0x25, 0xa9, 0xf5, 0xff, 0x27, 0xb3, 0xf6, 0xff, 0x2a, 0xbd, 0xf7, 0xff, 0x2b, 0xc1, 0xf7, 0xff,
    0x2b, 0xc3, 0xf8, 0xff, 0x2c, 0xc5, 0xf8, 0xff, 0x2c, 0xc7, 0xf8, 0xff, 0x2c, 0xc8, 0xf9, 0xff,
    0x2d, 0xca, 0xf9, 0xff, 0x2d, 0xcb, 0xf9, 0xff, 0x2d, 0xcd, 0xf9, 0xff, 0x2d, 0xce, 0xfa, 0xff,
    0x2d, 0xcf, 0xfa, 0xff, 0x2e, 0xd0, 0xfa, 0xff, 0x2e, 0xd1, 0xfa, 0xff, 0x2e, 0xd2, 0xfa, 0xff,
    0x2e, 0xd2, 0xfa, 0xff, 0x2e, 0xd3, 0xfb, 0xff, 0x2e, 0xd3, 0xfb, 0xff, 0x2e, 0xd3, 0xfb, 0xff,
    0x2e, 0xd3, 0xfb, 0xff, 0x2e, 0xd3, 0xfb, 0xff, 0x2e, 0xd3, 0xfb, 0xff, 0x2e, 0xd2, 0xfa, 0xff,
    0x2e, 0xd2, 0xfa, 0xff, 0x2e, 0xd1, 0xfa, 0xff, 0x2d, 0xd0, 0xfa, 0xff, 0x2d, 0xcf, 0xfa, 0xff,
    0x2d, 0xce, 0xfa, 0xff, 0x2d, 0xcc, 0xf9, 0xff, 0x2d, 0xcb, 0xf9, 0xff, 0x2c, 0xc9, 0xf9, 0xff,
    0x2c, 0xc8, 0xf8, 0xff, 0x2c, 0xc6, 0xf8, 0xff, 0x2c, 0xc4, 0xf8, 0xff, 0x2b, 0xc2, 0xf7, 0xff,
    0x2b, 0xc1, 0xf7, 0xff, 0x25, 0xb5, 0xf5, 0xff, 0x07, 0x95, 0xec, 0xff, 0x00, 0x8f, 0xeb, 0xff,
    0x0d, 0x97, 0xef, 0xab, 0x00, 0x00, 0x00, 0x00, 0x00, 0x00, 0x00, 0x00, 0x00, 0x00, 0x00, 0x00,
    0x00, 0x00, 0x00, 0x00, 0x00, 0x00, 0x00, 0x00, 0x00, 0x00, 0x00, 0x00, 0x00, 0x00, 0x00, 0x00,
    0x00, 0x00, 0x00, 0x00, 0x00, 0x00, 0x00, 0x00, 0x00, 0x00, 0x00, 0x00, 0x00, 0x00, 0x00, 0x00,
    0x00, 0x00, 0x00, 0x00, 0x00, 0x00, 0x00, 0x00, 0x00, 0x00, 0x00, 0x00, 0x00, 0x00, 0x00, 0x00,
    0x00, 0x00, 0x00, 0x00, 0x00, 0x00, 0x00, 0x00, 0x00, 0x00, 0x00, 0x00, 0x00, 0x00, 0x00, 0x00,
    0x00, 0x00, 0x00, 0x00, 0x00, 0x00, 0x00, 0x00, 0x00, 0x00, 0x00, 0x00, 0x13, 0x99, 0xec, 0x28,
    0x10, 0x97, 0xef, 0xe6, 0x22, 0xa7, 0xf5, 0xff, 0x27, 0xb2, 0xf6, 0xff, 0x2a, 0xbc, 0xf7, 0xff,
    0x2b, 0xc1, 0xf7, 0xff, 0x2b, 0xc3, 0xf8, 0xff, 0x2c, 0xc4, 0xf8, 0xff, 0x2c, 0xc6, 0xf8, 0xff,
    0x2c, 0xc8, 0xf8, 0xff, 0x2c, 0xc9, 0xf9, 0xff, 0x2d, 0xca, 0xf9, 0xff, 0x2d, 0xcb, 0xf9, 0xff,
    0x2d, 0xcd, 0xf9, 0xff, 0x2d, 0xcd, 0xfa, 0xff, 0x2d, 0xce, 0xfa, 0xff, 0x2d, 0xcf, 0xfa, 0xff,
    0x2d, 0xd0, 0xfa, 0xff, 0x2e, 0xd0, 0xfa, 0xff, 0x2e, 0xd0, 0xfa, 0xff, 0x2e, 0xd0, 0xfa, 0xff,
    0x2e, 0xd0, 0xfa, 0xff, 0x2e, 0xd0, 0xfa, 0xff, 0x2d, 0xd0, 0xfa, 0xff, 0x2d, 0xcf, 0xfa, 0xff,
    0x2d, 0xcf, 0xfa, 0xff, 0x2d, 0xce, 0xfa, 0xff, 0x2d, 0xcd, 0xf9, 0xff, 0x2d, 0xcc, 0xf9, 0xff,
    0x2d, 0xcb, 0xf9, 0xff, 0x2d, 0xca, 0xf9, 0xff, 0x2c, 0xc8, 0xf9, 0xff, 0x2c, 0xc7, 0xf8, 0xff,
    0x2c, 0xc5, 0xf8, 0xff, 0x2c, 0xc4, 0xf8, 0xff, 0x2b, 0xc2, 0xf7, 0xff, 0x2b, 0xc0, 0xf7, 0xff,
    0x1f, 0xaf, 0xf3, 0xff, 0x04, 0x92, 0xec, 0xff, 0x00, 0x8f, 0xeb, 0xff, 0x0c, 0x95, 0xed, 0xae,
    0x00, 0x00, 0x00, 0x00, 0x00, 0x00, 0x00, 0x00, 0x00, 0x00, 0x00, 0x00, 0x00, 0x00, 0x00, 0x00,
    0x00, 0x00, 0x00, 0x00, 0x00, 0x00, 0x00, 0x00, 0x00, 0x00, 0x00, 0x00, 0x00, 0x00, 0x00, 0x00,
    0x00, 0x00, 0x00, 0x00, 0x00, 0x00, 0x00, 0x00, 0x00, 0x00, 0x00, 0x00, 0x00, 0x00, 0x00, 0x00,
    0x00, 0x00, 0x00, 0x00, 0x00, 0x00, 0x00, 0x00, 0x00, 0x00, 0x00, 0x00, 0x00, 0x00, 0x00, 0x00,
    0x00, 0x00, 0x00, 0x00, 0x00, 0x00, 0x00, 0x00, 0x00, 0x00, 0x00, 0x00, 0x00, 0x00, 0x00, 0x00,
    0x00, 0x00, 0x00, 0x00, 0x00, 0x00, 0x00, 0x00, 0x00, 0x00, 0x00, 0x00, 0x00, 0x00, 0x00, 0x00,
    0x13, 0x97, 0xec, 0x1b, 0x0b, 0x95, 0xee, 0xe0, 0x1c, 0xa1, 0xf3, 0xff, 0x27, 0xb1, 0xf6, 0xff,
    0x29, 0xba, 0xf6, 0xff, 0x2b, 0xc0, 0xf7, 0xff, 0x2b, 0xc2, 0xf7, 0xff, 0x2c, 0xc4, 0xf8, 0xff,
    0x2c, 0xc5, 0xf8, 0xff, 0x2c, 0xc6, 0xf8, 0xff, 0x2c, 0xc8, 0xf8, 0xff, 0x2c, 0xc9, 0xf9, 0xff,
    0x2d, 0xca, 0xf9, 0xff, 0x2d, 0xcb, 0xf9, 0xff, 0x2d, 0xcc, 0xf9, 0xff, 0x2d, 0xcc, 0xf9, 0xff,
    0x2d, 0xcd, 0xf9, 0xff, 0x2d, 0xcd, 0xf9, 0xff, 0x2d, 0xcd, 0xfa, 0xff, 0x2d, 0xce, 0xfa, 0xff,
    0x2d, 0xce, 0xfa, 0xff, 0x2d, 0xcd, 0xfa, 0xff, 0x2d, 0xcd, 0xf9, 0xff, 0x2d, 0xcd, 0xf9, 0xff,
    0x2d, 0xcc, 0xf9, 0xff, 0x2d, 0xcb, 0xf9, 0xff, 0x2d, 0xca, 0xf9, 0xff, 0x2c, 0xca, 0xf9, 0xff,
    0x2c, 0xc8, 0xf9, 0xff, 0x2c, 0xc7, 0xf8, 0xff, 0x2c, 0xc6, 0xf8, 0xff, 0x2c, 0xc5, 0xf8, 0xff,
    0x2b, 0xc3, 0xf8, 0xff, 0x2b, 0xc1, 0xf7, 0xff, 0x2a, 0xbe, 0xf7, 0xff, 0x15, 0xa4, 0xf0, 0xff,
    0x01, 0x8f, 0xeb, 0xff, 0x01, 0x8f, 0xeb, 0xff, 0x0e, 0x96, 0xee, 0x97, 0x00, 0x00, 0x00, 0x00,
    0x00, 0x00, 0x00, 0x00, 0x00, 0x00, 0x00, 0x00, 0x00, 0x00, 0x00, 0x00, 0x00, 0x00, 0x00, 0x00,
    0x00, 0x00, 0x00, 0x00, 0x00, 0x00, 0x00, 0x00, 0x00, 0x00, 0x00, 0x00, 0x00, 0x00, 0x00, 0x00,
    0x00, 0x00, 0x00, 0x00, 0x00, 0x00, 0x00, 0x00, 0x00, 0x00, 0x00, 0x00, 0x00, 0x00, 0x00, 0x00,
    0x00, 0x00, 0x00, 0x00, 0x00, 0x00, 0x00, 0x00, 0x00, 0x00, 0x00, 0x00, 0x00, 0x00, 0x00, 0x00,
    0x00, 0x00, 0x00, 0x00, 0x00, 0x00, 0x00, 0x00, 0x00, 0x00, 0x00, 0x00, 0x00, 0x00, 0x00, 0x00,
    0x00, 0x00, 0x00, 0x00, 0x00, 0x00, 0x00, 0x00, 0x00, 0x00, 0x00, 0x00, 0x00, 0x00, 0x00, 0x00,
    0x00, 0x00, 0x00, 0x00, 0x00, 0x80, 0xff, 0x04, 0x0c, 0x96, 0xef, 0xbb, 0x0d, 0x98, 0xef, 0xfd,
    0x22, 0xac, 0xf4, 0xff, 0x29, 0xb7, 0xf6, 0xff, 0x2b, 0xbe, 0xf7, 0xff, 0x2b, 0xc1, 0xf7, 0xff,
    0x2b, 0xc3, 0xf7, 0xff, 0x2c, 0xc4, 0xf8, 0xff, 0x2c, 0xc5, 0xf8, 0xff, 0x2c, 0xc6, 0xf8, 0xff,
    0x2c, 0xc7, 0xf8, 0xff, 0x2c, 0xc8, 0xf9, 0xff, 0x2c, 0xc9, 0xf9, 0xff, 0x2c, 0xc9, 0xf9, 0xff,
    0x2d, 0xca, 0xf9, 0xff, 0x2d, 0xca, 0xf9, 0xff, 0x2d, 0xcb, 0xf9, 0xff, 0x2d, 0xcb, 0xf9, 0xff,
    0x2d, 0xcb, 0xf9, 0xff, 0x2d, 0xcb, 0xf9, 0xff, 0x2d, 0xca, 0xf9, 0xff, 0x2d, 0xca, 0xf9, 0xff,
    0x2c, 0xc9, 0xf9, 0xff, 0x2c, 0xc9, 0xf9, 0xff, 0x2c, 0xc8, 0xf8, 0xff, 0x2c, 0xc7, 0xf8, 0xff,
    0x2c, 0xc6, 0xf8, 0xff, 0x2c, 0xc5, 0xf8, 0xff, 0x2c, 0xc3, 0xf8, 0xff, 0x2b, 0xc2, 0xf7, 0xff,
    0x2b, 0xc1, 0xf7, 0xff, 0x20, 0xb1, 0xf4, 0xff, 0x07, 0x95, 0xec, 0xff, 0x00, 0x8f, 0xeb, 0xff,
    0x05, 0x91, 0xed, 0xf9, 0x0f, 0x96, 0xf0, 0x55, 0x00, 0x00, 0x00, 0x00, 0x00, 0x00, 0x00, 0x00,
    0x00, 0x00, 0x00, 0x00, 0x00, 0x00, 0x00, 0x00, 0x00, 0x00, 0x00, 0x00, 0x00, 0x00, 0x00, 0x00,
    0x00, 0x00, 0x00, 0x00, 0x00, 0x00, 0x00, 0x00, 0x00, 0x00, 0x00, 0x00, 0x00, 0x00, 0x00, 0x00,
    0x00, 0x00, 0x00, 0x00, 0x00, 0x00, 0x00, 0x00, 0x00, 0x00, 0x00, 0x00, 0x00, 0x00, 0x00, 0x00,
    0x00, 0x00, 0x00, 0x00, 0x00, 0x00, 0x00, 0x00, 0x00, 0x00, 0x00, 0x00, 0x00, 0x00, 0x00, 0x00,
    0x00, 0x00, 0x00, 0x00, 0x00, 0x00, 0x00, 0x00, 0x00, 0x00, 0x00, 0x00, 0x00, 0x00, 0x00, 0x00,
    0x00, 0x00, 0x00, 0x00, 0x00, 0x00, 0x00, 0x00, 0x00, 0x00, 0x00, 0x00, 0x00, 0x00, 0x00, 0x00,
    0x00, 0x00, 0x00, 0x00, 0x00, 0x00, 0x00, 0x00, 0x00, 0x00, 0x00, 0x00, 0x12, 0x97, 0xf0, 0x56,
    0x07, 0x93, 0xec, 0xf3, 0x11, 0x9b, 0xf0, 0xff, 0x23, 0xaf, 0xf5, 0xff, 0x29, 0xba, 0xf6, 0xff,
    0x2b, 0xc0, 0xf7, 0xff, 0x2b, 0xc1, 0xf7, 0xff, 0x2b, 0xc2, 0xf7, 0xff, 0x2c, 0xc4, 0xf8, 0xff,
    0x2c, 0xc4, 0xf8, 0xff, 0x2c, 0xc5, 0xf8, 0xff, 0x2c, 0xc6, 0xf8, 0xff, 0x2c, 0xc7, 0xf8, 0xff,
    0x2c, 0xc7, 0xf8, 0xff, 0x2c, 0xc8, 0xf8, 0xff, 0x2c, 0xc8, 0xf8, 0xff, 0x2c, 0xc8, 0xf8, 0xff,
    0x2c, 0xc8, 0xf8, 0xff, 0x2c, 0xc8, 0xf8, 0xff, 0x2c, 0xc7, 0xf8, 0xff, 0x2c, 0xc7, 0xf8, 0xff,
    0x2c, 0xc6, 0xf8, 0xff, 0x2c, 0xc6, 0xf8, 0xff, 0x2c, 0xc5, 0xf8, 0xff, 0x2c, 0xc4, 0xf8, 0xff,
    0x2b, 0xc3, 0xf8, 0xff, 0x2b, 0xc2, 0xf7, 0xff, 0x2b, 0xc1, 0xf7, 0xff, 0x21, 0xb4, 0xf5, 0xff,
    0x0b, 0x9a, 0xee, 0xff, 0x00, 0x8f, 0xeb, 0xff, 0x01, 0x8f, 0xeb, 0xff, 0x0c, 0x95, 0xee, 0xc5,
    0x10, 0x8f, 0xef, 0x10, 0x00, 0x00, 0x00, 0x00, 0x00, 0x00, 0x00, 0x00, 0x00, 0x00, 0x00, 0x00,
    0x00, 0x00, 0x00, 0x00, 0x00, 0x00, 0x00, 0x00, 0x00, 0x00, 0x00, 0x00, 0x00, 0x00, 0x00, 0x00,
    0x00, 0x00, 0x00, 0x00, 0x00, 0x00, 0x00, 0x00, 0x00, 0x00, 0x00, 0x00, 0x00, 0x00, 0x00, 0x00,
    0x00, 0x00, 0x00, 0x00, 0x00, 0x00, 0x00, 0x00, 0x00, 0x00, 0x00, 0x00, 0x00, 0x00, 0x00, 0x00,
    0x00, 0x00, 0x00, 0x00, 0x00, 0x00, 0x00, 0x00, 0x00, 0x00, 0x00, 0x00, 0x00, 0x00, 0x00, 0x00,
    0x00, 0x00, 0x00, 0x00, 0x00, 0x00, 0x00, 0x00, 0x00, 0x00, 0x00, 0x00, 0x00, 0x00, 0x00, 0x00,
    0x00, 0x00, 0x00, 0x00, 0x00, 0x00, 0x00, 0x00, 0x00, 0x00, 0x00, 0x00, 0x00, 0x00, 0x00, 0x00,
    0x00, 0x00, 0x00, 0x00, 0x00, 0x00, 0x00, 0x00, 0x00, 0x00, 0x00, 0x00, 0x00, 0x00, 0x00, 0x00,
    0x00, 0xaa, 0xff, 0x03, 0x0d, 0x95, 0xef, 0x8c, 0x04, 0x92, 0xec, 0xf7, 0x0d, 0x99, 0xef, 0xff,
    0x1d, 0xaa, 0xf3, 0xff, 0x28, 0xb9, 0xf6, 0xff, 0x2b, 0xbf, 0xf7, 0xff, 0x2b, 0xc1, 0xf7, 0xff,
    0x2b, 0xc2, 0xf7, 0xff, 0x2b, 0xc3, 0xf7, 0xff, 0x2c, 0xc3, 0xf8, 0xff, 0x2c, 0xc4, 0xf8, 0xff,
    0x2c, 0xc4, 0xf8, 0xff, 0x2c, 0xc5, 0xf8, 0xff, 0x2c, 0xc5, 0xf8, 0xff, 0x2c, 0xc5, 0xf8, 0xff,
    0x2c, 0xc5, 0xf8, 0xff, 0x2c, 0xc5, 0xf8, 0xff, 0x2c, 0xc5, 0xf8, 0xff, 0x2c, 0xc4, 0xf8, 0xff,
    0x2c, 0xc4, 0xf8, 0xff, 0x2b, 0xc3, 0xf8, 0xff, 0x2b, 0xc2, 0xf7, 0xff, 0x2b, 0xc1, 0xf7, 0xff,
    0x28, 0xbe, 0xf7, 0xff, 0x1a, 0xab, 0xf2, 0xff, 0x08, 0x97, 0xed, 0xff, 0x00, 0x8f, 0xeb, 0xff,
    0x00, 0x8f, 0xeb, 0xff, 0x09, 0x95, 0xed, 0xe2, 0x0f, 0x95, 0xf0, 0x46, 0x00, 0x00, 0x00, 0x00,
    0x00, 0x00, 0x00, 0x00, 0x00, 0x00, 0x00, 0x00, 0x00, 0x00, 0x00, 0x00, 0x00, 0x00, 0x00, 0x00,
    0x00, 0x00, 0x00, 0x00, 0x00, 0x00, 0x00, 0x00, 0x00, 0x00, 0x00, 0x00, 0x00, 0x00, 0x00, 0x00,
    0x00, 0x00, 0x00, 0x00, 0x00, 0x00, 0x00, 0x00, 0x00, 0x00, 0x00, 0x00, 0x00, 0x00, 0x00, 0x00,
    0x00, 0x00, 0x00, 0x00, 0x00, 0x00, 0x00, 0x00, 0x00, 0x00, 0x00, 0x00, 0x00, 0x00, 0x00, 0x00,
    0x00, 0x00, 0x00, 0x00, 0x00, 0x00, 0x00, 0x00, 0x00, 0x00, 0x00, 0x00, 0x00, 0x00, 0x00, 0x00,
    0x00, 0x00, 0x00, 0x00, 0x00, 0x00, 0x00, 0x00, 0x00, 0x00, 0x00, 0x00, 0x00, 0x00, 0x00, 0x00,
    0x00, 0x00, 0x00, 0x00, 0x00, 0x00, 0x00, 0x00, 0x00, 0x00, 0x00, 0x00, 0x00, 0x00, 0x00, 0x00,
    0x00, 0x00, 0x00, 0x00, 0x00, 0x00, 0x00, 0x00, 0x00, 0x00, 0x00, 0x00, 0x00, 0x00, 0x00, 0x00,
    0x00, 0x00, 0x00, 0x00, 0x00, 0x00, 0x00, 0x00, 0x00, 0x80, 0xff, 0x06, 0x0e, 0x96, 0xed, 0x8d,
    0x07, 0x93, 0xed, 0xf1, 0x03, 0x91, 0xeb, 0xff, 0x0e, 0x9b, 0xef, 0xff, 0x17, 0xa5, 0xf1, 0xff,
    0x20, 0xb2, 0xf4, 0xff, 0x29, 0xbd, 0xf6, 0xff, 0x2b, 0xc1, 0xf7, 0xff, 0x2b, 0xc1, 0xf7, 0xff,
    0x2b, 0xc2, 0xf7, 0xff, 0x2b, 0xc2, 0xf7, 0xff, 0x2b, 0xc2, 0xf7, 0xff, 0x2b, 0xc2, 0xf7, 0xff,
    0x2b, 0xc2, 0xf7, 0xff, 0x2b, 0xc2, 0xf7, 0xff, 0x2b, 0xc2, 0xf7, 0xff, 0x2b, 0xc1, 0xf7, 0xff,
    0x2a, 0xbf, 0xf6, 0xff, 0x21, 0xb5, 0xf4, 0xff, 0x17, 0xa9, 0xf2, 0xff, 0x0b, 0x9a, 0xee, 0xff,
    0x01, 0x90, 0xeb, 0xff, 0x00, 0x8f, 0xeb, 0xff, 0x02, 0x91, 0xec, 0xfe, 0x0b, 0x96, 0xed, 0xd3,
    0x10, 0x94, 0xef, 0x4f, 0x00, 0x00, 0x00, 0x00, 0x00, 0x00, 0x00, 0x00, 0x00, 0x00, 0x00, 0x00,
    0x00, 0x00, 0x00, 0x00, 0x00, 0x00, 0x00, 0x00, 0x00, 0x00, 0x00, 0x00, 0x00, 0x00, 0x00, 0x00,
    0x00, 0x00, 0x00, 0x00, 0x00, 0x00, 0x00, 0x00, 0x00, 0x00, 0x00, 0x00, 0x00, 0x00, 0x00, 0x00,
    0x00, 0x00, 0x00, 0x00, 0x00, 0x00, 0x00, 0x00, 0x00, 0x00, 0x00, 0x00, 0x00, 0x00, 0x00, 0x00,
    0x00, 0x00, 0x00, 0x00, 0x00, 0x00, 0x00, 0x00, 0x00, 0x00, 0x00, 0x00, 0x00, 0x00, 0x00, 0x00,
    0x00, 0x00, 0x00, 0x00, 0x00, 0x00, 0x00, 0x00, 0x00, 0x00, 0x00, 0x00, 0x00, 0x00, 0x00, 0x00,
    0x00, 0x00, 0x00, 0x00, 0x00, 0x00, 0x00, 0x00, 0x00, 0x00, 0x00, 0x00, 0x00, 0x00, 0x00, 0x00,
    0x00, 0x00, 0x00, 0x00, 0x00, 0x00, 0x00, 0x00, 0x00, 0x00, 0x00, 0x00, 0x00, 0x00, 0x00, 0x00,
    0x00, 0x00, 0x00, 0x00, 0x00, 0x00, 0x00, 0x00, 0x00, 0x00, 0x00, 0x00, 0x00, 0x00, 0x00, 0x00,
    0x00, 0x00, 0x00, 0x00, 0x00, 0x00, 0x00, 0x00, 0x00, 0x00, 0x00, 0x00, 0x00, 0x00, 0x00, 0x00,
    0x00, 0x00, 0x00, 0x00, 0x0d, 0x98, 0xed, 0x39, 0x0b, 0x96, 0xef, 0xb2, 0x07, 0x94, 0xed, 0xf1,
    0x01, 0x90, 0xeb, 0xff, 0x01, 0x90, 0xeb, 0xff, 0x07, 0x96, 0xed, 0xff, 0x0c, 0x9c, 0xee, 0xff,
    0x11, 0xa1, 0xef, 0xff, 0x14, 0xa3, 0xf0, 0xff, 0x15, 0xa6, 0xf1, 0xff, 0x14, 0xa5, 0xf1, 0xff,
    0x13, 0xa3, 0xf0, 0xff, 0x10, 0xa0, 0xf0, 0xff, 0x0c, 0x9b, 0xee, 0xff, 0x06, 0x95, 0xed, 0xff,
    0x01, 0x90, 0xeb, 0xff, 0x00, 0x8f, 0xeb, 0xff, 0x00, 0x8f, 0xeb, 0xff, 0x02, 0x91, 0xeb, 0xfe,
    0x09, 0x96, 0xed, 0xe1, 0x0e, 0x98, 0xef, 0x90, 0x16, 0xa6, 0xe9, 0x17, 0x00, 0x00, 0x00, 0x00,
    0x00, 0x00, 0x00, 0x00, 0x00, 0x00, 0x00, 0x00, 0x00, 0x00, 0x00, 0x00, 0x00, 0x00, 0x00, 0x00,
    0x00, 0x00, 0x00, 0x00, 0x00, 0x00, 0x00, 0x00, 0x00, 0x00, 0x00, 0x00, 0x00, 0x00, 0x00, 0x00,
    0x00, 0x00, 0x00, 0x00, 0x00, 0x00, 0x00, 0x00, 0x00, 0x00, 0x00, 0x00, 0x00, 0x00, 0x00, 0x00,
    0x00, 0x00, 0x00, 0x00, 0x00, 0x00, 0x00, 0x00, 0x00, 0x00, 0x00, 0x00, 0x00, 0x00, 0x00, 0x00,
    0x00, 0x00, 0x00, 0x00, 0x00, 0x00, 0x00, 0x00, 0x00, 0x00, 0x00, 0x00, 0x00, 0x00, 0x00, 0x00,
    0x00, 0x00, 0x00, 0x00, 0x00, 0x00, 0x00, 0x00, 0x00, 0x00, 0x00, 0x00, 0x00, 0x00, 0x00, 0x00,
    0x00, 0x00, 0x00, 0x00, 0x00, 0x00, 0x00, 0x00, 0x00, 0x00, 0x00, 0x00, 0x00, 0x00, 0x00, 0x00,
    0x00, 0x00, 0x00, 0x00, 0x00, 0x00, 0x00, 0x00, 0x00, 0x00, 0x00, 0x00, 0x00, 0x00, 0x00, 0x00,
    0x00, 0x00, 0x00, 0x00, 0x00, 0x00, 0x00, 0x00, 0x00, 0x00, 0x00, 0x00, 0x00, 0x00, 0x00, 0x00,
    0x00, 0x00, 0x00, 0x00, 0x00, 0x00, 0x00, 0x00, 0x00, 0x00, 0x00, 0x00, 0x00, 0x00, 0x00, 0x00,
    0x00, 0x00, 0x00, 0x00, 0x00, 0x00, 0x00, 0x00, 0x00, 0x00, 0x00, 0x00, 0x00, 0x00, 0x00, 0x00,
    0x0d, 0xa1, 0xf2, 0x13, 0x0f, 0x97, 0xee, 0x67, 0x0c, 0x98, 0xee, 0xa8, 0x0b, 0x96, 0xed, 0xd6,
    0x09, 0x96, 0xed, 0xe9, 0x05, 0x93, 0xed, 0xf4, 0x04, 0x92, 0xed, 0xf9, 0x03, 0x91, 0xec, 0xfd,
    0x04, 0x92, 0xec, 0xfb, 0x05, 0x93, 0xec, 0xfa, 0x06, 0x94, 0xec, 0xf4, 0x09, 0x95, 0xec, 0xe5,
    0x0b, 0x97, 0xee, 0xcc, 0x0e, 0x97, 0xed, 0xa0, 0x10, 0x94, 0xef, 0x4f, 0x00, 0x80, 0xff, 0x04,
    0x00, 0x00, 0x00, 0x00, 0x00, 0x00, 0x00, 0x00, 0x00, 0x00, 0x00, 0x00, 0x00, 0x00, 0x00, 0x00,
    0x00, 0x00, 0x00, 0x00, 0x00, 0x00, 0x00, 0x00, 0x00, 0x00, 0x00, 0x00, 0x00, 0x00, 0x00, 0x00,
    0x00, 0x00, 0x00, 0x00, 0x00, 0x00, 0x00, 0x00, 0x00, 0x00, 0x00, 0x00, 0x00, 0x00, 0x00, 0x00,
    0x00, 0x00, 0x00, 0x00, 0x00, 0x00, 0x00, 0x00, 0x00, 0x00, 0x00, 0x00, 0x00, 0x00, 0x00, 0x00,
    0x00, 0x00, 0x00, 0x00, 0x00, 0x00, 0x00, 0x00, 0x00, 0x00, 0x00, 0x00, 0x00, 0x00, 0x00, 0x00,
    0x00, 0x00, 0x00, 0x00, 0x00, 0x00, 0x00, 0x00, 0x00, 0x00, 0x00, 0x00, 0x00, 0x00, 0x00, 0x00,
    0x00, 0x00, 0x00, 0x00, 0x00, 0x00, 0x00, 0x00, 0x00, 0x00, 0x00, 0x00, 0x00, 0x00, 0x00, 0x00,
    0x00, 0x00, 0x00, 0x00, 0x00, 0x00, 0x00, 0x00, 0x00, 0x00, 0x00, 0x00, 0x00, 0x00, 0x00, 0x00,
    0x00, 0x00, 0x00, 0x00, 0x00, 0x00, 0x00, 0x00, 0x00, 0x00, 0x00, 0x00, 0x00, 0x00, 0x00, 0x00,
    0x00, 0x00, 0x00, 0x00, 0x00, 0x00, 0x00, 0x00, 0x00, 0x00, 0x00, 0x00, 0x00, 0x00, 0x00, 0x00,
    0x00, 0x00, 0x00, 0x00, 0x00, 0x00, 0x00, 0x00, 0x00, 0x00, 0x00, 0x00, 0x00, 0x00, 0x00, 0x00,
    0x00, 0x00, 0x00, 0x00, 0x00, 0x00, 0x00, 0x00, 0x00, 0x00, 0x00, 0x00, 0x00, 0x00, 0x00, 0x00,
    0x00, 0x00, 0x00, 0x00, 0x00, 0x00, 0x00, 0x00, 0x00, 0x00, 0x00, 0x00, 0x00, 0x00, 0x00, 0x00,
    0x00, 0x00, 0x00, 0x00, 0x00, 0x00, 0x00, 0x00, 0x00, 0x00, 0x00, 0x00, 0x00, 0x00, 0x00, 0x00,
    0x00, 0x00, 0x00, 0x00, 0x00, 0x00, 0x00, 0x00, 0x00, 0x00, 0x00, 0x00, 0x00, 0x00, 0x00, 0x00,
    0x00, 0x00, 0x00, 0x00, 0x00, 0x00, 0x00, 0x00, 0x00, 0x00, 0x00, 0x00, 0x00, 0x00, 0x00, 0x00,
    0x00, 0x00, 0x00, 0x00, 0x00, 0x00, 0x00, 0x00, 0x00, 0x00, 0x00, 0x00, 0x00, 0x00, 0x00, 0x00,
    0x00, 0x00, 0x00, 0x00, 0x00, 0x00, 0x00, 0x00, 0x00, 0x00, 0x00, 0x00, 0x00, 0x00, 0x00, 0x00,
    0x00, 0x00, 0x00, 0x00, 0x00, 0x00, 0x00, 0x00, 0x00, 0x00, 0x00, 0x00, 0x00, 0x00, 0x00, 0x00,
    0x00, 0x00, 0x00, 0x00, 0x00, 0x00, 0x00, 0x00, 0x00, 0x00, 0x00, 0x00, 0x00, 0x00, 0x00, 0x00,
    0x00, 0x00, 0x00, 0x00, 0x00, 0x00, 0x00, 0x00, 0x00, 0x00, 0x00, 0x00, 0x00, 0x00, 0x00, 0x00,
    0x00, 0x00, 0x00, 0x00, 0x00, 0x00, 0x00, 0x00, 0x00, 0x00, 0x00, 0x00, 0x00, 0x00, 0x00, 0x00,
    0x00, 0x00, 0x00, 0x00, 0x00, 0x00, 0x00, 0x00, 0x00, 0x00, 0x00, 0x00, 0x00, 0x00, 0x00, 0x00,
    0x00, 0x00, 0x00, 0x00, 0x00, 0x00, 0x00, 0x00, 0x00, 0x00, 0x00, 0x00, 0x00, 0x00, 0x00, 0x00,
    0x00, 0x00, 0x00, 0x00, 0x00, 0x00, 0x00, 0x00, 0x00, 0x00, 0x00, 0x00, 0x00, 0x00, 0x00, 0x00,
    0x00, 0x00, 0x00, 0x00, 0x00, 0x00, 0x00, 0x00, 0x00, 0x00, 0x00, 0x00, 0x00, 0x00, 0x00, 0x00,
    0x00, 0x00, 0x00, 0x00, 0x00, 0x00, 0x00, 0x00, 0x00, 0x00, 0x00, 0x00, 0x00, 0x00, 0x00, 0x00,
    0x00, 0x00, 0x00, 0x00, 0x00, 0x00, 0x00, 0x00, 0x00, 0x00, 0x00, 0x00, 0x00, 0x00, 0x00, 0x00,
    0x00, 0x00, 0x00, 0x00, 0x00, 0x00, 0x00, 0x00, 0x00, 0x00, 0x00, 0x00, 0x00, 0x00, 0x00, 0x00,
    0x00, 0x00, 0x00, 0x00, 0x00, 0x00, 0x00, 0x00, 0x00, 0x00, 0x00, 0x00, 0x00, 0x00, 0x00, 0x00,
    0x00, 0x00, 0x00, 0x00, 0x00, 0x00, 0x00, 0x00, 0x00, 0x00, 0x00, 0x00, 0x00, 0x00, 0x00, 0x00,
    0x00, 0x00, 0x00, 0x00, 0x00, 0x00, 0x00, 0x00, 0x00, 0x00, 0x00, 0x00, 0x00, 0x00, 0x00, 0x00,
    0x00, 0x00, 0x00, 0x00, 0x00, 0x00, 0x00, 0x00, 0x00, 0x00, 0x00, 0x00, 0x00, 0x00, 0x00, 0x00,
    0x00, 0x00, 0x00, 0x00, 0x00, 0x00, 0x00, 0x00, 0x00, 0x00, 0x00, 0x00, 0x00, 0x00, 0x00, 0x00,
    0x00, 0x00, 0x00, 0x00, 0x00, 0x00, 0x00, 0x00, 0x00, 0x00, 0x00, 0x00, 0x00, 0x00, 0x00, 0x00,
    0x00, 0x00, 0x00, 0x00, 0x00, 0x00, 0x00, 0x00, 0x00, 0x00, 0x00, 0x00, 0x00, 0x00, 0x00, 0x00,
    0x00, 0x00, 0x00, 0x00, 0x00, 0x00, 0x00, 0x00, 0x00, 0x00, 0x00, 0x00, 0x00, 0x00, 0x00, 0x00,
    0x00, 0x00, 0x00, 0x00, 0x00, 0x00, 0x00, 0x00, 0x00, 0x00, 0x00, 0x00, 0x00, 0x00, 0x00, 0x00,
    0x00, 0x00, 0x00, 0x00, 0x00, 0x00, 0x00, 0x00, 0x00, 0x00, 0x00, 0x00, 0x00, 0x00, 0x00, 0x00,
    0x00, 0x00, 0x00, 0x00, 0x00, 0x00, 0x00, 0x00, 0x00, 0x00, 0x00, 0x00, 0x00, 0x00, 0x00, 0x00,
    0x00, 0x00, 0x00, 0x00, 0x00, 0x00, 0x00, 0x00, 0x00, 0x00, 0x00, 0x00, 0x00, 0x00, 0x00, 0x00,
    0x00, 0x00, 0x00, 0x00, 0x00, 0x00, 0x00, 0x00, 0x00, 0x00, 0x00, 0x00, 0x00, 0x00, 0x00, 0x00,
    0x00, 0x00, 0x00, 0x00, 0x00, 0x00, 0x00, 0x00, 0x00, 0x00, 0x00, 0x00, 0x00, 0x00, 0x00, 0x00,
    0x00, 0x00, 0x00, 0x00, 0x00, 0x00, 0x00, 0x00, 0x00, 0x00, 0x00, 0x00, 0x00, 0x00, 0x00, 0x00,
    0x00, 0x00, 0x00, 0x00, 0x00, 0x00, 0x00, 0x00, 0x00, 0x00, 0x00, 0x00, 0x00, 0x00, 0x00, 0x00,
    0x00, 0x00, 0x00, 0x00, 0x00, 0x00, 0x00, 0x00, 0x00, 0x00, 0x00, 0x00, 0x00, 0x00, 0x00, 0x00,
    0x00, 0x00, 0x00, 0x00, 0x00, 0x00, 0x00, 0x00, 0x00, 0x00, 0x00, 0x00, 0x00, 0x00, 0x00, 0x00,
    0x00, 0x00, 0x00, 0x00, 0x00, 0x00, 0x00, 0x00, 0x00, 0x00, 0x00, 0x00, 0x00, 0x00, 0x00, 0x00,
    0x00, 0x00, 0x00, 0x00, 0x00, 0x00, 0x00, 0x00, 0x00, 0x00, 0x00, 0x00, 0x00, 0x00, 0x00, 0x00,
    0x00, 0x00, 0x00, 0x00, 0x00, 0x00, 0x00, 0x00, 0x00, 0x00, 0x00, 0x00, 0x00, 0x00, 0x00, 0x00,
    0x00, 0x00, 0x00, 0x00, 0x00, 0x00, 0x00, 0x00, 0x00, 0x00, 0x00, 0x00, 0x00, 0x00, 0x00, 0x00,
    0x00, 0x00, 0x00, 0x00, 0x00, 0x00, 0x00, 0x00, 0x00, 0x00, 0x00, 0x00, 0x00, 0x00, 0x00, 0x00,
    0x00, 0x00, 0x00, 0x00, 0x00, 0x00, 0x00, 0x00, 0x00, 0x00, 0x00, 0x00, 0x00, 0x00, 0x00, 0x00,
    0x00, 0x00, 0x00, 0x00, 0x00, 0x00, 0x00, 0x00, 0x00, 0x00, 0x00, 0x00, 0x00, 0x00, 0x00, 0x00,
    0x00, 0x00, 0x00, 0x00, 0x00, 0x00, 0x00, 0x00, 0x00, 0x00, 0x00, 0x00, 0x00, 0x00, 0x00, 0x00,
    0x00, 0x00, 0x00, 0x00, 0x00, 0x00, 0x00, 0x00, 0x00, 0x00, 0x00, 0x00, 0x00, 0x00, 0x00, 0x00,
    0x00, 0x00, 0x00, 0x00, 0x00, 0x00, 0x00, 0x00, 0x00, 0x00, 0x00, 0x00, 0x00, 0x00, 0x00, 0x00,
    0x00, 0x00, 0x00, 0x00, 0x00, 0x00, 0x00, 0x00, 0x00, 0x00, 0x00, 0x00, 0x00, 0x00, 0x00, 0x00,
    0x00, 0x00, 0x00, 0x00, 0x00, 0x00, 0x00, 0x00, 0x00, 0x00, 0x00, 0x00, 0x00, 0x00, 0x00, 0x00,
    0x00, 0x00, 0x00, 0x00, 0x00, 0x00, 0x00, 0x00, 0x00, 0x00, 0x00, 0x00, 0x00, 0x00, 0x00, 0x00,
    0x00, 0x00, 0x00, 0x00, 0x00, 0x00, 0x00, 0x00, 0x00, 0x00, 0x00, 0x00, 0x00, 0x00, 0x00, 0x00,
    0x00, 0x00, 0x00, 0x00, 0x00, 0x00, 0x00, 0x00, 0x00, 0x00, 0x00, 0x00, 0x00, 0x00, 0x00, 0x00,
    0x00, 0x00, 0x00, 0x00, 0x00, 0x00, 0x00, 0x00, 0x00, 0x00, 0x00, 0x00, 0x00, 0x00, 0x00, 0x00,
    0x00, 0x00, 0x00, 0x00, 0x00, 0x00, 0x00, 0x00, 0x00, 0x00, 0x00, 0x00, 0x00, 0x00, 0x00, 0x00,
    0x00, 0x00, 0x00, 0x00, 0x00, 0x00, 0x00, 0x00, 0x00, 0x00, 0x00, 0x00, 0x00, 0x00, 0x00, 0x00,
    0x00, 0x00, 0x00, 0x00, 0x00, 0x00, 0x00, 0x00, 0x00, 0x00, 0x00, 0x00, 0x00, 0x00, 0x00, 0x00,
    0x00, 0x00, 0x00, 0x00, 0x00, 0x00, 0x00, 0x00, 0x00, 0x00, 0x00, 0x00, 0x00, 0x00, 0x00, 0x00,
    0x00, 0x00, 0x00, 0x00, 0x00, 0x00, 0x00, 0x00, 0x00, 0x00, 0x00, 0x00, 0x00, 0x00, 0x00, 0x00,
    0x00, 0x00, 0x00, 0x00, 0x00, 0x00, 0x00, 0x00, 0x00, 0x00, 0x00, 0x00, 0x00, 0x00, 0x00, 0x00,
    0x00, 0x00, 0x00, 0x00, 0x00, 0x00, 0x00, 0x00, 0x00, 0x00, 0x00, 0x00, 0x00, 0x00, 0x00, 0x00,
    0x00, 0x00, 0x00, 0x00, 0x00, 0x00, 0x00, 0x00, 0x00, 0x00, 0x00, 0x00, 0x00, 0x00, 0x00, 0x00,
    0x00, 0x00, 0x00, 0x00, 0x00, 0x00, 0x00, 0x00, 0x00, 0x00, 0x00, 0x00, 0x00, 0x00, 0x00, 0x00,
    0x00, 0x00, 0x00, 0x00, 0x00, 0x00, 0x00, 0x00, 0x00, 0x00, 0x00, 0x00, 0x00, 0x00, 0x00, 0x00,
    0x00, 0x00, 0x00, 0x00, 0x00, 0x00, 0x00, 0x00, 0x00, 0x00, 0x00, 0x00, 0x00, 0x00, 0x00, 0x00,
    0x00, 0x00, 0x00, 0x00, 0x00, 0x00, 0x00, 0x00, 0x00, 0x00, 0x00, 0x00, 0x00, 0x00, 0x00, 0x00,
    0x00, 0x00, 0x00, 0x00, 0x00, 0x00, 0x00, 0x00, 0x00, 0x00, 0x00, 0x00, 0x00, 0x00, 0x00, 0x00,
    0x00, 0x00, 0x00, 0x00, 0x00, 0x00, 0x00, 0x00, 0x00, 0x00, 0x00, 0x00, 0x00, 0x00, 0x00, 0x00,
    0x00, 0x00, 0x00, 0x00, 0x00, 0x00, 0x00, 0x00, 0x00, 0x00, 0x00, 0x00, 0x00, 0x00, 0x00, 0x00,
    0x00, 0x00, 0x00, 0x00, 0x00, 0x00, 0x00, 0x00, 0x00, 0x00, 0x00, 0x00, 0x00, 0x00, 0x00, 0x00,
    0x00, 0x00, 0x00, 0x00, 0x00, 0x00, 0x00, 0x00, 0x00, 0x00, 0x00, 0x00, 0x00, 0x00, 0x00, 0x00,
    0x00, 0x00, 0x00, 0x00, 0x00, 0x00, 0x00, 0x00, 0x00, 0x00, 0x00, 0x00, 0x00, 0x00, 0x00, 0x00,
    0x00, 0x00, 0x00, 0x00, 0x00, 0x00, 0x00, 0x00, 0x00, 0x00, 0x00, 0x00, 0x00, 0x00, 0x00, 0x00,
    0x00, 0x00, 0x00, 0x00, 0x00, 0x00, 0x00, 0x00, 0x00, 0x00, 0x00, 0x00, 0x00, 0x00, 0x00, 0x00,
    0x00, 0x00, 0x00, 0x00, 0x00, 0x00, 0x00, 0x00, 0x00, 0x00, 0x00, 0x00, 0x00, 0x00, 0x00, 0x00,
    0x00, 0x00, 0x00, 0x00, 0x00, 0x00, 0x00, 0x00, 0x00, 0x00, 0x00, 0x00, 0x00, 0x00, 0x00, 0x00,
    0x00, 0x00, 0x00, 0x00, 0x00, 0x00, 0x00, 0x00, 0x00, 0x00, 0x00, 0x00, 0x00, 0x00, 0x00, 0x00,
    0x00, 0x00, 0x00, 0x00, 0x00, 0x00, 0x00, 0x00, 0x00, 0x00, 0x00, 0x00, 0x00, 0x00, 0x00, 0x00,
    0x00, 0x00, 0x00, 0x00, 0x00, 0x00, 0x00, 0x00, 0x00, 0x00, 0x00, 0x00, 0x00, 0x00, 0x00, 0x00,
    0x00, 0x00, 0x00, 0x00, 0x00, 0x00, 0x00, 0x00, 0x00, 0x00, 0x00, 0x00, 0x00, 0x00, 0x00, 0x00,
    0x00, 0x00, 0x00, 0x00, 0x00, 0x00, 0x00, 0x00, 0x00, 0x00, 0x00, 0x00, 0x00, 0x00, 0x00, 0x00,
    0x00, 0x00, 0x00, 0x00, 0x00, 0x00, 0x00, 0x00, 0x00, 0x00, 0x00, 0x00, 0x00, 0x00, 0x00, 0x00,
    0x00, 0x00, 0x00, 0x00, 0x00, 0x00, 0x00, 0x00, 0x00, 0x00, 0x00, 0x00, 0x00, 0x00, 0x00, 0x00,
    0x00, 0x00, 0x00, 0x00, 0x00, 0x00, 0x00, 0x00, 0x00, 0x00, 0x00, 0x00, 0x00, 0x00, 0x00, 0x00,
    0x00, 0x00, 0x00, 0x00, 0x00, 0x00, 0x00, 0x00, 0x00, 0x00, 0x00, 0x00, 0x00, 0x00, 0x00, 0x00,
    0x00, 0x00, 0x00, 0x00, 0x00, 0x00, 0x00, 0x00, 0x00, 0x00, 0x00, 0x00, 0x00, 0x00, 0x00, 0x00,
    0x00, 0x00, 0x00, 0x00, 0x00, 0x00, 0x00, 0x00, 0x00, 0x00, 0x00, 0x00, 0x00, 0x00, 0x00, 0x00,
    0x00, 0x00, 0x00, 0x00, 0x00, 0x00, 0x00, 0x00, 0x00, 0x00, 0x00, 0x00, 0x00, 0x00, 0x00, 0x00,
    0x00, 0x00, 0x00, 0x00, 0x00, 0x00, 0x00, 0x00, 0x00, 0x00, 0x00, 0x00, 0x00, 0x00, 0x00, 0x00,
    0x00, 0x00, 0x00, 0x00, 0x00, 0x00, 0x00, 0x00, 0x00, 0x00, 0x00, 0x00, 0x00, 0x00, 0x00, 0x00,
    0x00, 0x00, 0x00, 0x00, 0x00, 0x00, 0x00, 0x00, 0x00, 0x00, 0x00, 0x00, 0x00, 0x00, 0x00, 0x00,
    0x00, 0x00, 0x00, 0x00, 0x00, 0x00, 0x00, 0x00, 0x00, 0x00, 0x00, 0x00, 0x00, 0x00, 0x00, 0x00,
    0x00, 0x00, 0x00, 0x00, 0x00, 0x00, 0x00, 0x00, 0x00, 0x00, 0x00, 0x00, 0x00, 0x00, 0x00, 0x00,
    0x00, 0x00, 0x00, 0x00, 0x00, 0x00, 0x00, 0x00, 0x00, 0x00, 0x00, 0x00, 0x00, 0x00, 0x00, 0x00,
    0x00, 0x00, 0x00, 0x00, 0x00, 0x00, 0x00, 0x00, 0x00, 0x00, 0x00, 0x00, 0x00, 0x00, 0x00, 0x00,
    0x00, 0x00, 0x00, 0x00, 0x00, 0x00, 0x00, 0x00, 0x00, 0x00, 0x00, 0x00, 0x00, 0x00, 0x00, 0x00,
    0x00, 0x00, 0x00, 0x00, 0x00, 0x00, 0x00, 0x00, 0x00, 0x00, 0x00, 0x00, 0x00, 0x00, 0x00, 0x00,
    0x00, 0x00, 0x00, 0x00, 0x00, 0x00, 0x00, 0x00, 0x00, 0x00, 0x00, 0x00, 0x00, 0x00, 0x00, 0x00,
    0x00, 0x00, 0x00, 0x00, 0x00, 0x00, 0x00, 0x00, 0x00, 0x00, 0x00, 0x00, 0x00, 0x00, 0x00, 0x00,
    0x00, 0x00, 0x00, 0x00, 0x00, 0x00, 0x00, 0x00, 0x00, 0x00, 0x00, 0x00, 0x00, 0x00, 0x00, 0x00,
    0x00, 0x00, 0x00, 0x00, 0x00, 0x00, 0x00, 0x00, 0x00, 0x00, 0x00, 0x00, 0x00, 0x00, 0x00, 0x00,
    0x00, 0x00, 0x00, 0x00, 0x00, 0x00, 0x00, 0x00, 0x00, 0x00, 0x00, 0x00, 0x00, 0x00, 0x00, 0x00,
    0x00, 0x00, 0x00, 0x00, 0x00, 0x00, 0x00, 0x00, 0x00, 0x00, 0x00, 0x00, 0x00, 0x00, 0x00, 0x00,
    0x00, 0x00, 0x00, 0x00, 0x00, 0x00, 0x00, 0x00, 0x00, 0x00, 0x00, 0x00, 0x00, 0x00, 0x00, 0x00,
    0x00, 0x00, 0x00, 0x00, 0x00, 0x00, 0x00, 0x00, 0x00, 0x00, 0x00, 0x00, 0x00, 0x00, 0x00, 0x00,
    0x00, 0x00, 0x00, 0x00, 0x00, 0x00, 0x00, 0x00, 0x00, 0x00, 0x00, 0x00, 0x00, 0x00, 0x00, 0x00,
    0x00, 0x00, 0x00, 0x00, 0x00, 0x00, 0x00, 0x00, 0x00, 0x00, 0x00, 0x00, 0x00, 0x00, 0x00, 0x00,
    0x00, 0x00, 0x00, 0x00, 0x00, 0x00, 0x00, 0x00, 0x00, 0x00, 0x00, 0x00, 0x00, 0x00, 0x00, 0x00,
    0x00, 0x00, 0x00, 0x00, 0x00, 0x00, 0x00, 0x00, 0x00, 0x00, 0x00, 0x00, 0x00, 0x00, 0x00, 0x00,
};

/* U+1F60C; source SHA256: 3267b0be48dc7f079f5c47385ab8be7b9a699c24f5cf861074f38dd19ea0f551 */
_Alignas(LV_DRAW_BUF_ALIGN) static const uint8_t relaxed_pixels[] = {
    0x00, 0x00, 0x00, 0x00, 0x00, 0x00, 0x00, 0x00, 0x00, 0x00, 0x00, 0x00, 0x00, 0x00, 0x00, 0x00,
    0x00, 0x00, 0x00, 0x00, 0x00, 0x00, 0x00, 0x00, 0x00, 0x00, 0x00, 0x00, 0x00, 0x00, 0x00, 0x00,
    0x00, 0x00, 0x00, 0x00, 0x00, 0x00, 0x00, 0x00, 0x00, 0x00, 0x00, 0x00, 0x00, 0x00, 0x00, 0x00,
    0x00, 0x00, 0x00, 0x00, 0x00, 0x00, 0x00, 0x00, 0x00, 0x00, 0x00, 0x00, 0x00, 0x00, 0x00, 0x00,
    0x00, 0x00, 0x00, 0x00, 0x00, 0x00, 0x00, 0x00, 0x00, 0x00, 0x00, 0x00, 0x00, 0x00, 0x00, 0x00,
    0x00, 0x00, 0x00, 0x00, 0x00, 0x00, 0x00, 0x00, 0x00, 0x00, 0x00, 0x00, 0x00, 0x00, 0x00, 0x00,
    0x00, 0x00, 0x00, 0x00, 0x00, 0x00, 0x00, 0x00, 0x00, 0x00, 0x00, 0x00, 0x00, 0x00, 0x00, 0x00,
    0x00, 0x00, 0x00, 0x00, 0x00, 0x00, 0x00, 0x00, 0x00, 0x00, 0x00, 0x00, 0x00, 0x00, 0x00, 0x00,
    0x00, 0x00, 0x00, 0x00, 0x00, 0x00, 0x00, 0x00, 0x00, 0x00, 0x00, 0x00, 0x00, 0x00, 0x00, 0x00,
    0x00, 0x00, 0x00, 0x00, 0x00, 0x00, 0x00, 0x00, 0x00, 0x00, 0x00, 0x00, 0x00, 0x00, 0x00, 0x00,
    0x00, 0x00, 0x00, 0x00, 0x00, 0x00, 0x00, 0x00, 0x00, 0x00, 0x00, 0x00, 0x00, 0x00, 0x00, 0x00,
    0x00, 0x00, 0x00, 0x00, 0x00, 0x00, 0x00, 0x00, 0x00, 0x00, 0x00, 0x00, 0x00, 0x00, 0x00, 0x00,
    0x00, 0x00, 0x00, 0x00, 0x00, 0x00, 0x00, 0x00, 0x00, 0x00, 0x00, 0x00, 0x00, 0x00, 0x00, 0x00,
    0x00, 0x00, 0x00, 0x00, 0x00, 0x00, 0x00, 0x00, 0x00, 0x00, 0x00, 0x00, 0x00, 0x00, 0x00, 0x00,
    0x00, 0x00, 0x00, 0x00, 0x00, 0x00, 0x00, 0x00, 0x00, 0x00, 0x00, 0x00, 0x00, 0x00, 0x00, 0x00,
    0x00, 0x00, 0x00, 0x00, 0x00, 0x00, 0x00, 0x00, 0x00, 0x00, 0x00, 0x00, 0x00, 0x00, 0x00, 0x00,
    0x00, 0x00, 0x00, 0x00, 0x00, 0x00, 0x00, 0x00, 0x00, 0x00, 0x00, 0x00, 0x00, 0x00, 0x00, 0x00,
    0x00, 0x00, 0x00, 0x00, 0x00, 0x00, 0x00, 0x00, 0x00, 0x00, 0x00, 0x00, 0x00, 0x00, 0x00, 0x00,
    0x00, 0x00, 0x00, 0x00, 0x00, 0x00, 0x00, 0x00, 0x00, 0x00, 0x00, 0x00, 0x00, 0x00, 0x00, 0x00,
    0x00, 0x00, 0x00, 0x00, 0x00, 0x00, 0x00, 0x00, 0x00, 0x00, 0x00, 0x00, 0x00, 0x00, 0x00, 0x00,
    0x00, 0x00, 0x00, 0x00, 0x00, 0x00, 0x00, 0x00, 0x00, 0x00, 0x00, 0x00, 0x00, 0x00, 0x00, 0x00,
    0x00, 0x00, 0x00, 0x00, 0x00, 0x00, 0x00, 0x00, 0x00, 0x00, 0x00, 0x00, 0x00, 0x00, 0x00, 0x00,
    0x00, 0x00, 0x00, 0x00, 0x00, 0x00, 0x00, 0x00, 0x00, 0x00, 0x00, 0x00, 0x00, 0x00, 0x00, 0x00,
    0x00, 0x00, 0x00, 0x00, 0x00, 0x00, 0x00, 0x00, 0x00, 0x00, 0x00, 0x00, 0x00, 0x00, 0x00, 0x00,
    0x00, 0x00, 0x00, 0x00, 0x00, 0x00, 0x00, 0x00, 0x00, 0x00, 0x00, 0x00, 0x00, 0x00, 0x00, 0x00,
    0x00, 0x00, 0x00, 0x00, 0x00, 0x00, 0x00, 0x00, 0x00, 0x00, 0x00, 0x00, 0x00, 0x00, 0x00, 0x00,
    0x00, 0x00, 0x00, 0x00, 0x00, 0x00, 0x00, 0x00, 0x00, 0x00, 0x00, 0x00, 0x00, 0x00, 0x00, 0x00,
    0x00, 0x00, 0x00, 0x00, 0x00, 0x00, 0x00, 0x00, 0x00, 0x00, 0x00, 0x00, 0x00, 0x00, 0x00, 0x00,
    0x00, 0x00, 0x00, 0x00, 0x00, 0x00, 0x00, 0x00, 0x00, 0x00, 0x00, 0x00, 0x00, 0x00, 0x00, 0x00,
    0x00, 0x00, 0x00, 0x00, 0x00, 0x00, 0x00, 0x00, 0x00, 0x00, 0x00, 0x00, 0x00, 0x00, 0x00, 0x00,
    0x00, 0x00, 0x00, 0x00, 0x00, 0x00, 0x00, 0x00, 0x00, 0x00, 0x00, 0x00, 0x00, 0x00, 0x00, 0x00,
    0x00, 0x00, 0x00, 0x00, 0x00, 0x00, 0x00, 0x00, 0x00, 0x00, 0x00, 0x00, 0x00, 0x00, 0x00, 0x00,
    0x00, 0x00, 0x00, 0x00, 0x00, 0x00, 0x00, 0x00, 0x00, 0x00, 0x00, 0x00, 0x00, 0x00, 0x00, 0x00,
    0x00, 0x00, 0x00, 0x00, 0x00, 0x00, 0x00, 0x00, 0x00, 0x00, 0x00, 0x00, 0x00, 0x00, 0x00, 0x00,
    0x00, 0x00, 0x00, 0x00, 0x00, 0x00, 0x00, 0x00, 0x00, 0x00, 0x00, 0x00, 0x00, 0x00, 0x00, 0x00,
    0x00, 0x00, 0x00, 0x00, 0x00, 0x00, 0x00, 0x00, 0x00, 0x00, 0x00, 0x00, 0x00, 0x00, 0x00, 0x00,
    0x00, 0x00, 0x00, 0x00, 0x00, 0x00, 0x00, 0x00, 0x00, 0x00, 0x00, 0x00, 0x00, 0x00, 0x00, 0x00,
    0x00, 0x00, 0x00, 0x00, 0x00, 0x00, 0x00, 0x00, 0x00, 0x00, 0x00, 0x00, 0x00, 0x00, 0x00, 0x00,
    0x00, 0x00, 0x00, 0x00, 0x00, 0x00, 0x00, 0x00, 0x00, 0x00, 0x00, 0x00, 0x00, 0x00, 0x00, 0x00,
    0x00, 0x00, 0x00, 0x00, 0x00, 0x00, 0x00, 0x00, 0x00, 0x00, 0x00, 0x00, 0x00, 0x00, 0x00, 0x00,
    0x00, 0x00, 0x00, 0x00, 0x00, 0x00, 0x00, 0x00, 0x00, 0x00, 0x00, 0x00, 0x00, 0x00, 0x00, 0x00,
    0x00, 0x00, 0x00, 0x00, 0x00, 0x00, 0x00, 0x00, 0x00, 0x00, 0x00, 0x00, 0x00, 0x00, 0x00, 0x00,
    0x00, 0x00, 0x00, 0x00, 0x00, 0x00, 0x00, 0x00, 0x00, 0x00, 0x00, 0x00, 0x00, 0x00, 0x00, 0x00,
    0x00, 0x00, 0x00, 0x00, 0x00, 0x00, 0x00, 0x00, 0x00, 0x00, 0x00, 0x00, 0x00, 0x00, 0x00, 0x00,
    0x00, 0x00, 0x00, 0x00, 0x00, 0x00, 0x00, 0x00, 0x00, 0x00, 0x00, 0x00, 0x00, 0x00, 0x00, 0x00,
    0x00, 0x00, 0x00, 0x00, 0x00, 0x00, 0x00, 0x00, 0x00, 0x00, 0x00, 0x00, 0x00, 0x00, 0x00, 0x00,
    0x00, 0x00, 0x00, 0x00, 0x00, 0x00, 0x00, 0x00, 0x00, 0x00, 0x00, 0x00, 0x00, 0x00, 0x00, 0x00,
    0x00, 0x00, 0x00, 0x00, 0x00, 0x00, 0x00, 0x00, 0x00, 0x00, 0x00, 0x00, 0x00, 0x00, 0x00, 0x00,
    0x00, 0x00, 0x00, 0x00, 0x00, 0x00, 0x00, 0x00, 0x00, 0x00, 0x00, 0x00, 0x00, 0x00, 0x00, 0x00,
    0x00, 0x00, 0x00, 0x00, 0x00, 0x00, 0x00, 0x00, 0x00, 0x00, 0x00, 0x00, 0x00, 0x00, 0x00, 0x00,
    0x00, 0x00, 0x00, 0x00, 0x00, 0x00, 0x00, 0x00, 0x00, 0x00, 0x00, 0x00, 0x00, 0x00, 0x00, 0x00,
    0x00, 0x00, 0x00, 0x00, 0x00, 0x00, 0x00, 0x00, 0x00, 0x00, 0x00, 0x00, 0x00, 0x00, 0x00, 0x00,
    0x00, 0x00, 0x00, 0x00, 0x00, 0x00, 0x00, 0x00, 0x00, 0x00, 0x00, 0x00, 0x00, 0x00, 0x00, 0x00,
    0x00, 0x00, 0x00, 0x00, 0x00, 0x00, 0x00, 0x00, 0x00, 0x00, 0x00, 0x00, 0x00, 0x00, 0x00, 0x00,
    0x00, 0x00, 0x00, 0x00, 0x00, 0x00, 0x00, 0x00, 0x00, 0x00, 0x00, 0x00, 0x00, 0x00, 0x00, 0x00,
    0x00, 0x00, 0x00, 0x00, 0x00, 0x00, 0x00, 0x00, 0x00, 0x00, 0x00, 0x00, 0x00, 0x00, 0x00, 0x00,
    0x00, 0x00, 0x00, 0x00, 0x00, 0x00, 0x00, 0x00, 0x00, 0x00, 0x00, 0x00, 0x00, 0x00, 0x00, 0x00,
    0x00, 0x00, 0x00, 0x00, 0x00, 0x00, 0x00, 0x00, 0x00, 0x00, 0x00, 0x00, 0x00, 0x00, 0x00, 0x00,
    0x00, 0x00, 0x00, 0x00, 0x00, 0x00, 0x00, 0x00, 0x00, 0x00, 0x00, 0x00, 0x00, 0x00, 0x00, 0x00,
    0x00, 0x00, 0x00, 0x00, 0x00, 0x00, 0x00, 0x00, 0x00, 0x00, 0x00, 0x00, 0x00, 0x00, 0x00, 0x00,
    0x00, 0x00, 0x00, 0x00, 0x00, 0x00, 0x00, 0x00, 0x00, 0x00, 0x00, 0x00, 0x00, 0x00, 0x00, 0x00,
    0x00, 0x00, 0x00, 0x00, 0x00, 0x00, 0x00, 0x00, 0x00, 0x00, 0x00, 0x00, 0x00, 0x00, 0x00, 0x00,
    0x00, 0x00, 0x00, 0x00, 0x00, 0x00, 0x00, 0x00, 0x00, 0x00, 0x00, 0x00, 0x00, 0x00, 0x00, 0x00,
    0x00, 0x00, 0x00, 0x00, 0x00, 0x00, 0x00, 0x00, 0x00, 0x00, 0x00, 0x00, 0x00, 0x00, 0x00, 0x00,
    0x00, 0x00, 0x00, 0x00, 0x00, 0x00, 0x00, 0x00, 0x00, 0x00, 0x00, 0x00, 0x00, 0x00, 0x00, 0x00,
    0x00, 0x00, 0x00, 0x00, 0x00, 0x00, 0x00, 0x00, 0x00, 0x00, 0x00, 0x00, 0x00, 0x00, 0x00, 0x00,
    0x00, 0x00, 0x00, 0x00, 0x00, 0x00, 0x00, 0x00, 0x00, 0x00, 0x00, 0x00, 0x00, 0x00, 0x00, 0x00,
    0x00, 0x00, 0x00, 0x00, 0x00, 0x00, 0x00, 0x00, 0x00, 0x00, 0x00, 0x00, 0x00, 0x00, 0x00, 0x00,
    0x00, 0x00, 0x00, 0x00, 0x00, 0x00, 0x00, 0x00, 0x00, 0x00, 0x00, 0x00, 0x00, 0x00, 0x00, 0x00,
    0x00, 0x00, 0x00, 0x00, 0x00, 0x00, 0x00, 0x00, 0x00, 0x00, 0x00, 0x00, 0x00, 0x00, 0x00, 0x00,
    0x00, 0x00, 0x00, 0x00, 0x40, 0xbf, 0xff, 0x04, 0x23, 0xa2, 0xf3, 0x2c, 0x24, 0xa7, 0xf4, 0x5d,
    0x26, 0xa9, 0xf4, 0x79, 0x25, 0xa9, 0xf6, 0x89, 0x24, 0xab, 0xf5, 0x9a, 0x26, 0xad, 0xf5, 0xaa,
    0x26, 0xad, 0xf5, 0xaa, 0x25, 0xab, 0xf5, 0x9d, 0x24, 0xaa, 0xf5, 0x93, 0x25, 0xa8, 0xf4, 0x75,
    0x24, 0xa6, 0xf3, 0x56, 0x21, 0xa3, 0xf4, 0x2f, 0x40, 0xbf, 0xff, 0x04, 0x00, 0x00, 0x00, 0x00,
    0x00, 0x00, 0x00, 0x00, 0x00, 0x00, 0x00, 0x00, 0x00, 0x00, 0x00, 0x00, 0x00, 0x00, 0x00, 0x00,
    0x00, 0x00, 0x00, 0x00, 0x00, 0x00, 0x00, 0x00, 0x00, 0x00, 0x00, 0x00, 0x00, 0x00, 0x00, 0x00,
    0x00, 0x00, 0x00, 0x00, 0x00, 0x00, 0x00, 0x00, 0x00, 0x00, 0x00, 0x00, 0x00, 0x00, 0x00, 0x00,
    0x00, 0x00, 0x00, 0x00, 0x00, 0x00, 0x00, 0x00, 0x00, 0x00, 0x00, 0x00, 0x00, 0x00, 0x00, 0x00,
    0x00, 0x00, 0x00, 0x00, 0x00, 0x00, 0x00, 0x00, 0x00, 0x00, 0x00, 0x00, 0x00, 0x00, 0x00, 0x00,
    0x00, 0x00, 0x00, 0x00, 0x00, 0x00, 0x00, 0x00, 0x00, 0x00, 0x00, 0x00, 0x00, 0x00, 0x00, 0x00,
    0x00, 0x00, 0x00, 0x00, 0x00, 0x00, 0x00, 0x00, 0x00, 0x00, 0x00, 0x00, 0x00, 0x00, 0x00, 0x00,
    0x00, 0x00, 0x00, 0x00, 0x00, 0x00, 0x00, 0x00, 0x00, 0x00, 0x00, 0x00, 0x00, 0x00, 0x00, 0x00,
    0x00, 0x00, 0x00, 0x00, 0x00, 0x00, 0x00, 0x00, 0x00, 0x00, 0x00, 0x00, 0x00, 0x00, 0x00, 0x00,
    0x00, 0x00, 0x00, 0x00, 0x00, 0x00, 0x00, 0x00, 0x00, 0x00, 0x00, 0x00, 0x00, 0x00, 0x00, 0x00,
    0x00, 0x00, 0x00, 0x00, 0x00, 0x00, 0x00, 0x00, 0x00, 0x00, 0x00, 0x00, 0x00, 0x00, 0x00, 0x00,
    0x00, 0x00, 0x00, 0x00, 0x00, 0x00, 0x00, 0x00, 0x22, 0xa4, 0xf5, 0x35, 0x23, 0xa8, 0xf4, 0x89,
    0x25, 0xaa, 0xf5, 0xca, 0x26, 0xb0, 0xf5, 0xf7, 0x27, 0xb2, 0xf6, 0xff, 0x28, 0xb4, 0xf6, 0xff,
    0x28, 0xb7, 0xf6, 0xff, 0x29, 0xb8, 0xf6, 0xff, 0x29, 0xb9, 0xf6, 0xff, 0x29, 0xba, 0xf6, 0xff,
    0x29, 0xba, 0xf6, 0xff, 0x29, 0xb9, 0xf6, 0xff, 0x29, 0xb8, 0xf6, 0xff, 0x28, 0xb6, 0xf6, 0xff,
    0x28, 0xb4, 0xf6, 0xff, 0x27, 0xb1, 0xf5, 0xff, 0x26, 0xad, 0xf5, 0xf4, 0x25, 0xaa, 0xf4, 0xc2,
    0x24, 0xa4, 0xf4, 0x79, 0x24, 0xa0, 0xf3, 0x2b, 0x00, 0x00, 0x00, 0x00, 0x00, 0x00, 0x00, 0x00,
    0x00, 0x00, 0x00, 0x00, 0x00, 0x00, 0x00, 0x00, 0x00, 0x00, 0x00, 0x00, 0x00, 0x00, 0x00, 0x00,
    0x00, 0x00, 0x00, 0x00, 0x00, 0x00, 0x00, 0x00, 0x00, 0x00, 0x00, 0x00, 0x00, 0x00, 0x00, 0x00,
    0x00, 0x00, 0x00, 0x00, 0x00, 0x00, 0x00, 0x00, 0x00, 0x00, 0x00, 0x00, 0x00, 0x00, 0x00, 0x00,
    0x00, 0x00, 0x00, 0x00, 0x00, 0x00, 0x00, 0x00, 0x00, 0x00, 0x00, 0x00, 0x00, 0x00, 0x00, 0x00,
    0x00, 0x00, 0x00, 0x00, 0x00, 0x00, 0x00, 0x00, 0x00, 0x00, 0x00, 0x00, 0x00, 0x00, 0x00, 0x00,
    0x00, 0x00, 0x00, 0x00, 0x00, 0x00, 0x00, 0x00, 0x00, 0x00, 0x00, 0x00, 0x00, 0x00, 0x00, 0x00,
    0x00, 0x00, 0x00, 0x00, 0x00, 0x00, 0x00, 0x00, 0x00, 0x00, 0x00, 0x00, 0x00, 0x00, 0x00, 0x00,
    0x00, 0x00, 0x00, 0x00, 0x00, 0x00, 0x00, 0x00, 0x00, 0x00, 0x00, 0x00, 0x00, 0x00, 0x00, 0x00,
    0x00, 0x00, 0x00, 0x00, 0x00, 0x00, 0x00, 0x00, 0x00, 0x00, 0x00, 0x00, 0x00, 0x00, 0x00, 0x00,
    0x00, 0x00, 0x00, 0x00, 0x00, 0x00, 0x00, 0x00, 0x00, 0x00, 0x00, 0x00, 0x27, 0xa2, 0xf7, 0x21,
    0x25, 0xa3, 0xf4, 0x8b, 0x25, 0xaa, 0xf5, 0xdf, 0x27, 0xaf, 0xf5, 0xff, 0x28, 0xb4, 0xf6, 0xff,
    0x29, 0xb8, 0xf6, 0xff, 0x2a, 0xbc, 0xf7, 0xff, 0x2b, 0xbf, 0xf7, 0xff, 0x2b, 0xc0, 0xf7, 0xff,
    0x2b, 0xc1, 0xf7, 0xff, 0x2b, 0xc1, 0xf7, 0xff, 0x2b, 0xc1, 0xf7, 0xff, 0x2b, 0xc2, 0xf7, 0xff,
    0x2b, 0xc2, 0xf7, 0xff, 0x2b, 0xc1, 0xf7, 0xff, 0x2b, 0xc1, 0xf7, 0xff, 0x2b, 0xc1, 0xf7, 0xff,
    0x2b, 0xc0, 0xf7, 0xff, 0x2b, 0xbe, 0xf7, 0xff, 0x2a, 0xbb, 0xf6, 0xff, 0x29, 0xb7, 0xf6, 0xff,
    0x27, 0xb2, 0xf6, 0xff, 0x26, 0xad, 0xf5, 0xff, 0x25, 0xa8, 0xf5, 0xd4, 0x23, 0xa3, 0xf3, 0x6c,
    0x22, 0xaa, 0xee, 0x0f, 0x00, 0x00, 0x00, 0x00, 0x00, 0x00, 0x00, 0x00, 0x00, 0x00, 0x00, 0x00,
    0x00, 0x00, 0x00, 0x00, 0x00, 0x00, 0x00, 0x00, 0x00, 0x00, 0x00, 0x00, 0x00, 0x00, 0x00, 0x00,
    0x00, 0x00, 0x00, 0x00, 0x00, 0x00, 0x00, 0x00, 0x00, 0x00, 0x00, 0x00, 0x00, 0x00, 0x00, 0x00,
    0x00, 0x00, 0x00, 0x00, 0x00, 0x00, 0x00, 0x00, 0x00, 0x00, 0x00, 0x00, 0x00, 0x00, 0x00, 0x00,
    0x00, 0x00, 0x00, 0x00, 0x00, 0x00, 0x00, 0x00, 0x00, 0x00, 0x00, 0x00, 0x00, 0x00, 0x00, 0x00,
    0x00, 0x00, 0x00, 0x00, 0x00, 0x00, 0x00, 0x00, 0x00, 0x00, 0x00, 0x00, 0x00, 0x00, 0x00, 0x00,
    0x00, 0x00, 0x00, 0x00, 0x00, 0x00, 0x00, 0x00, 0x00, 0x00, 0x00, 0x00, 0x00, 0x00, 0x00, 0x00,
    0x00, 0x00, 0x00, 0x00, 0x00, 0x00, 0x00, 0x00, 0x00, 0x00, 0x00, 0x00, 0x00, 0x00, 0x00, 0x00,
    0x00, 0x00, 0x00, 0x00, 0x00, 0x00, 0x00, 0x00, 0x00, 0x00, 0x00, 0x00, 0x00, 0x00, 0x00, 0x00,
    0x00, 0x00, 0x00, 0x00, 0x20, 0x9f, 0xf7, 0x20, 0x23, 0xa4, 0xf4, 0x91, 0x25, 0xab, 0xf5, 0xf8,
    0x27, 0xb1, 0xf5, 0xff, 0x29, 0xb7, 0xf6, 0xff, 0x2a, 0xbc, 0xf7, 0xff, 0x2b, 0xc0, 0xf7, 0xff,
    0x2b, 0xc1, 0xf7, 0xff, 0x2b, 0xc2, 0xf7, 0xff, 0x2b, 0xc3, 0xf8, 0xff, 0x2c, 0xc3, 0xf8, 0xff,
    0x2c, 0xc4, 0xf8, 0xff, 0x2c, 0xc4, 0xf8, 0xff, 0x2c, 0xc4, 0xf8, 0xff, 0x2c, 0xc4, 0xf8, 0xff,
    0x2c, 0xc4, 0xf8, 0xff, 0x2c, 0xc4, 0xf8, 0xff, 0x2c, 0xc4, 0xf8, 0xff, 0x2c, 0xc4, 0xf8, 0xff,
    0x2b, 0xc3, 0xf8, 0xff, 0x2b, 0xc2, 0xf7, 0xff, 0x2b, 0xc2, 0xf7, 0xff, 0x2b, 0xc1, 0xf7, 0xff,
    0x2b, 0xc0, 0xf7, 0xff, 0x2a, 0xba, 0xf6, 0xff, 0x28, 0xb5, 0xf6, 0xff, 0x26, 0xaf, 0xf5, 0xff,
    0x25, 0xa8, 0xf5, 0xf4, 0x24, 0xa1, 0xf4, 0x88, 0x20, 0x9f, 0xef, 0x10, 0x00, 0x00, 0x00, 0x00,
    0x00, 0x00, 0x00, 0x00, 0x00, 0x00, 0x00, 0x00, 0x00, 0x00, 0x00, 0x00, 0x00, 0x00, 0x00, 0x00,
    0x00, 0x00, 0x00, 0x00, 0x00, 0x00, 0x00, 0x00, 0x00, 0x00, 0x00, 0x00, 0x00, 0x00, 0x00, 0x00,
    0x00, 0x00, 0x00, 0x00, 0x00, 0x00, 0x00, 0x00, 0x00, 0x00, 0x00, 0x00, 0x00, 0x00, 0x00, 0x00,
    0x00, 0x00, 0x00, 0x00, 0x00, 0x00, 0x00, 0x00, 0x00, 0x00, 0x00, 0x00, 0x00, 0x00, 0x00, 0x00,
    0x00, 0x00, 0x00, 0x00, 0x00, 0x00, 0x00, 0x00, 0x00, 0x00, 0x00, 0x00, 0x00, 0x00, 0x00, 0x00,
    0x00, 0x00, 0x00, 0x00, 0x00, 0x00, 0x00, 0x00, 0x00, 0x00, 0x00, 0x00, 0x00, 0x00, 0x00, 0x00,
    0x00, 0x00, 0x00, 0x00, 0x00, 0x00, 0x00, 0x00, 0x00, 0x00, 0x00, 0x00, 0x00, 0x00, 0x00, 0x00,
    0x00, 0x00, 0x00, 0x00, 0x00, 0x00, 0x00, 0x00, 0x00, 0x00, 0x00, 0x00, 0x1c, 0x9c, 0xf1, 0x12,
    0x23, 0xa2, 0xf3, 0x9a, 0x25, 0xa8, 0xf5, 0xfb, 0x27, 0xb0, 0xf5, 0xff, 0x29, 0xb7, 0xf6, 0xff,
    0x2a, 0xbd, 0xf7, 0xff, 0x2b, 0xc1, 0xf7, 0xff, 0x2b, 0xc2, 0xf7, 0xff, 0x2b, 0xc3, 0xf8, 0xff,
    0x2c, 0xc4, 0xf8, 0xff, 0x2c, 0xc5, 0xf8, 0xff, 0x2c, 0xc5, 0xf8, 0xff, 0x2c, 0xc6, 0xf8, 0xff,
    0x2c, 0xc7, 0xf8, 0xff, 0x2c, 0xc7, 0xf8, 0xff, 0x2c, 0xc7, 0xf8, 0xff, 0x2c, 0xc7, 0xf8, 0xff,
    0x2c, 0xc7, 0xf8, 0xff, 0x2c, 0xc7, 0xf8, 0xff, 0x2c, 0xc7, 0xf8, 0xff, 0x2c, 0xc6, 0xf8, 0xff,
    0x2c, 0xc6, 0xf8, 0xff, 0x2c, 0xc5, 0xf8, 0xff, 0x2c, 0xc4, 0xf8, 0xff, 0x2c, 0xc4, 0xf8, 0xff,
    0x2b, 0xc3, 0xf7, 0xff, 0x2b, 0xc1, 0xf7, 0xff, 0x2b, 0xc0, 0xf7, 0xff, 0x2a, 0xbb, 0xf7, 0xff,
    0x28, 0xb4, 0xf6, 0xff, 0x26, 0xad, 0xf5, 0xff, 0x24, 0xa6, 0xf4, 0xec, 0x23, 0xa2, 0xf4, 0x60,
    0x00, 0x00, 0x00, 0x00, 0x00, 0x00, 0x00, 0x00, 0x00, 0x00, 0x00, 0x00, 0x00, 0x00, 0x00, 0x00,
    0x00, 0x00, 0x00, 0x00, 0x00, 0x00, 0x00, 0x00, 0x00, 0x00, 0x00, 0x00, 0x00, 0x00, 0x00, 0x00,
    0x00, 0x00, 0x00, 0x00, 0x00, 0x00, 0x00, 0x00, 0x00, 0x00, 0x00, 0x00, 0x00, 0x00, 0x00, 0x00,
    0x00, 0x00, 0x00, 0x00, 0x00, 0x00, 0x00, 0x00, 0x00, 0x00, 0x00, 0x00, 0x00, 0x00, 0x00, 0x00,
    0x00, 0x00, 0x00, 0x00, 0x00, 0x00, 0x00, 0x00, 0x00, 0x00, 0x00, 0x00, 0x00, 0x00, 0x00, 0x00,
    0x00, 0x00, 0x00, 0x00, 0x00, 0x00, 0x00, 0x00, 0x00, 0x00, 0x00, 0x00, 0x00, 0x00, 0x00, 0x00,
    0x00, 0x00, 0x00, 0x00, 0x00, 0x00, 0x00, 0x00, 0x00, 0x00, 0x00, 0x00, 0x00, 0x00, 0x00, 0x00,
    0x00, 0x00, 0x00, 0x00, 0x00, 0x00, 0x00, 0x00, 0x24, 0xa1, 0xf5, 0x4f, 0x23, 0xa4, 0xf4, 0xe9,
    0x26, 0xac, 0xf5, 0xff, 0x28, 0xb4, 0xf6, 0xff, 0x2a, 0xbc, 0xf7, 0xff, 0x2b, 0xc1, 0xf7, 0xff,
    0x2b, 0xc2, 0xf7, 0xff, 0x2c, 0xc3, 0xf8, 0xff, 0x2c, 0xc4, 0xf8, 0xff, 0x2c, 0xc6, 0xf8, 0xff,
    0x2c, 0xc7, 0xf8, 0xff, 0x2c, 0xc7, 0xf8, 0xff, 0x2c, 0xc8, 0xf9, 0xff, 0x2c, 0xc9, 0xf9, 0xff,
    0x2c, 0xc9, 0xf9, 0xff, 0x2d, 0xca, 0xf9, 0xff, 0x2d, 0xca, 0xf9, 0xff, 0x2d, 0xca, 0xf9, 0xff,
    0x2d, 0xca, 0xf9, 0xff, 0x2d, 0xca, 0xf9, 0xff, 0x2c, 0xca, 0xf9, 0xff, 0x2c, 0xc9, 0xf9, 0xff,
    0x2c, 0xc9, 0xf9, 0xff, 0x2c, 0xc8, 0xf8, 0xff, 0x2c, 0xc7, 0xf8, 0xff, 0x2c, 0xc6, 0xf8, 0xff,
    0x2c, 0xc5, 0xf8, 0xff, 0x2c, 0xc4, 0xf8, 0xff, 0x2b, 0xc3, 0xf8, 0xff, 0x2b, 0xc2, 0xf7, 0xff,
    0x2b, 0xc0, 0xf7, 0xff, 0x29, 0xb9, 0xf6, 0xff, 0x27, 0xb1, 0xf6, 0xff, 0x25, 0xa9, 0xf5, 0xff,
    0x23, 0xa2, 0xf4, 0xb8, 0x20, 0x9f, 0xf4, 0x18, 0x00, 0x00, 0x00, 0x00, 0x00, 0x00, 0x00, 0x00,
    0x00, 0x00, 0x00, 0x00, 0x00, 0x00, 0x00, 0x00, 0x00, 0x00, 0x00, 0x00, 0x00, 0x00, 0x00, 0x00,
    0x00, 0x00, 0x00, 0x00, 0x00, 0x00, 0x00, 0x00, 0x00, 0x00, 0x00, 0x00, 0x00, 0x00, 0x00, 0x00,
    0x00, 0x00, 0x00, 0x00, 0x00, 0x00, 0x00, 0x00, 0x00, 0x00, 0x00, 0x00, 0x00, 0x00, 0x00, 0x00,
    0x00, 0x00, 0x00, 0x00, 0x00, 0x00, 0x00, 0x00, 0x00, 0x00, 0x00, 0x00, 0x00, 0x00, 0x00, 0x00,
    0x00, 0x00, 0x00, 0x00, 0x00, 0x00, 0x00, 0x00, 0x00, 0x00, 0x00, 0x00, 0x00, 0x00, 0x00, 0x00,
    0x00, 0x00, 0x00, 0x00, 0x00, 0x00, 0x00, 0x00, 0x00, 0x00, 0x00, 0x00, 0x00, 0x00, 0x00, 0x00,
    0x00, 0x80, 0xff, 0x02, 0x24, 0xa1, 0xf4, 0x88, 0x24, 0xa6, 0xf4, 0xfe, 0x26, 0xaf, 0xf5, 0xff,
    0x29, 0xb7, 0xf6, 0xff, 0x2b, 0xc0, 0xf7, 0xff, 0x2b, 0xc2, 0xf7, 0xff, 0x2b, 0xc3, 0xf8, 0xff,
    0x2c, 0xc4, 0xf8, 0xff, 0x2c, 0xc6, 0xf8, 0xff, 0x2c, 0xc7, 0xf8, 0xff, 0x2c, 0xc8, 0xf9, 0xff,
    0x2c, 0xc9, 0xf9, 0xff, 0x2d, 0xca, 0xf9, 0xff, 0x2d, 0xcb, 0xf9, 0xff, 0x2d, 0xcc, 0xf9, 0xff,
    0x2d, 0xcc, 0xf9, 0xff, 0x2d, 0xcd, 0xf9, 0xff, 0x2d, 0xcd, 0xf9, 0xff, 0x2d, 0xcd, 0xf9, 0xff,
    0x2d, 0xcd, 0xf9, 0xff, 0x2d, 0xcd, 0xf9, 0xff, 0x2d, 0xcc, 0xf9, 0xff, 0x2d, 0xcc, 0xf9, 0xff,
    0x2d, 0xcb, 0xf9, 0xff, 0x2d, 0xcb, 0xf9, 0xff, 0x2d, 0xca, 0xf9, 0xff, 0x2c, 0xc9, 0xf9, 0xff,
    0x2c, 0xc8, 0xf8, 0xff, 0x2c, 0xc7, 0xf8, 0xff, 0x2c, 0xc5, 0xf8, 0xff, 0x2c, 0xc4, 0xf8, 0xff,
    0x2b, 0xc3, 0xf7, 0xff, 0x2b, 0xc1, 0xf7, 0xff, 0x2a, 0xbd, 0xf7, 0xff, 0x28, 0xb4, 0xf6, 0xff,
    0x26, 0xab, 0xf5, 0xff, 0x23, 0xa2, 0xf4, 0xe4, 0x25, 0xa2, 0xf6, 0x37, 0x00, 0x00, 0x00, 0x00,
    0x00, 0x00, 0x00, 0x00, 0x00, 0x00, 0x00, 0x00, 0x00, 0x00, 0x00, 0x00, 0x00, 0x00, 0x00, 0x00,
    0x00, 0x00, 0x00, 0x00, 0x00, 0x00, 0x00, 0x00, 0x00, 0x00, 0x00, 0x00, 0x00, 0x00, 0x00, 0x00,
    0x00, 0x00, 0x00, 0x00, 0x00, 0x00, 0x00, 0x00, 0x00, 0x00, 0x00, 0x00, 0x00, 0x00, 0x00, 0x00,
    0x00, 0x00, 0x00, 0x00, 0x00, 0x00, 0x00, 0x00, 0x00, 0x00, 0x00, 0x00, 0x00, 0x00, 0x00, 0x00,
    0x00, 0x00, 0x00, 0x00, 0x00, 0x00, 0x00, 0x00, 0x00, 0x00, 0x00, 0x00, 0x00, 0x00, 0x00, 0x00,
    0x00, 0x00, 0x00, 0x00, 0x00, 0x00, 0x00, 0x00, 0x00, 0x00, 0x00, 0x00, 0x2b, 0xaa, 0xff, 0x06,
    0x23, 0xa2, 0xf4, 0xa8, 0x24, 0xa7, 0xf4, 0xff, 0x27, 0xb0, 0xf5, 0xff, 0x29, 0xb9, 0xf6, 0xff,
    0x2b, 0xc0, 0xf7, 0xff, 0x2b, 0xc2, 0xf7, 0xff, 0x2c, 0xc4, 0xf8, 0xff, 0x2c, 0xc5, 0xf8, 0xff,
    0x2c, 0xc7, 0xf8, 0xff, 0x2c, 0xc8, 0xf9, 0xff, 0x2d, 0xca, 0xf9, 0xff, 0x2d, 0xcb, 0xf9, 0xff,
    0x2d, 0xcc, 0xf9, 0xff, 0x2d, 0xcd, 0xf9, 0xff, 0x2d, 0xce, 0xfa, 0xff, 0x2d, 0xce, 0xfa, 0xff,
    0x2d, 0xcf, 0xfa, 0xff, 0x2d, 0xcf, 0xfa, 0xff, 0x2d, 0xd0, 0xfa, 0xff, 0x2d, 0xd0, 0xfa, 0xff,
    0x2d, 0xd0, 0xfa, 0xff, 0x2d, 0xd0, 0xfa, 0xff, 0x2d, 0xcf, 0xfa, 0xff, 0x2d, 0xcf, 0xfa, 0xff,
    0x2d, 0xce, 0xfa, 0xff, 0x2d, 0xcd, 0xfa, 0xff, 0x2d, 0xcd, 0xf9, 0xff, 0x2d, 0xcc, 0xf9, 0xff,
    0x2d, 0xca, 0xf9, 0xff, 0x2c, 0xc9, 0xf9, 0xff, 0x2c, 0xc8, 0xf8, 0xff, 0x2c, 0xc6, 0xf8, 0xff,
    0x2c, 0xc5, 0xf8, 0xff, 0x2c, 0xc3, 0xf8, 0xff, 0x2b, 0xc2, 0xf7, 0xff, 0x2b, 0xbf, 0xf7, 0xff,
    0x28, 0xb6, 0xf6, 0xff, 0x26, 0xad, 0xf5, 0xff, 0x23, 0xa3, 0xf4, 0xf7, 0x22, 0xa2, 0xf5, 0x4a,
    0x00, 0x00, 0x00, 0x00, 0x00, 0x00, 0x00, 0x00, 0x00, 0x00, 0x00, 0x00, 0x00, 0x00, 0x00, 0x00,
    0x00, 0x00, 0x00, 0x00, 0x00, 0x00, 0x00, 0x00, 0x00, 0x00, 0x00, 0x00, 0x00, 0x00, 0x00, 0x00,
    0x00, 0x00, 0x00, 0x00, 0x00, 0x00, 0x00, 0x00, 0x00, 0x00, 0x00, 0x00, 0x00, 0x00, 0x00, 0x00,
    0x00, 0x00, 0x00, 0x00, 0x00, 0x00, 0x00, 0x00, 0x00, 0x00, 0x00, 0x00, 0x00, 0x00, 0x00, 0x00,
    0x00, 0x00, 0x00, 0x00, 0x00, 0x00, 0x00, 0x00, 0x00, 0x00, 0x00, 0x00, 0x00, 0x00, 0x00, 0x00,
    0x00, 0x00, 0x00, 0x00, 0x00, 0x00, 0x00, 0x00, 0x40, 0xbf, 0xff, 0x04, 0x23, 0xa2, 0xf3, 0xb0,
    0x24, 0xa6, 0xf4, 0xff, 0x27, 0xb1, 0xf5, 0xff, 0x29, 0xba, 0xf6, 0xff, 0x2b, 0xc1, 0xf7, 0xff,
    0x2b, 0xc3, 0xf7, 0xff, 0x2c, 0xc4, 0xf8, 0xff, 0x2c, 0xc6, 0xf8, 0xff, 0x2c, 0xc8, 0xf8, 0xff,
    0x2c, 0xc9, 0xf9, 0xff, 0x2d, 0xcb, 0xf9, 0xff, 0x2d, 0xcc, 0xf9, 0xff, 0x2d, 0xcd, 0xfa, 0xff,
    0x2d, 0xcf, 0xfa, 0xff, 0x2d, 0xd0, 0xfa, 0xff, 0x2e, 0xd0, 0xfa, 0xff, 0x2e, 0xd1, 0xfa, 0xff,
    0x2e, 0xd2, 0xfa, 0xff, 0x2e, 0xd2, 0xfa, 0xff, 0x2e, 0xd2, 0xfa, 0xff, 0x2e, 0xd3, 0xfa, 0xff,
    0x2e, 0xd3, 0xfa, 0xff, 0x2e, 0xd2, 0xfa, 0xff, 0x2e, 0xd2, 0xfa, 0xff, 0x2e, 0xd2, 0xfa, 0xff,
    0x2e, 0xd1, 0xfa, 0xff, 0x2e, 0xd0, 0xfa, 0xff, 0x2d, 0xcf, 0xfa, 0xff, 0x2d, 0xce, 0xfa, 0xff,
    0x2d, 0xcd, 0xf9, 0xff, 0x2d, 0xcc, 0xf9, 0xff, 0x2d, 0xca, 0xf9, 0xff, 0x2c, 0xc9, 0xf9, 0xff,
    0x2c, 0xc7, 0xf8, 0xff, 0x2c, 0xc6, 0xf8, 0xff, 0x2c, 0xc4, 0xf8, 0xff, 0x2b, 0xc2, 0xf7, 0xff,
    0x2b, 0xc0, 0xf7, 0xff, 0x29, 0xb7, 0xf6, 0xff, 0x26, 0xad, 0xf5, 0xff, 0x23, 0xa3, 0xf4, 0xf8,
    0x22, 0xa1, 0xf5, 0x4c, 0x00, 0x00, 0x00, 0x00, 0x00, 0x00, 0x00, 0x00, 0x00, 0x00, 0x00, 0x00,
    0x00, 0x00, 0x00, 0x00, 0x00, 0x00, 0x00, 0x00, 0x00, 0x00, 0x00, 0x00, 0x00, 0x00, 0x00, 0x00,
    0x00, 0x00, 0x00, 0x00, 0x00, 0x00, 0x00, 0x00, 0x00, 0x00, 0x00, 0x00, 0x00, 0x00, 0x00, 0x00,
    0x00, 0x00, 0x00, 0x00, 0x00, 0x00, 0x00, 0x00, 0x00, 0x00, 0x00, 0x00, 0x00, 0x00, 0x00, 0x00,
    0x00, 0x00, 0x00, 0x00, 0x00, 0x00, 0x00, 0x00, 0x00, 0x00, 0x00, 0x00, 0x00, 0x00, 0x00, 0x00,
    0x00, 0x00, 0x00, 0x00, 0x00, 0x00, 0x00, 0x00, 0x24, 0xa1, 0xf4, 0x9e, 0x24, 0xa5, 0xf4, 0xff,
    0x27, 0xb0, 0xf5, 0xff, 0x29, 0xba, 0xf6, 0xff, 0x2b, 0xc1, 0xf7, 0xff, 0x2b, 0xc3, 0xf8, 0xff,
    0x2c, 0xc5, 0xf8, 0xff, 0x2c, 0xc7, 0xf8, 0xff, 0x2c, 0xc8, 0xf9, 0xff, 0x2d, 0xca, 0xf9, 0xff,
    0x2d, 0xcc, 0xf9, 0xff, 0x2d, 0xcd, 0xf9, 0xff, 0x2d, 0xcf, 0xfa, 0xff, 0x2d, 0xd0, 0xfa, 0xff,
    0x2e, 0xd1, 0xfa, 0xff, 0x2e, 0xd2, 0xfa, 0xff, 0x2e, 0xd3, 0xfb, 0xff, 0x2e, 0xd4, 0xfb, 0xff,
    0x2e, 0xd5, 0xfb, 0xff, 0x2e, 0xd5, 0xfb, 0xff, 0x2e, 0xd5, 0xfb, 0xff, 0x2e, 0xd5, 0xfb, 0xff,
    0x2e, 0xd5, 0xfb, 0xff, 0x2e, 0xd5, 0xfb, 0xff, 0x2e, 0xd5, 0xfb, 0xff, 0x2e, 0xd4, 0xfb, 0xff,
    0x2e, 0xd4, 0xfb, 0xff, 0x2e, 0xd3, 0xfb, 0xff, 0x2e, 0xd2, 0xfa, 0xff, 0x2e, 0xd1, 0xfa, 0xff,
    0x2d, 0xd0, 0xfa, 0xff, 0x2d, 0xce, 0xfa, 0xff, 0x2d, 0xcd, 0xf9, 0xff, 0x2d, 0xcb, 0xf9, 0xff,
    0x2c, 0xca, 0xf9, 0xff, 0x2c, 0xc8, 0xf8, 0xff, 0x2c, 0xc6, 0xf8, 0xff, 0x2c, 0xc4, 0xf8, 0xff,
    0x2b, 0xc2, 0xf7, 0xff, 0x2b, 0xc0, 0xf7, 0xff, 0x28, 0xb7, 0xf6, 0xff, 0x26, 0xac, 0xf5, 0xff,
    0x23, 0xa2, 0xf4, 0xf7, 0x22, 0xa2, 0xf5, 0x34, 0x00, 0x00, 0x00, 0x00, 0x00, 0x00, 0x00, 0x00,
    0x00, 0x00, 0x00, 0x00, 0x00, 0x00, 0x00, 0x00, 0x00, 0x00, 0x00, 0x00, 0x00, 0x00, 0x00, 0x00,
    0x00, 0x00, 0x00, 0x00, 0x00, 0x00, 0x00, 0x00, 0x00, 0x00, 0x00, 0x00, 0x00, 0x00, 0x00, 0x00,
    0x00, 0x00, 0x00, 0x00, 0x00, 0x00, 0x00, 0x00, 0x00, 0x00, 0x00, 0x00, 0x00, 0x00, 0x00, 0x00,
    0x00, 0x00, 0x00, 0x00, 0x00, 0x00, 0x00, 0x00, 0x00, 0x00, 0x00, 0x00, 0x00, 0x00, 0x00, 0x00,
    0x00, 0x00, 0x00, 0x00, 0x22, 0xa3, 0xf4, 0x6f, 0x23, 0xa3, 0xf4, 0xff, 0x26, 0xae, 0xf5, 0xff,
    0x29, 0xb9, 0xf6, 0xff, 0x2b, 0xc1, 0xf7, 0xff, 0x2b, 0xc3, 0xf8, 0xff, 0x2c, 0xc5, 0xf8, 0xff,
    0x2c, 0xc7, 0xf8, 0xff, 0x2c, 0xc9, 0xf9, 0xff, 0x2d, 0xcb, 0xf9, 0xff, 0x2d, 0xcc, 0xf9, 0xff,
    0x2d, 0xce, 0xfa, 0xff, 0x2d, 0xd0, 0xfa, 0xff, 0x2e, 0xd1, 0xfa, 0xff, 0x2e, 0xd3, 0xfa, 0xff,
    0x2e, 0xd4, 0xfb, 0xff, 0x2e, 0xd5, 0xfb, 0xff, 0x2e, 0xd6, 0xfb, 0xff, 0x2f, 0xd7, 0xfb, 0xff,
    0x2f, 0xd7, 0xfb, 0xff, 0x2f, 0xd8, 0xfb, 0xff, 0x2f, 0xd8, 0xfc, 0xff, 0x2f, 0xd8, 0xfc, 0xff,
    0x2f, 0xd8, 0xfc, 0xff, 0x2f, 0xd8, 0xfc, 0xff, 0x2f, 0xd8, 0xfb, 0xff, 0x2f, 0xd7, 0xfb, 0xff,
    0x2e, 0xd6, 0xfb, 0xff, 0x2e, 0xd6, 0xfb, 0xff, 0x2e, 0xd5, 0xfb, 0xff, 0x2e, 0xd3, 0xfb, 0xff,
    0x2e, 0xd2, 0xfa, 0xff, 0x2e, 0xd1, 0xfa, 0xff, 0x2d, 0xcf, 0xfa, 0xff, 0x2d, 0xce, 0xfa, 0xff,
    0x2d, 0xcc, 0xf9, 0xff, 0x2d, 0xca, 0xf9, 0xff, 0x2c, 0xc8, 0xf9, 0xff, 0x2c, 0xc6, 0xf8, 0xff,
    0x2c, 0xc4, 0xf8, 0xff, 0x2b, 0xc2, 0xf7, 0xff, 0x2b, 0xc0, 0xf7, 0xff, 0x28, 0xb5, 0xf6, 0xff,
    0x25, 0xaa, 0xf5, 0xff, 0x23, 0xa2, 0xf4, 0xe6, 0x27, 0xa7, 0xf5, 0x1a, 0x00, 0x00, 0x00, 0x00,
    0x00, 0x00, 0x00, 0x00, 0x00, 0x00, 0x00, 0x00, 0x00, 0x00, 0x00, 0x00, 0x00, 0x00, 0x00, 0x00,
    0x00, 0x00, 0x00, 0x00, 0x00, 0x00, 0x00, 0x00, 0x00, 0x00, 0x00, 0x00, 0x00, 0x00, 0x00, 0x00,
    0x00, 0x00, 0x00, 0x00, 0x00, 0x00, 0x00, 0x00, 0x00, 0x00, 0x00, 0x00, 0x00, 0x00, 0x00, 0x00,
    0x00, 0x00, 0x00, 0x00, 0x00, 0x00, 0x00, 0x00, 0x00, 0x00, 0x00, 0x00, 0x00, 0x00, 0x00, 0x00,
    0x21, 0xa3, 0xf4, 0x2f, 0x23, 0xa2, 0xf4, 0xfa, 0x25, 0xab, 0xf5, 0xff, 0x29, 0xb7, 0xf6, 0xff,
    0x2b, 0xc0, 0xf7, 0xff, 0x2b, 0xc3, 0xf7, 0xff, 0x2c, 0xc5, 0xf8, 0xff, 0x2c, 0xc7, 0xf8, 0xff,
    0x2c, 0xc9, 0xf9, 0xff, 0x2d, 0xcb, 0xf9, 0xff, 0x2d, 0xcd, 0xf9, 0xff, 0x2d, 0xcf, 0xfa, 0xff,
    0x2e, 0xd0, 0xfa, 0xff, 0x2e, 0xd2, 0xfa, 0xff, 0x2e, 0xd4, 0xfb, 0xff, 0x2e, 0xd5, 0xfb, 0xff,
    0x2e, 0xd6, 0xfb, 0xff, 0x2f, 0xd8, 0xfb, 0xff, 0x2f, 0xd9, 0xfc, 0xff, 0x2f, 0xd9, 0xfc, 0xff,
    0x2f, 0xda, 0xfc, 0xff, 0x2f, 0xdb, 0xfc, 0xff, 0x2f, 0xdb, 0xfc, 0xff, 0x2f, 0xdb, 0xfc, 0xff,
    0x2f, 0xdb, 0xfc, 0xff, 0x2f, 0xdb, 0xfc, 0xff, 0x2f, 0xda, 0xfc, 0xff, 0x2f, 0xda, 0xfc, 0xff,
    0x2f, 0xd9, 0xfc, 0xff, 0x2f, 0xd8, 0xfc, 0xff, 0x2f, 0xd7, 0xfb, 0xff, 0x2e, 0xd6, 0xfb, 0xff,
    0x2e, 0xd5, 0xfb, 0xff, 0x2e, 0xd3, 0xfb, 0xff, 0x2e, 0xd1, 0xfa, 0xff, 0x2d, 0xd0, 0xfa, 0xff,
    0x2d, 0xce, 0xfa, 0xff, 0x2d, 0xcc, 0xf9, 0xff, 0x2d, 0xca, 0xf9, 0xff, 0x2c, 0xc8, 0xf9, 0xff,
    0x2c, 0xc6, 0xf8, 0xff, 0x2c, 0xc4, 0xf8, 0xff, 0x2b, 0xc2, 0xf7, 0xff, 0x2a, 0xbe, 0xf7, 0xff,
    0x27, 0xb3, 0xf6, 0xff, 0x24, 0xa7, 0xf5, 0xff, 0x1f, 0xa0, 0xf1, 0xbb, 0x00, 0xff, 0xff, 0x01,
    0x00, 0x00, 0x00, 0x00, 0x00, 0x00, 0x00, 0x00, 0x00, 0x00, 0x00, 0x00, 0x00, 0x00, 0x00, 0x00,
    0x00, 0x00, 0x00, 0x00, 0x00, 0x00, 0x00, 0x00, 0x00, 0x00, 0x00, 0x00, 0x00, 0x00, 0x00, 0x00,
    0x00, 0x00, 0x00, 0x00, 0x00, 0x00, 0x00, 0x00, 0x00, 0x00, 0x00, 0x00, 0x00, 0x00, 0x00, 0x00,
    0x00, 0x00, 0x00, 0x00, 0x00, 0x00, 0x00, 0x00, 0x00, 0x00, 0x00, 0x00, 0x00, 0xaa, 0xff, 0x03,
    0x23, 0xa2, 0xf4, 0xca, 0x24, 0xa7, 0xf5, 0xff, 0x28, 0xb3, 0xf6, 0xff, 0x2b, 0xbf, 0xf7, 0xff,
    0x2b, 0xc2, 0xf7, 0xff, 0x2c, 0xc4, 0xf8, 0xff, 0x2c, 0xc7, 0xf8, 0xff, 0x2c, 0xc9, 0xf9, 0xff,
    0x2d, 0xcb, 0xf9, 0xff, 0x2d, 0xcd, 0xf9, 0xff, 0x28, 0xb6, 0xdf, 0xff, 0x1f, 0x84, 0xa5, 0xff,
    0x18, 0x66, 0x82, 0xff, 0x16, 0x59, 0x73, 0xff, 0x18, 0x61, 0x7d, 0xff, 0x27, 0xad, 0xce, 0xff,
    0x2f, 0xd9, 0xfc, 0xff, 0x2f, 0xda, 0xfc, 0xff, 0x2f, 0xdb, 0xfc, 0xff, 0x2f, 0xdc, 0xfc, 0xff,
    0x30, 0xdd, 0xfc, 0xff, 0x30, 0xdd, 0xfd, 0xff, 0x30, 0xde, 0xfd, 0xff, 0x30, 0xde, 0xfd, 0xff,
    0x30, 0xde, 0xfd, 0xff, 0x30, 0xde, 0xfd, 0xff, 0x30, 0xdd, 0xfc, 0xff, 0x2f, 0xdd, 0xfc, 0xff,
    0x2f, 0xdc, 0xfc, 0xff, 0x2f, 0xdb, 0xfc, 0xff, 0x2f, 0xda, 0xfc, 0xff, 0x2f, 0xd7, 0xfb, 0xff,
    0x1c, 0x73, 0x8f, 0xff, 0x16, 0x5b, 0x76, 0xff, 0x16, 0x5c, 0x77, 0xff, 0x1c, 0x77, 0x95, 0xff,
    0x23, 0x9b, 0xbf, 0xff, 0x2c, 0xca, 0xf6, 0xff, 0x2d, 0xcc, 0xf9, 0xff, 0x2d, 0xca, 0xf9, 0xff,
    0x2c, 0xc8, 0xf8, 0xff, 0x2c, 0xc6, 0xf8, 0xff, 0x2c, 0xc4, 0xf8, 0xff, 0x2b, 0xc1, 0xf7, 0xff,
    0x2a, 0xbb, 0xf6, 0xff, 0x27, 0xaf, 0xf5, 0xff, 0x23, 0xa3, 0xf4, 0xff, 0x15, 0x9b, 0xf0, 0x7a,
    0x00, 0x00, 0x00, 0x00, 0x00, 0x00, 0x00, 0x00, 0x00, 0x00, 0x00, 0x00, 0x00, 0x00, 0x00, 0x00,
    0x00, 0x00, 0x00, 0x00, 0x00, 0x00, 0x00, 0x00, 0x00, 0x00, 0x00, 0x00, 0x00, 0x00, 0x00, 0x00,
    0x00, 0x00, 0x00, 0x00, 0x00, 0x00, 0x00, 0x00, 0x00, 0x00, 0x00, 0x00, 0x00, 0x00, 0x00, 0x00,
    0x00, 0x00, 0x00, 0x00, 0x00, 0x00, 0x00, 0x00, 0x00, 0x00, 0x00, 0x00, 0x23, 0xa2, 0xf4, 0x60,
    0x23, 0xa3, 0xf4, 0xff, 0x26, 0xaf, 0xf5, 0xff, 0x2a, 0xbb, 0xf6, 0xff, 0x2b, 0xc1, 0xf7, 0xff,
    0x2c, 0xc4, 0xf8, 0xff, 0x2c, 0xc6, 0xf8, 0xff, 0x2c, 0xc8, 0xf9, 0xff, 0x2d, 0xcb, 0xf9, 0xff,
    0x29, 0xb7, 0xe0, 0xff, 0x16, 0x5a, 0x77, 0xff, 0x0d, 0x2c, 0x43, 0xff, 0x0d, 0x2b, 0x42, 0xff,
    0x0d, 0x2b, 0x42, 0xff, 0x0d, 0x2b, 0x42, 0xff, 0x0e, 0x2d, 0x44, 0xff, 0x23, 0x9a, 0xb7, 0xff,
    0x2f, 0xdb, 0xfc, 0xff, 0x2f, 0xdd, 0xfc, 0xff, 0x30, 0xde, 0xfd, 0xff, 0x30, 0xdf, 0xfd, 0xff,
    0x30, 0xe0, 0xfd, 0xff, 0x30, 0xe0, 0xfd, 0xff, 0x30, 0xe0, 0xfd, 0xff, 0x30, 0xe0, 0xfd, 0xff,
    0x30, 0xe0, 0xfd, 0xff, 0x30, 0xe0, 0xfd, 0xff, 0x30, 0xe0, 0xfd, 0xff, 0x30, 0xdf, 0xfd, 0xff,
    0x30, 0xdf, 0xfd, 0xff, 0x30, 0xdd, 0xfd, 0xff, 0x2f, 0xdc, 0xfc, 0xff, 0x2e, 0xd9, 0xf9, 0xff,
    0x12, 0x44, 0x5d, 0xff, 0x0d, 0x2b, 0x42, 0xff, 0x0d, 0x2b, 0x42, 0xff, 0x0d, 0x2b, 0x42, 0xff,
    0x0d, 0x2b, 0x42, 0xff, 0x10, 0x3a, 0x53, 0xff, 0x1f, 0x8b, 0xae, 0xff, 0x2d, 0xcb, 0xf8, 0xff,
    0x2d, 0xca, 0xf9, 0xff, 0x2c, 0xc8, 0xf8, 0xff, 0x2c, 0xc5, 0xf8, 0xff, 0x2b, 0xc3, 0xf8, 0xff,
    0x2b, 0xc0, 0xf7, 0xff, 0x28, 0xb7, 0xf6, 0xff, 0x25, 0xab, 0xf5, 0xff, 0x1b, 0x9e, 0xf1, 0xec,
    0x0c, 0x97, 0xf3, 0x16, 0x00, 0x00, 0x00, 0x00, 0x00, 0x00, 0x00, 0x00, 0x00, 0x00, 0x00, 0x00,
    0x00, 0x00, 0x00, 0x00, 0x00, 0x00, 0x00, 0x00, 0x00, 0x00, 0x00, 0x00, 0x00, 0x00, 0x00, 0x00,
    0x00, 0x00, 0x00, 0x00, 0x00, 0x00, 0x00, 0x00, 0x00, 0x00, 0x00, 0x00, 0x00, 0x00, 0x00, 0x00,
    0x00, 0x00, 0x00, 0x00, 0x00, 0x00, 0x00, 0x00, 0x33, 0x99, 0xff, 0x05, 0x22, 0xa2, 0xf4, 0xde,
    0x25, 0xa9, 0xf5, 0xff, 0x28, 0xb6, 0xf6, 0xff, 0x2b, 0xc0, 0xf7, 0xff, 0x2b, 0xc3, 0xf8, 0xff,
    0x2c, 0xc5, 0xf8, 0xff, 0x2c, 0xc8, 0xf8, 0xff, 0x2d, 0xca, 0xf9, 0xff, 0x21, 0x8f, 0xb4, 0xff,
    0x0e, 0x31, 0x49, 0xff, 0x0d, 0x2b, 0x42, 0xff, 0x0e, 0x2c, 0x44, 0xff, 0x16, 0x57, 0x72, 0xff,
    0x21, 0x91, 0xb1, 0xff, 0x28, 0xb5, 0xd6, 0xff, 0x2e, 0xd2, 0xf2, 0xff, 0x2f, 0xdc, 0xfc, 0xff,
    0x30, 0xde, 0xfd, 0xff, 0x30, 0xdf, 0xfd, 0xff, 0x30, 0xe0, 0xfd, 0xff, 0x30, 0xe0, 0xfd, 0xff,
    0x30, 0xe0, 0xfd, 0xff, 0x30, 0xe0, 0xfd, 0xff, 0x30, 0xe0, 0xfd, 0xff, 0x30, 0xe0, 0xfd, 0xff,
    0x30, 0xe0, 0xfd, 0xff, 0x30, 0xe0, 0xfd, 0xff, 0x30, 0xe0, 0xfd, 0xff, 0x30, 0xe0, 0xfd, 0xff,
    0x30, 0xe0, 0xfd, 0xff, 0x30, 0xe0, 0xfd, 0xff, 0x30, 0xdf, 0xfd, 0xff, 0x30, 0xdd, 0xfc, 0xff,
    0x2f, 0xda, 0xfb, 0xff, 0x2b, 0xc4, 0xe4, 0xff, 0x25, 0xa5, 0xc5, 0xff, 0x1b, 0x74, 0x91, 0xff,
    0x10, 0x3b, 0x54, 0xff, 0x0d, 0x2b, 0x42, 0xff, 0x0d, 0x2b, 0x42, 0xff, 0x15, 0x55, 0x71, 0xff,
    0x2a, 0xbf, 0xea, 0xff, 0x2c, 0xc9, 0xf9, 0xff, 0x2c, 0xc7, 0xf8, 0xff, 0x2c, 0xc4, 0xf8, 0xff,
    0x2b, 0xc2, 0xf7, 0xff, 0x2a, 0xbe, 0xf7, 0xff, 0x27, 0xb1, 0xf6, 0xff, 0x24, 0xa5, 0xf4, 0xff,
    0x10, 0x97, 0xef, 0x9f, 0x00, 0x00, 0x00, 0x00, 0x00, 0x00, 0x00, 0x00, 0x00, 0x00, 0x00, 0x00,
    0x00, 0x00, 0x00, 0x00, 0x00, 0x00, 0x00, 0x00, 0x00, 0x00, 0x00, 0x00, 0x00, 0x00, 0x00, 0x00,
    0x00, 0x00, 0x00, 0x00, 0x00, 0x00, 0x00, 0x00, 0x00, 0x00, 0x00, 0x00, 0x00, 0x00, 0x00, 0x00,
    0x00, 0x00, 0x00, 0x00, 0x00, 0x00, 0x00, 0x00, 0x23, 0xa1, 0xf3, 0x57, 0x23, 0xa3, 0xf4, 0xff,
    0x27, 0xb0, 0xf5, 0xff, 0x2a, 0xbc, 0xf7, 0xff, 0x2b, 0xc2, 0xf7, 0xff, 0x2c, 0xc4, 0xf8, 0xff,
    0x2c, 0xc7, 0xf8, 0xff, 0x2c, 0xc9, 0xf9, 0xff, 0x20, 0x88, 0xac, 0xff, 0x0d, 0x2b, 0x42, 0xff,
    0x0d, 0x2b, 0x42, 0xff, 0x17, 0x5f, 0x7b, 0xff, 0x29, 0xbc, 0xe1, 0xff, 0x2f, 0xd7, 0xfb, 0xff,
    0x2f, 0xd9, 0xfc, 0xff, 0x2f, 0xdb, 0xfc, 0xff, 0x30, 0xdd, 0xfc, 0xff, 0x30, 0xdf, 0xfd, 0xff,
    0x30, 0xe0, 0xfd, 0xff, 0x30, 0xe0, 0xfd, 0xff, 0x30, 0xe0, 0xfd, 0xff, 0x30, 0xe0, 0xfd, 0xff,
    0x30, 0xe0, 0xfd, 0xff, 0x30, 0xe0, 0xfd, 0xff, 0x30, 0xe0, 0xfd, 0xff, 0x30, 0xe0, 0xfd, 0xff,
    0x30, 0xe0, 0xfd, 0xff, 0x30, 0xe0, 0xfd, 0xff, 0x30, 0xe0, 0xfd, 0xff, 0x30, 0xe0, 0xfd, 0xff,
    0x30, 0xe0, 0xfd, 0xff, 0x30, 0xe0, 0xfd, 0xff, 0x30, 0xe0, 0xfd, 0xff, 0x30, 0xe0, 0xfd, 0xff,
    0x30, 0xde, 0xfd, 0xff, 0x2f, 0xdc, 0xfc, 0xff, 0x2f, 0xda, 0xfc, 0xff, 0x2f, 0xd8, 0xfc, 0xff,
    0x2d, 0xd4, 0xf8, 0xff, 0x20, 0x8e, 0xae, 0xff, 0x10, 0x38, 0x51, 0xff, 0x0d, 0x2b, 0x42, 0xff,
    0x12, 0x44, 0x5f, 0xff, 0x2b, 0xc1, 0xed, 0xff, 0x2c, 0xc8, 0xf9, 0xff, 0x2c, 0xc6, 0xf8, 0xff,
    0x2c, 0xc3, 0xf8, 0xff, 0x2b, 0xc1, 0xf7, 0xff, 0x29, 0xb8, 0xf6, 0xff, 0x25, 0xab, 0xf5, 0xff,
    0x13, 0x9b, 0xf1, 0xef, 0x14, 0x89, 0xeb, 0x0d, 0x00, 0x00, 0x00, 0x00, 0x00, 0x00, 0x00, 0x00,
    0x00, 0x00, 0x00, 0x00, 0x00, 0x00, 0x00, 0x00, 0x00, 0x00, 0x00, 0x00, 0x00, 0x00, 0x00, 0x00,
    0x00, 0x00, 0x00, 0x00, 0x00, 0x00, 0x00, 0x00, 0x00, 0x00, 0x00, 0x00, 0x00, 0x00, 0x00, 0x00,
    0x00, 0x00, 0x00, 0x00, 0x00, 0x00, 0x00, 0x00, 0x23, 0xa2, 0xf4, 0xbf, 0x25, 0xa8, 0xf5, 0xff,
    0x28, 0xb5, 0xf6, 0xff, 0x2b, 0xc0, 0xf7, 0xff, 0x2b, 0xc3, 0xf8, 0xff, 0x2c, 0xc6, 0xf8, 0xff,
    0x2c, 0xc8, 0xf9, 0xff, 0x2a, 0xb8, 0xe4, 0xff, 0x0e, 0x2e, 0x46, 0xff, 0x0e, 0x31, 0x48, 0xff,
    0x23, 0x96, 0xb9, 0xff, 0x2e, 0xd4, 0xfb, 0xff, 0x2f, 0xd7, 0xfb, 0xff, 0x2f, 0xd9, 0xfc, 0xff,
    0x2f, 0xdb, 0xfc, 0xff, 0x30, 0xdd, 0xfc, 0xff, 0x30, 0xdf, 0xfd, 0xff, 0x30, 0xe0, 0xfd, 0xff,
    0x30, 0xe0, 0xfd, 0xff, 0x30, 0xe0, 0xfd, 0xff, 0x30, 0xe0, 0xfd, 0xff, 0x30, 0xe0, 0xfd, 0xff,
    0x30, 0xe0, 0xfd, 0xff, 0x30, 0xe0, 0xfd, 0xff, 0x30, 0xe0, 0xfd, 0xff, 0x30, 0xe0, 0xfd, 0xff,
    0x30, 0xe0, 0xfd, 0xff, 0x30, 0xe0, 0xfd, 0xff, 0x30, 0xe0, 0xfd, 0xff, 0x30, 0xe0, 0xfd, 0xff,
    0x30, 0xe0, 0xfd, 0xff, 0x30, 0xe0, 0xfd, 0xff, 0x30, 0xe0, 0xfd, 0xff, 0x30, 0xe0, 0xfd, 0xff,
    0x30, 0xe0, 0xfd, 0xff, 0x30, 0xde, 0xfd, 0xff, 0x2f, 0xdc, 0xfc, 0xff, 0x2f, 0xda, 0xfc, 0xff,
    0x2f, 0xd8, 0xfb, 0xff, 0x2e, 0xd6, 0xfb, 0xff, 0x2b, 0xc6, 0xeb, 0xff, 0x15, 0x53, 0x6e, 0xff,
    0x0d, 0x2b, 0x42, 0xff, 0x1b, 0x6e, 0x8f, 0xff, 0x2d, 0xca, 0xf9, 0xff, 0x2c, 0xc7, 0xf8, 0xff,
    0x2c, 0xc5, 0xf8, 0xff, 0x2b, 0xc2, 0xf7, 0xff, 0x2a, 0xbe, 0xf7, 0xff, 0x27, 0xb1, 0xf5, 0xff,
    0x1e, 0xa1, 0xf3, 0xff, 0x0d, 0x95, 0xf0, 0x8c, 0x00, 0x00, 0x00, 0x00, 0x00, 0x00, 0x00, 0x00,
    0x00, 0x00, 0x00, 0x00, 0x00, 0x00, 0x00, 0x00, 0x00, 0x00, 0x00, 0x00, 0x00, 0x00, 0x00, 0x00,
    0x00, 0x00, 0x00, 0x00, 0x00, 0x00, 0x00, 0x00, 0x00, 0x00, 0x00, 0x00, 0x00, 0x00, 0x00, 0x00,
    0x00, 0x00, 0x00, 0x00, 0x26, 0xa1, 0xf6, 0x1b, 0x23, 0xa2, 0xf4, 0xfe, 0x26, 0xae, 0xf5, 0xff,
    0x2a, 0xbb, 0xf6, 0xff, 0x2b, 0xc2, 0xf7, 0xff, 0x2c, 0xc4, 0xf8, 0xff, 0x2c, 0xc7, 0xf8, 0xff,
    0x2c, 0xc9, 0xf9, 0xff, 0x2c, 0xc8, 0xf5, 0xff, 0x1d, 0x7b, 0x9d, 0xff, 0x28, 0xb0, 0xd5, 0xff,
    0x2e, 0xd3, 0xfb, 0xff, 0x2e, 0xd6, 0xfb, 0xff, 0x2f, 0xd8, 0xfc, 0xff, 0x2f, 0xdb, 0xfc, 0xff,
    0x2f, 0xdd, 0xfc, 0xff, 0x30, 0xdf, 0xfd, 0xff, 0x30, 0xe0, 0xfd, 0xff, 0x30, 0xe0, 0xfd, 0xff,
    0x30, 0xe0, 0xfd, 0xff, 0x30, 0xe0, 0xfd, 0xff, 0x30, 0xe0, 0xfd, 0xff, 0x30, 0xe0, 0xfd, 0xff,
    0x30, 0xe0, 0xfd, 0xff, 0x30, 0xe0, 0xfd, 0xff, 0x30, 0xe0, 0xfd, 0xff, 0x30, 0xe0, 0xfd, 0xff,
    0x30, 0xe0, 0xfd, 0xff, 0x30, 0xe0, 0xfd, 0xff, 0x30, 0xe0, 0xfd, 0xff, 0x30, 0xe0, 0xfd, 0xff,
    0x30, 0xe0, 0xfd, 0xff, 0x30, 0xe0, 0xfd, 0xff, 0x30, 0xe0, 0xfd, 0xff, 0x30, 0xe0, 0xfd, 0xff,
    0x30, 0xe0, 0xfd, 0xff, 0x30, 0xe0, 0xfd, 0xff, 0x30, 0xde, 0xfd, 0xff, 0x2f, 0xdc, 0xfc, 0xff,
    0x2f, 0xda, 0xfc, 0xff, 0x2f, 0xd7, 0xfb, 0xff, 0x2e, 0xd5, 0xfb, 0xff, 0x2d, 0xcf, 0xf6, 0xff,
    0x1e, 0x82, 0xa3, 0xff, 0x25, 0xa6, 0xcd, 0xff, 0x2d, 0xcb, 0xf9, 0xff, 0x2c, 0xc8, 0xf9, 0xff,
    0x2c, 0xc6, 0xf8, 0xff, 0x2c, 0xc3, 0xf8, 0xff, 0x2b, 0xc1, 0xf7, 0xff, 0x28, 0xb6, 0xf6, 0xff,
    0x25, 0xa9, 0xf5, 0xff, 0x0d, 0x95, 0xee, 0xd7, 0x00, 0x00, 0x00, 0x00, 0x00, 0x00, 0x00, 0x00,
    0x00, 0x00, 0x00, 0x00, 0x00, 0x00, 0x00, 0x00, 0x00, 0x00, 0x00, 0x00, 0x00, 0x00, 0x00, 0x00,
    0x00, 0x00, 0x00, 0x00, 0x00, 0x00, 0x00, 0x00, 0x00, 0x00, 0x00, 0x00, 0x00, 0x00, 0x00, 0x00,
    0x00, 0x00, 0x00, 0x00, 0x22, 0xa3, 0xf3, 0x69, 0x24, 0xa5, 0xf4, 0xff, 0x27, 0xb2, 0xf6, 0xff,
    0x2b, 0xc0, 0xf7, 0xff, 0x2b, 0xc3, 0xf7, 0xff, 0x2c, 0xc5, 0xf8, 0xff, 0x2c, 0xc8, 0xf8, 0xff,
    0x2d, 0xcb, 0xf9, 0xff, 0x2d, 0xcd, 0xf9, 0xff, 0x2d, 0xd0, 0xfa, 0xff, 0x2e, 0xd2, 0xfa, 0xff,
    0x2e, 0xd5, 0xfb, 0xff, 0x2f, 0xd7, 0xfb, 0xff, 0x2f, 0xda, 0xfc, 0xff, 0x2f, 0xdc, 0xfc, 0xff,
    0x30, 0xde, 0xfd, 0xff, 0x30, 0xe0, 0xfd, 0xff, 0x30, 0xe0, 0xfd, 0xff, 0x30, 0xe0, 0xfd, 0xff,
    0x30, 0xe0, 0xfd, 0xff, 0x30, 0xe0, 0xfd, 0xff, 0x30, 0xe0, 0xfd, 0xff, 0x30, 0xe0, 0xfd, 0xff,
    0x30, 0xe0, 0xfd, 0xff, 0x30, 0xe0, 0xfd, 0xff, 0x30, 0xe0, 0xfd, 0xff, 0x30, 0xe0, 0xfd, 0xff,
    0x30, 0xe0, 0xfd, 0xff, 0x30, 0xe0, 0xfd, 0xff, 0x30, 0xe0, 0xfd, 0xff, 0x30, 0xe0, 0xfd, 0xff,
    0x30, 0xe0, 0xfd, 0xff, 0x30, 0xe0, 0xfd, 0xff, 0x30, 0xe0, 0xfd, 0xff, 0x30, 0xe0, 0xfd, 0xff,
    0x30, 0xe0, 0xfd, 0xff, 0x30, 0xe0, 0xfd, 0xff, 0x30, 0xe0, 0xfd, 0xff, 0x30, 0xde, 0xfd, 0xff,
    0x2f, 0xdb, 0xfc, 0xff, 0x2f, 0xd9, 0xfc, 0xff, 0x2f, 0xd6, 0xfb, 0xff, 0x2e, 0xd4, 0xfb, 0xff,
    0x2e, 0xd1, 0xfa, 0xff, 0x2d, 0xcf, 0xfa, 0xff, 0x2d, 0xcc, 0xf9, 0xff, 0x2c, 0xca, 0xf9, 0xff,
    0x2c, 0xc7, 0xf8, 0xff, 0x2c, 0xc4, 0xf8, 0xff, 0x2b, 0xc2, 0xf7, 0xff, 0x2a, 0xbb, 0xf6, 0xff,
    0x26, 0xae, 0xf5, 0xff, 0x0e, 0x97, 0xef, 0xfb, 0x0d, 0x99, 0xf2, 0x14, 0x00, 0x00, 0x00, 0x00,
    0x00, 0x00, 0x00, 0x00, 0x00, 0x00, 0x00, 0x00, 0x00, 0x00, 0x00, 0x00, 0x00, 0x00, 0x00, 0x00,
    0x00, 0x00, 0x00, 0x00, 0x00, 0x00, 0x00, 0x00, 0x00, 0x00, 0x00, 0x00, 0x00, 0x00, 0x00, 0x00,
    0x00, 0x00, 0x00, 0x00, 0x23, 0xa3, 0xf3, 0xae, 0x25, 0xa9, 0xf5, 0xff, 0x28, 0xb6, 0xf6, 0xff,
    0x2b, 0xc1, 0xf7, 0xff, 0x2c, 0xc3, 0xf8, 0xff, 0x2c, 0xc6, 0xf8, 0xff, 0x2c, 0xc9, 0xf9, 0xff,
    0x2d, 0xcc, 0xf9, 0xff, 0x2d, 0xce, 0xfa, 0xff, 0x2e, 0xd1, 0xfa, 0xff, 0x2e, 0xd3, 0xfb, 0xff,
    0x2e, 0xd6, 0xfb, 0xff, 0x2f, 0xd9, 0xfc, 0xff, 0x2f, 0xdb, 0xfc, 0xff, 0x30, 0xde, 0xfd, 0xff,
    0x30, 0xe0, 0xfd, 0xff, 0x30, 0xe0, 0xfd, 0xff, 0x30, 0xe0, 0xfd, 0xff, 0x30, 0xe0, 0xfd, 0xff,
    0x30, 0xe0, 0xfd, 0xff, 0x30, 0xe0, 0xfd, 0xff, 0x30, 0xe0, 0xfd, 0xff, 0x30, 0xe0, 0xfd, 0xff,
    0x30, 0xe0, 0xfd, 0xff, 0x30, 0xe0, 0xfd, 0xff, 0x30, 0xe0, 0xfd, 0xff, 0x30, 0xe0, 0xfd, 0xff,
    0x30, 0xe0, 0xfd, 0xff, 0x30, 0xe0, 0xfd, 0xff, 0x30, 0xe0, 0xfd, 0xff, 0x30, 0xe0, 0xfd, 0xff,
    0x30, 0xe0, 0xfd, 0xff, 0x30, 0xe0, 0xfd, 0xff, 0x30, 0xe0, 0xfd, 0xff, 0x30, 0xe0, 0xfd, 0xff,
    0x30, 0xe0, 0xfd, 0xff, 0x30, 0xe0, 0xfd, 0xff, 0x30, 0xe0, 0xfd, 0xff, 0x30, 0xdf, 0xfd, 0xff,
    0x2f, 0xdd, 0xfc, 0xff, 0x2f, 0xda, 0xfc, 0xff, 0x2f, 0xd8, 0xfb, 0xff, 0x2e, 0xd5, 0xfb, 0xff,
    0x2e, 0xd3, 0xfa, 0xff, 0x2d, 0xd0, 0xfa, 0xff, 0x2d, 0xcd, 0xf9, 0xff, 0x2d, 0xcb, 0xf9, 0xff,
    0x2c, 0xc8, 0xf8, 0xff, 0x2c, 0xc5, 0xf8, 0xff, 0x2b, 0xc3, 0xf7, 0xff, 0x2b, 0xbf, 0xf7, 0xff,
    0x27, 0xb2, 0xf6, 0xff, 0x15, 0x9b, 0xf1, 0xff, 0x0d, 0x97, 0xee, 0x76, 0x00, 0x00, 0x00, 0x00,
    0x00, 0x00, 0x00, 0x00, 0x00, 0x00, 0x00, 0x00, 0x00, 0x00, 0x00, 0x00, 0x00, 0x00, 0x00, 0x00,
    0x00, 0x00, 0x00, 0x00, 0x00, 0x00, 0x00, 0x00, 0x00, 0x00, 0x00, 0x00, 0x00, 0x00, 0x00, 0x00,
    0x00, 0x00, 0x00, 0x00, 0x23, 0xa2, 0xf4, 0xe3, 0x26, 0xad, 0xf5, 0xff, 0x29, 0xba, 0xf6, 0xff,
    0x2b, 0xc2, 0xf7, 0xff, 0x2c, 0xc4, 0xf8, 0xff, 0x2c, 0xc7, 0xf8, 0xff, 0x2d, 0xca, 0xf9, 0xff,
    0x2d, 0xcc, 0xf9, 0xff, 0x2d, 0xcf, 0xfa, 0xff, 0x2e, 0xd2, 0xfa, 0xff, 0x2e, 0xd5, 0xfb, 0xff,
    0x2f, 0xd7, 0xfb, 0xff, 0x2f, 0xda, 0xfc, 0xff, 0x2f, 0xdc, 0xfc, 0xff, 0x30, 0xdf, 0xfd, 0xff,
    0x30, 0xe0, 0xfd, 0xff, 0x30, 0xe0, 0xfd, 0xff, 0x30, 0xe0, 0xfd, 0xff, 0x30, 0xe0, 0xfd, 0xff,
    0x30, 0xe0, 0xfd, 0xff, 0x30, 0xe0, 0xfd, 0xff, 0x30, 0xe0, 0xfd, 0xff, 0x30, 0xe0, 0xfd, 0xff,
    0x30, 0xe0, 0xfd, 0xff, 0x30, 0xe0, 0xfd, 0xff, 0x30, 0xe0, 0xfd, 0xff, 0x30, 0xe0, 0xfd, 0xff,
    0x30, 0xe0, 0xfd, 0xff, 0x30, 0xe0, 0xfd, 0xff, 0x30, 0xe0, 0xfd, 0xff, 0x30, 0xe0, 0xfd, 0xff,
    0x30, 0xe0, 0xfd, 0xff, 0x30, 0xe0, 0xfd, 0xff, 0x30, 0xe0, 0xfd, 0xff, 0x30, 0xe0, 0xfd, 0xff,
    0x30, 0xe0, 0xfd, 0xff, 0x30, 0xe0, 0xfd, 0xff, 0x30, 0xe0, 0xfd, 0xff, 0x30, 0xe0, 0xfd, 0xff,
    0x30, 0xde, 0xfd, 0xff, 0x2f, 0xdc, 0xfc, 0xff, 0x2f, 0xd9, 0xfc, 0xff, 0x2e, 0xd6, 0xfb, 0xff,
    0x2e, 0xd4, 0xfb, 0xff, 0x2e, 0xd1, 0xfa, 0xff, 0x2d, 0xce, 0xfa, 0xff, 0x2d, 0xcc, 0xf9, 0xff,
    0x2c, 0xc9, 0xf9, 0xff, 0x2c, 0xc6, 0xf8, 0xff, 0x2c, 0xc3, 0xf8, 0xff, 0x2b, 0xc1, 0xf7, 0xff,
    0x28, 0xb5, 0xf6, 0xff, 0x1d, 0xa2, 0xf3, 0xff, 0x0b, 0x95, 0xef, 0xc1, 0x00, 0x00, 0x00, 0x00,
    0x00, 0x00, 0x00, 0x00, 0x00, 0x00, 0x00, 0x00, 0x00, 0x00, 0x00, 0x00, 0x00, 0x00, 0x00, 0x00,
    0x00, 0x00, 0x00, 0x00, 0x00, 0x00, 0x00, 0x00, 0x00, 0x00, 0x00, 0x00, 0x00, 0x00, 0x00, 0x00,
    0x23, 0xa2, 0xf3, 0x16, 0x23, 0xa2, 0xf4, 0xff, 0x27, 0xb0, 0xf5, 0xff, 0x2a, 0xbd, 0xf7, 0xff,
    0x2b, 0xc2, 0xf7, 0xff, 0x2c, 0xc5, 0xf8, 0xff, 0x2c, 0xc8, 0xf8, 0xff, 0x2d, 0xcb, 0xf9, 0xff,
    0x2d, 0xcd, 0xf9, 0xff, 0x2e, 0xd0, 0xfa, 0xff, 0x2e, 0xd3, 0xfb, 0xff, 0x2e, 0xd5, 0xfb, 0xff,
    0x2f, 0xd8, 0xfc, 0xff, 0x2f, 0xdb, 0xfc, 0xff, 0x30, 0xde, 0xfd, 0xff, 0x30, 0xe0, 0xfd, 0xff,
    0x30, 0xe0, 0xfd, 0xff, 0x30, 0xe0, 0xfd, 0xff, 0x30, 0xe0, 0xfd, 0xff, 0x30, 0xe0, 0xfd, 0xff,
    0x30, 0xe0, 0xfd, 0xff, 0x30, 0xe0, 0xfd, 0xff, 0x30, 0xe0, 0xfd, 0xff, 0x30, 0xe0, 0xfd, 0xff,
    0x30, 0xe0, 0xfd, 0xff, 0x30, 0xe0, 0xfd, 0xff, 0x30, 0xe0, 0xfd, 0xff, 0x30, 0xe0, 0xfd, 0xff,
    0x30, 0xe0, 0xfd, 0xff, 0x30, 0xe0, 0xfd, 0xff, 0x30, 0xe0, 0xfd, 0xff, 0x30, 0xe0, 0xfd, 0xff,
    0x30, 0xe0, 0xfd, 0xff, 0x30, 0xe0, 0xfd, 0xff, 0x30, 0xe0, 0xfd, 0xff, 0x30, 0xe0, 0xfd, 0xff,
    0x30, 0xe0, 0xfd, 0xff, 0x30, 0xe0, 0xfd, 0xff, 0x30, 0xe0, 0xfd, 0xff, 0x30, 0xe0, 0xfd, 0xff,
    0x30, 0xdf, 0xfd, 0xff, 0x2f, 0xdd, 0xfc, 0xff, 0x2f, 0xda, 0xfc, 0xff, 0x2f, 0xd7, 0xfb, 0xff,
    0x2e, 0xd5, 0xfb, 0xff, 0x2e, 0xd2, 0xfa, 0xff, 0x2d, 0xcf, 0xfa, 0xff, 0x2d, 0xcc, 0xf9, 0xff,
    0x2c, 0xca, 0xf9, 0xff, 0x2c, 0xc7, 0xf8, 0xff, 0x2c, 0xc4, 0xf8, 0xff, 0x2b, 0xc1, 0xf7, 0xff,
    0x29, 0xb8, 0xf6, 0xff, 0x23, 0xa9, 0xf5, 0xff, 0x08, 0x93, 0xec, 0xe7, 0x00, 0x00, 0x00, 0x00,
    0x00, 0x00, 0x00, 0x00, 0x00, 0x00, 0x00, 0x00, 0x00, 0x00, 0x00, 0x00, 0x00, 0x00, 0x00, 0x00,
    0x00, 0x00, 0x00, 0x00, 0x00, 0x00, 0x00, 0x00, 0x00, 0x00, 0x00, 0x00, 0x00, 0x00, 0x00, 0x00,
    0x25, 0xa2, 0xf6, 0x37, 0x24, 0xa4, 0xf4, 0xff, 0x27, 0xb2, 0xf6, 0xff, 0x2b, 0xc0, 0xf7, 0xff,
    0x2b, 0xc3, 0xf8, 0xff, 0x2c, 0xc6, 0xf8, 0xff, 0x2c, 0xc8, 0xf9, 0xff, 0x2d, 0xcb, 0xf9, 0xff,
    0x2d, 0xce, 0xfa, 0xff, 0x2e, 0xd1, 0xfa, 0xff, 0x2e, 0xd2, 0xfa, 0xff, 0x1a, 0x6f, 0x8b, 0xff,
    0x11, 0x40, 0x58, 0xff, 0x1e, 0x86, 0xa1, 0xff, 0x30, 0xdd, 0xfc, 0xff, 0x30, 0xe0, 0xfd, 0xff,
    0x30, 0xe0, 0xfd, 0xff, 0x30, 0xe0, 0xfd, 0xff, 0x30, 0xe0, 0xfd, 0xff, 0x30, 0xe0, 0xfd, 0xff,
    0x2f, 0xdb, 0xf8, 0xff, 0x1c, 0x79, 0x92, 0xff, 0x14, 0x4b, 0x64, 0xff, 0x23, 0xa2, 0xbd, 0xff,
    0x30, 0xe0, 0xfd, 0xff, 0x30, 0xe0, 0xfd, 0xff, 0x30, 0xe0, 0xfd, 0xff, 0x30, 0xe0, 0xfd, 0xff,
    0x30, 0xe0, 0xfd, 0xff, 0x30, 0xe0, 0xfd, 0xff, 0x30, 0xe0, 0xfd, 0xff, 0x30, 0xe0, 0xfd, 0xff,
    0x20, 0x8e, 0xa9, 0xff, 0x11, 0x3f, 0x57, 0xff, 0x1b, 0x71, 0x8a, 0xff, 0x2f, 0xdc, 0xf9, 0xff,
    0x30, 0xe0, 0xfd, 0xff, 0x30, 0xe0, 0xfd, 0xff, 0x30, 0xe0, 0xfd, 0xff, 0x30, 0xe0, 0xfd, 0xff,
    0x30, 0xe0, 0xfd, 0xff, 0x30, 0xdd, 0xfc, 0xff, 0x20, 0x8b, 0xa8, 0xff, 0x13, 0x47, 0x60, 0xff,
    0x1d, 0x7c, 0x9a, 0xff, 0x2e, 0xd3, 0xfa, 0xff, 0x2d, 0xd0, 0xfa, 0xff, 0x2d, 0xcd, 0xf9, 0xff,
    0x2d, 0xca, 0xf9, 0xff, 0x2c, 0xc7, 0xf8, 0xff, 0x2c, 0xc5, 0xf8, 0xff, 0x2b, 0xc2, 0xf7, 0xff,
    0x2a, 0xbb, 0xf7, 0xff, 0x26, 0xad, 0xf5, 0xff, 0x04, 0x91, 0xec, 0xf8, 0x00, 0x00, 0x00, 0x00,
    0x00, 0x00, 0x00, 0x00, 0x00, 0x00, 0x00, 0x00, 0x00, 0x00, 0x00, 0x00, 0x00, 0x00, 0x00, 0x00,
    0x00, 0x00, 0x00, 0x00, 0x00, 0x00, 0x00, 0x00, 0x00, 0x00, 0x00, 0x00, 0x00, 0x00, 0x00, 0x00,
    0x24, 0xa2, 0xf3, 0x55, 0x24, 0xa6, 0xf4, 0xff, 0x28, 0xb4, 0xf6, 0xff, 0x2b, 0xc0, 0xf7, 0xff,
    0x2c, 0xc3, 0xf8, 0xff, 0x2c, 0xc6, 0xf8, 0xff, 0x2c, 0xc9, 0xf9, 0xff, 0x2d, 0xcc, 0xf9, 0xff,
    0x2d, 0xce, 0xfa, 0xff, 0x2e, 0xd1, 0xfa, 0xff, 0x2a, 0xc3, 0xe8, 0xff, 0x0d, 0x2b, 0x42, 0xff,
    0x0d, 0x2b, 0x42, 0xff, 0x0d, 0x2b, 0x42, 0xff, 0x18, 0x65, 0x7e, 0xff, 0x2c, 0xcc, 0xe8, 0xff,
    0x30, 0xe0, 0xfd, 0xff, 0x30, 0xe0, 0xfd, 0xff, 0x30, 0xe0, 0xfd, 0xff, 0x29, 0xbf, 0xda, 0xff,
    0x15, 0x53, 0x6c, 0xff, 0x0d, 0x2b, 0x42, 0xff, 0x0d, 0x2b, 0x42, 0xff, 0x15, 0x53, 0x6c, 0xff,
    0x30, 0xe0, 0xfd, 0xff, 0x30, 0xe0, 0xfd, 0xff, 0x30, 0xe0, 0xfd, 0xff, 0x30, 0xe0, 0xfd, 0xff,
    0x30, 0xe0, 0xfd, 0xff, 0x30, 0xe0, 0xfd, 0xff, 0x30, 0xe0, 0xfd, 0xff, 0x30, 0xe0, 0xfd, 0xff,
    0x10, 0x3a, 0x52, 0xff, 0x0d, 0x2b, 0x42, 0xff, 0x0d, 0x2b, 0x42, 0xff, 0x15, 0x53, 0x6c, 0xff,
    0x29, 0xbe, 0xd9, 0xff, 0x30, 0xe0, 0xfd, 0xff, 0x30, 0xe0, 0xfd, 0xff, 0x30, 0xe0, 0xfd, 0xff,
    0x2c, 0xcd, 0xe9, 0xff, 0x18, 0x64, 0x7c, 0xff, 0x0d, 0x2b, 0x42, 0xff, 0x0d, 0x2b, 0x42, 0xff,
    0x0e, 0x2e, 0x46, 0xff, 0x2e, 0xd1, 0xfa, 0xff, 0x2e, 0xd0, 0xfa, 0xff, 0x2d, 0xcd, 0xfa, 0xff,
    0x2d, 0xcb, 0xf9, 0xff, 0x2c, 0xc8, 0xf8, 0xff, 0x2c, 0xc5, 0xf8, 0xff, 0x2b, 0xc2, 0xf7, 0xff,
    0x2a, 0xbd, 0xf7, 0xff, 0x27, 0xaf, 0xf5, 0xff, 0x04, 0x92, 0xec, 0xfe, 0x00, 0x00, 0x00, 0x00,
    0x00, 0x00, 0x00, 0x00, 0x00, 0x00, 0x00, 0x00, 0x00, 0x00, 0x00, 0x00, 0x00, 0x00, 0x00, 0x00,
    0x00, 0x00, 0x00, 0x00, 0x00, 0x00, 0x00, 0x00, 0x00, 0x00, 0x00, 0x00, 0x00, 0x00, 0x00, 0x00,
    0x22, 0xa2, 0xf5, 0x68, 0x24, 0xa8, 0xf5, 0xff, 0x28, 0xb5, 0xf6, 0xff, 0x2b, 0xc1, 0xf7, 0xff,
    0x2c, 0xc4, 0xf8, 0xff, 0x2c, 0xc6, 0xf8, 0xff, 0x2c, 0xc9, 0xf9, 0xff, 0x2d, 0xcc, 0xf9, 0xff,
    0x2d, 0xcf, 0xfa, 0xff, 0x2e, 0xd2, 0xfa, 0xff, 0x2e, 0xd4, 0xfb, 0xff, 0x19, 0x69, 0x84, 0xff,
    0x0d, 0x2b, 0x42, 0xff, 0x0d, 0x2b, 0x42, 0xff, 0x0d, 0x2b, 0x42, 0xff, 0x0e, 0x2e, 0x46, 0xff,
    0x16, 0x5a, 0x72, 0xff, 0x18, 0x65, 0x7e, 0xff, 0x13, 0x4b, 0x63, 0xff, 0x0d, 0x2b, 0x42, 0xff,
    0x0d, 0x2b, 0x42, 0xff, 0x0d, 0x2b, 0x42, 0xff, 0x0d, 0x2b, 0x42, 0xff, 0x21, 0x90, 0xaa, 0xff,
    0x30, 0xe0, 0xfd, 0xff, 0x30, 0xe0, 0xfd, 0xff, 0x30, 0xe0, 0xfd, 0xff, 0x30, 0xe0, 0xfd, 0xff,
    0x30, 0xe0, 0xfd, 0xff, 0x30, 0xe0, 0xfd, 0xff, 0x30, 0xe0, 0xfd, 0xff, 0x30, 0xe0, 0xfd, 0xff,
    0x1f, 0x8a, 0xa4, 0xff, 0x0d, 0x2b, 0x42, 0xff, 0x0d, 0x2b, 0x42, 0xff, 0x0d, 0x2b, 0x42, 0xff,
    0x0d, 0x2c, 0x43, 0xff, 0x14, 0x52, 0x6b, 0xff, 0x19, 0x68, 0x80, 0xff, 0x14, 0x51, 0x6a, 0xff,
    0x0e, 0x2e, 0x45, 0xff, 0x0d, 0x2b, 0x42, 0xff, 0x0d, 0x2b, 0x42, 0xff, 0x0d, 0x2b, 0x42, 0xff,
    0x19, 0x65, 0x81, 0xff, 0x2e, 0xd3, 0xfb, 0xff, 0x2e, 0xd1, 0xfa, 0xff, 0x2d, 0xce, 0xfa, 0xff,
    0x2d, 0xcb, 0xf9, 0xff, 0x2c, 0xc8, 0xf9, 0xff, 0x2c, 0xc5, 0xf8, 0xff, 0x2b, 0xc3, 0xf7, 0xff,
    0x2b, 0xbf, 0xf7, 0xff, 0x27, 0xb1, 0xf5, 0xff, 0x05, 0x92, 0xed, 0xff, 0x0c, 0x97, 0xf3, 0x16,
    0x00, 0x00, 0x00, 0x00, 0x00, 0x00, 0x00, 0x00, 0x00, 0x00, 0x00, 0x00, 0x00, 0x00, 0x00, 0x00,
    0x00, 0x00, 0x00, 0x00, 0x00, 0x00, 0x00, 0x00, 0x00, 0x00, 0x00, 0x00, 0x00, 0x00, 0x00, 0x00,
    0x24, 0xa2, 0xf4, 0x71, 0x25, 0xa8, 0xf5, 0xff, 0x28, 0xb6, 0xf6, 0xff, 0x2b, 0xc1, 0xf7, 0xff,
    0x2c, 0xc4, 0xf8, 0xff, 0x2c, 0xc7, 0xf8, 0xff, 0x2c, 0xc9, 0xf9, 0xff, 0x2d, 0xcc, 0xf9, 0xff,
    0x2d, 0xcf, 0xfa, 0xff, 0x2e, 0xd2, 0xfa, 0xff, 0x2e, 0xd5, 0xfb, 0xff, 0x2d, 0xcd, 0xef, 0xff,
    0x13, 0x47, 0x60, 0xff, 0x0d, 0x2b, 0x42, 0xff, 0x0d, 0x2b, 0x42, 0xff, 0x0d, 0x2b, 0x42, 0xff,
    0x0d, 0x2b, 0x42, 0xff, 0x0d, 0x2b, 0x42, 0xff, 0x0d, 0x2b, 0x42, 0xff, 0x0d, 0x2b, 0x42, 0xff,
    0x0d, 0x2b, 0x42, 0xff, 0x0d, 0x2b, 0x42, 0xff, 0x19, 0x6a, 0x83, 0xff, 0x30, 0xde, 0xfc, 0xff,
    0x30, 0xe0, 0xfd, 0xff, 0x30, 0xe0, 0xfd, 0xff, 0x30, 0xe0, 0xfd, 0xff, 0x30, 0xe0, 0xfd, 0xff,
    0x30, 0xe0, 0xfd, 0xff, 0x30, 0xe0, 0xfd, 0xff, 0x30, 0xe0, 0xfd, 0xff, 0x30, 0xe0, 0xfd, 0xff,
    0x30, 0xde, 0xfc, 0xff, 0x17, 0x60, 0x78, 0xff, 0x0d, 0x2b, 0x42, 0xff, 0x0d, 0x2b, 0x42, 0xff,
    0x0d, 0x2b, 0x42, 0xff, 0x0d, 0x2b, 0x42, 0xff, 0x0d, 0x2b, 0x42, 0xff, 0x0d, 0x2b, 0x42, 0xff,
    0x0d, 0x2b, 0x42, 0xff, 0x0d, 0x2b, 0x42, 0xff, 0x0d, 0x2b, 0x42, 0xff, 0x13, 0x49, 0x62, 0xff,
    0x2d, 0xcc, 0xee, 0xff, 0x2e, 0xd4, 0xfb, 0xff, 0x2e, 0xd1, 0xfa, 0xff, 0x2d, 0xce, 0xfa, 0xff,
    0x2d, 0xcb, 0xf9, 0xff, 0x2c, 0xc8, 0xf9, 0xff, 0x2c, 0xc6, 0xf8, 0xff, 0x2b, 0xc3, 0xf8, 0xff,
    0x2b, 0xbf, 0xf7, 0xff, 0x27, 0xb1, 0xf6, 0xff, 0x06, 0x92, 0xec, 0xff, 0x12, 0x98, 0xed, 0x2a,
    0x00, 0x00, 0x00, 0x00, 0x00, 0x00, 0x00, 0x00, 0x00, 0x00, 0x00, 0x00, 0x00, 0x00, 0x00, 0x00,
    0x00, 0x00, 0x00, 0x00, 0x00, 0x00, 0x00, 0x00, 0x00, 0x00, 0x00, 0x00, 0x00, 0x00, 0x00, 0x00,
    0x22, 0xa2, 0xf4, 0x78, 0x25, 0xa9, 0xf5, 0xff, 0x29, 0xb7, 0xf6, 0xff, 0x2b, 0xc1, 0xf7, 0xff,
    0x2c, 0xc4, 0xf8, 0xff, 0x2c, 0xc7, 0xf8, 0xff, 0x2c, 0xc9, 0xf9, 0xff, 0x2d, 0xcc, 0xf9, 0xff,
    0x2d, 0xcf, 0xfa, 0xff, 0x2e, 0xd2, 0xfa, 0xff, 0x2e, 0xd5, 0xfb, 0xff, 0x2f, 0xd8, 0xfb, 0xff,
    0x2d, 0xd0, 0xf0, 0xff, 0x19, 0x67, 0x81, 0xff, 0x0d, 0x2c, 0x43, 0xff, 0x0d, 0x2b, 0x42, 0xff,
    0x0d, 0x2b, 0x42, 0xff, 0x0d, 0x2b, 0x42, 0xff, 0x0d, 0x2b, 0x42, 0xff, 0x0d, 0x2b, 0x42, 0xff,
    0x0f, 0x31, 0x48, 0xff, 0x1e, 0x83, 0x9d, 0xff, 0x2f, 0xde, 0xfb, 0xff, 0x30, 0xe0, 0xfd, 0xff,
    0x30, 0xe0, 0xfd, 0xff, 0x30, 0xe0, 0xfd, 0xff, 0x30, 0xe0, 0xfd, 0xff, 0x30, 0xe0, 0xfd, 0xff,
    0x30, 0xe0, 0xfd, 0xff, 0x30, 0xe0, 0xfd, 0xff, 0x30, 0xe0, 0xfd, 0xff, 0x30, 0xe0, 0xfd, 0xff,
    0x30, 0xe0, 0xfd, 0xff, 0x2f, 0xdd, 0xf9, 0xff, 0x1d, 0x7d, 0x96, 0xff, 0x0e, 0x2e, 0x46, 0xff,
    0x0d, 0x2b, 0x42, 0xff, 0x0d, 0x2b, 0x42, 0xff, 0x0d, 0x2b, 0x42, 0xff, 0x0d, 0x2b, 0x42, 0xff,
    0x0d, 0x2b, 0x42, 0xff, 0x0d, 0x2c, 0x43, 0xff, 0x19, 0x66, 0x81, 0xff, 0x2d, 0xce, 0xef, 0xff,
    0x2f, 0xd7, 0xfb, 0xff, 0x2e, 0xd4, 0xfb, 0xff, 0x2e, 0xd1, 0xfa, 0xff, 0x2d, 0xce, 0xfa, 0xff,
    0x2d, 0xcb, 0xf9, 0xff, 0x2c, 0xc8, 0xf9, 0xff, 0x2c, 0xc6, 0xf8, 0xff, 0x2b, 0xc3, 0xf8, 0xff,
    0x2b, 0xc0, 0xf7, 0xff, 0x27, 0xb2, 0xf6, 0xff, 0x04, 0x92, 0xec, 0xff, 0x12, 0x9a, 0xf2, 0x3a,
    0x00, 0x00, 0x00, 0x00, 0x00, 0x00, 0x00, 0x00, 0x00, 0x00, 0x00, 0x00, 0x00, 0x00, 0x00, 0x00,
    0x00, 0x00, 0x00, 0x00, 0x00, 0x00, 0x00, 0x00, 0x00, 0x00, 0x00, 0x00, 0x00, 0x00, 0x00, 0x00,
    0x23, 0xa2, 0xf4, 0x73, 0x25, 0xa9, 0xf5, 0xff, 0x28, 0xb6, 0xf6, 0xff, 0x2b, 0xc1, 0xf7, 0xff,
    0x2c, 0xc4, 0xf8, 0xff, 0x2c, 0xc7, 0xf8, 0xff, 0x2c, 0xc9, 0xf9, 0xff, 0x2d, 0xcc, 0xf9, 0xff,
    0x2d, 0xcf, 0xfa, 0xff, 0x2e, 0xd2, 0xfa, 0xff, 0x2e, 0xd5, 0xfb, 0xff, 0x2f, 0xd8, 0xfb, 0xff,
    0x2f, 0xda, 0xfc, 0xff, 0x30, 0xdd, 0xfc, 0xff, 0x2a, 0xc0, 0xdc, 0xff, 0x1e, 0x83, 0x9d, 0xff,
    0x16, 0x59, 0x71, 0xff, 0x15, 0x57, 0x6f, 0xff, 0x19, 0x68, 0x81, 0xff, 0x21, 0x91, 0xab, 0xff,
    0x2c, 0xcd, 0xea, 0xff, 0x30, 0xe0, 0xfd, 0xff, 0x30, 0xe0, 0xfd, 0xff, 0x30, 0xe0, 0xfd, 0xff,
    0x30, 0xe0, 0xfd, 0xff, 0x30, 0xe0, 0xfd, 0xff, 0x30, 0xe0, 0xfd, 0xff, 0x30, 0xe0, 0xfd, 0xff,
    0x30, 0xe0, 0xfd, 0xff, 0x30, 0xe0, 0xfd, 0xff, 0x30, 0xe0, 0xfd, 0xff, 0x30, 0xe0, 0xfd, 0xff,
    0x30, 0xe0, 0xfd, 0xff, 0x30, 0xe0, 0xfd, 0xff, 0x30, 0xe0, 0xfd, 0xff, 0x2c, 0xc9, 0xe5, 0xff,
    0x20, 0x8c, 0xa7, 0xff, 0x17, 0x5f, 0x77, 0xff, 0x15, 0x54, 0x6d, 0xff, 0x18, 0x64, 0x7c, 0xff,
    0x1f, 0x84, 0x9e, 0xff, 0x2a, 0xc0, 0xdc, 0xff, 0x2f, 0xdc, 0xfc, 0xff, 0x2f, 0xd9, 0xfc, 0xff,
    0x2f, 0xd7, 0xfb, 0xff, 0x2e, 0xd4, 0xfb, 0xff, 0x2e, 0xd1, 0xfa, 0xff, 0x2d, 0xce, 0xfa, 0xff,
    0x2d, 0xcb, 0xf9, 0xff, 0x2c, 0xc8, 0xf9, 0xff, 0x2c, 0xc6, 0xf8, 0xff, 0x2b, 0xc3, 0xf8, 0xff,
    0x2b, 0xc0, 0xf7, 0xff, 0x27, 0xb2, 0xf6, 0xff, 0x02, 0x90, 0xeb, 0xff, 0x11, 0x9c, 0xee, 0x2c,
    0x00, 0x00, 0x00, 0x00, 0x00, 0x00, 0x00, 0x00, 0x00, 0x00, 0x00, 0x00, 0x00, 0x00, 0x00, 0x00,
    0x00, 0x00, 0x00, 0x00, 0x00, 0x00, 0x00, 0x00, 0x00, 0x00, 0x00, 0x00, 0x00, 0x00, 0x00, 0x00,
    0x24, 0xa1, 0xf3, 0x6a, 0x25, 0xa8, 0xf5, 0xff, 0x28, 0xb6, 0xf6, 0xff, 0x2b, 0xc1, 0xf7, 0xff,
    0x2c, 0xc4, 0xf8, 0xff, 0x2c, 0xc6, 0xf8, 0xff, 0x2c, 0xc9, 0xf9, 0xff, 0x2d, 0xcc, 0xf9, 0xff,
    0x2d, 0xcf, 0xfa, 0xff, 0x2e, 0xd2, 0xfa, 0xff, 0x2e, 0xd5, 0xfb, 0xff, 0x2f, 0xd7, 0xfb, 0xff,
    0x2f, 0xda, 0xfc, 0xff, 0x30, 0xdd, 0xfc, 0xff, 0x30, 0xe0, 0xfd, 0xff, 0x30, 0xe0, 0xfd, 0xff,
    0x30, 0xe0, 0xfd, 0xff, 0x30, 0xe0, 0xfd, 0xff, 0x30, 0xe0, 0xfd, 0xff, 0x30, 0xe0, 0xfd, 0xff,
    0x30, 0xe0, 0xfd, 0xff, 0x30, 0xe0, 0xfd, 0xff, 0x30, 0xe0, 0xfd, 0xff, 0x30, 0xe0, 0xfd, 0xff,
    0x30, 0xe0, 0xfd, 0xff, 0x30, 0xe0, 0xfd, 0xff, 0x30, 0xe0, 0xfd, 0xff, 0x30, 0xe0, 0xfd, 0xff,
    0x30, 0xe0, 0xfd, 0xff, 0x30, 0xe0, 0xfd, 0xff, 0x30, 0xe0, 0xfd, 0xff, 0x30, 0xe0, 0xfd, 0xff,
    0x30, 0xe0, 0xfd, 0xff, 0x30, 0xe0, 0xfd, 0xff, 0x30, 0xe0, 0xfd, 0xff, 0x30, 0xe0, 0xfd, 0xff,
    0x30, 0xe0, 0xfd, 0xff, 0x30, 0xe0, 0xfd, 0xff, 0x30, 0xe0, 0xfd, 0xff, 0x30, 0xe0, 0xfd, 0xff,
    0x30, 0xe0, 0xfd, 0xff, 0x30, 0xdf, 0xfd, 0xff, 0x2f, 0xdc, 0xfc, 0xff, 0x2f, 0xd9, 0xfc, 0xff,
    0x2e, 0xd6, 0xfb, 0xff, 0x2e, 0xd4, 0xfb, 0xff, 0x2e, 0xd1, 0xfa, 0xff, 0x2d, 0xce, 0xfa, 0xff,
    0x2d, 0xcb, 0xf9, 0xff, 0x2c, 0xc8, 0xf9, 0xff, 0x2c, 0xc5, 0xf8, 0xff, 0x2b, 0xc3, 0xf7, 0xff,
    0x2b, 0xbf, 0xf7, 0xff, 0x26, 0xb0, 0xf4, 0xff, 0x00, 0x8f, 0xeb, 0xff, 0x17, 0x97, 0xf3, 0x16,
    0x00, 0x00, 0x00, 0x00, 0x00, 0x00, 0x00, 0x00, 0x00, 0x00, 0x00, 0x00, 0x00, 0x00, 0x00, 0x00,
    0x00, 0x00, 0x00, 0x00, 0x00, 0x00, 0x00, 0x00, 0x00, 0x00, 0x00, 0x00, 0x00, 0x00, 0x00, 0x00,
    0x22, 0xa2, 0xf4, 0x5a, 0x24, 0xa7, 0xf4, 0xff, 0x28, 0xb4, 0xf6, 0xff, 0x2b, 0xc0, 0xf7, 0xff,
    0x2c, 0xc3, 0xf8, 0xff, 0x2c, 0xc6, 0xf8, 0xff, 0x2c, 0xc9, 0xf9, 0xff, 0x2d, 0xcc, 0xf9, 0xff,
    0x2d, 0xcf, 0xfa, 0xff, 0x2e, 0xd1, 0xfa, 0xff, 0x2e, 0xd4, 0xfb, 0xff, 0x2f, 0xd7, 0xfb, 0xff,
    0x2f, 0xda, 0xfc, 0xff, 0x2f, 0xdd, 0xfc, 0xff, 0x30, 0xdf, 0xfd, 0xff, 0x30, 0xe0, 0xfd, 0xff,
    0x30, 0xe0, 0xfd, 0xff, 0x30, 0xe0, 0xfd, 0xff, 0x30, 0xe0, 0xfd, 0xff, 0x30, 0xe0, 0xfd, 0xff,
    0x30, 0xe0, 0xfd, 0xff, 0x30, 0xe0, 0xfd, 0xff, 0x30, 0xe0, 0xfd, 0xff, 0x30, 0xe0, 0xfd, 0xff,
    0x30, 0xe0, 0xfd, 0xff, 0x30, 0xe0, 0xfd, 0xff, 0x30, 0xe0, 0xfd, 0xff, 0x30, 0xe0, 0xfd, 0xff,
    0x30, 0xe0, 0xfd, 0xff, 0x30, 0xe0, 0xfd, 0xff, 0x30, 0xe0, 0xfd, 0xff, 0x30, 0xe0, 0xfd, 0xff,
    0x30, 0xe0, 0xfd, 0xff, 0x30, 0xe0, 0xfd, 0xff, 0x30, 0xe0, 0xfd, 0xff, 0x30, 0xe0, 0xfd, 0xff,
    0x30, 0xe0, 0xfd, 0xff, 0x30, 0xe0, 0xfd, 0xff, 0x30, 0xe0, 0xfd, 0xff, 0x30, 0xe0, 0xfd, 0xff,
    0x30, 0xe0, 0xfd, 0xff, 0x30, 0xde, 0xfd, 0xff, 0x2f, 0xdc, 0xfc, 0xff, 0x2f, 0xd9, 0xfc, 0xff,
    0x2e, 0xd6, 0xfb, 0xff, 0x2e, 0xd3, 0xfb, 0xff, 0x2e, 0xd0, 0xfa, 0xff, 0x2d, 0xce, 0xfa, 0xff,
    0x2d, 0xcb, 0xf9, 0xff, 0x2c, 0xc8, 0xf8, 0xff, 0x2c, 0xc5, 0xf8, 0xff, 0x2b, 0xc2, 0xf7, 0xff,
    0x2a, 0xbd, 0xf7, 0xff, 0x21, 0xaa, 0xf4, 0xff, 0x01, 0x8f, 0xeb, 0xff, 0x00, 0xff, 0xff, 0x02,
    0x00, 0x00, 0x00, 0x00, 0x00, 0x00, 0x00, 0x00, 0x00, 0x00, 0x00, 0x00, 0x00, 0x00, 0x00, 0x00,
    0x00, 0x00, 0x00, 0x00, 0x00, 0x00, 0x00, 0x00, 0x00, 0x00, 0x00, 0x00, 0x00, 0x00, 0x00, 0x00,
    0x25, 0xa0, 0xf3, 0x3e, 0x24, 0xa5, 0xf4, 0xff, 0x27, 0xb3, 0xf6, 0xff, 0x2b, 0xc0, 0xf7, 0xff,
    0x2b, 0xc3, 0xf8, 0xff, 0x2c, 0xc6, 0xf8, 0xff, 0x2c, 0xc8, 0xf9, 0xff, 0x2d, 0xcb, 0xf9, 0xff,
    0x2d, 0xce, 0xfa, 0xff, 0x2e, 0xd1, 0xfa, 0xff, 0x2e, 0xd4, 0xfb, 0xff, 0x2e, 0xd6, 0xfb, 0xff,
    0x2f, 0xd9, 0xfc, 0xff, 0x2f, 0xdc, 0xfc, 0xff, 0x30, 0xdf, 0xfd, 0xff, 0x30, 0xe0, 0xfd, 0xff,
    0x30, 0xe0, 0xfd, 0xff, 0x30, 0xe0, 0xfd, 0xff, 0x30, 0xe0, 0xfd, 0xff, 0x30, 0xe0, 0xfd, 0xff,
    0x30, 0xe0, 0xfd, 0xff, 0x30, 0xe0, 0xfd, 0xff, 0x30, 0xe0, 0xfd, 0xff, 0x30, 0xe0, 0xfd, 0xff,
    0x30, 0xe0, 0xfd, 0xff, 0x30, 0xe0, 0xfd, 0xff, 0x30, 0xe0, 0xfd, 0xff, 0x30, 0xe0, 0xfd, 0xff,
    0x30, 0xe0, 0xfd, 0xff, 0x30, 0xe0, 0xfd, 0xff, 0x30, 0xe0, 0xfd, 0xff, 0x30, 0xe0, 0xfd, 0xff,
    0x30, 0xe0, 0xfd, 0xff, 0x30, 0xe0, 0xfd, 0xff, 0x30, 0xe0, 0xfd, 0xff, 0x30, 0xe0, 0xfd, 0xff,
    0x30, 0xe0, 0xfd, 0xff, 0x30, 0xe0, 0xfd, 0xff, 0x30, 0xe0, 0xfd, 0xff, 0x30, 0xe0, 0xfd, 0xff,
    0x30, 0xe0, 0xfd, 0xff, 0x30, 0xde, 0xfd, 0xff, 0x2f, 0xdb, 0xfc, 0xff, 0x2f, 0xd8, 0xfc, 0xff,
    0x2e, 0xd5, 0xfb, 0xff, 0x2e, 0xd3, 0xfa, 0xff, 0x2d, 0xd0, 0xfa, 0xff, 0x2d, 0xcd, 0xf9, 0xff,
    0x2d, 0xca, 0xf9, 0xff, 0x2c, 0xc8, 0xf8, 0xff, 0x2c, 0xc5, 0xf8, 0xff, 0x2b, 0xc2, 0xf7, 0xff,
    0x2a, 0xbc, 0xf7, 0xff, 0x1b, 0xa5, 0xf2, 0xff, 0x04, 0x91, 0xed, 0xfa, 0x00, 0x00, 0x00, 0x00,
    0x00, 0x00, 0x00, 0x00, 0x00, 0x00, 0x00, 0x00, 0x00, 0x00, 0x00, 0x00, 0x00, 0x00, 0x00, 0x00,
    0x00, 0x00, 0x00, 0x00, 0x00, 0x00, 0x00, 0x00, 0x00, 0x00, 0x00, 0x00, 0x00, 0x00, 0x00, 0x00,
    0x22, 0xa2, 0xf7, 0x1e, 0x23, 0xa2, 0xf4, 0xff, 0x27, 0xb0, 0xf5, 0xff, 0x2a, 0xbe, 0xf7, 0xff,
    0x2b, 0xc2, 0xf7, 0xff, 0x2c, 0xc5, 0xf8, 0xff, 0x2c, 0xc8, 0xf8, 0xff, 0x2d, 0xcb, 0xf9, 0xff,
    0x2d, 0xcd, 0xfa, 0xff, 0x2e, 0xd0, 0xfa, 0xff, 0x2e, 0xd3, 0xfb, 0xff, 0x2e, 0xd6, 0xfb, 0xff,
    0x2f, 0xd8, 0xfc, 0xff, 0x2f, 0xdb, 0xfc, 0xff, 0x30, 0xde, 0xfd, 0xff, 0x30, 0xe0, 0xfd, 0xff,
    0x30, 0xe0, 0xfd, 0xff, 0x30, 0xe0, 0xfd, 0xff, 0x30, 0xe0, 0xfd, 0xff, 0x30, 0xe0, 0xfd, 0xff,
    0x30, 0xe0, 0xfd, 0xff, 0x30, 0xe0, 0xfd, 0xff, 0x30, 0xe0, 0xfd, 0xff, 0x30, 0xe0, 0xfd, 0xff,
    0x30, 0xe0, 0xfd, 0xff, 0x30, 0xe0, 0xfd, 0xff, 0x30, 0xe0, 0xfd, 0xff, 0x30, 0xe0, 0xfd, 0xff,
    0x30, 0xe0, 0xfd, 0xff, 0x30, 0xe0, 0xfd, 0xff, 0x30, 0xe0, 0xfd, 0xff, 0x30, 0xe0, 0xfd, 0xff,
    0x30, 0xe0, 0xfd, 0xff, 0x30, 0xe0, 0xfd, 0xff, 0x30, 0xe0, 0xfd, 0xff, 0x30, 0xe0, 0xfd, 0xff,
    0x30, 0xe0, 0xfd, 0xff, 0x30, 0xe0, 0xfd, 0xff, 0x30, 0xe0, 0xfd, 0xff, 0x30, 0xe0, 0xfd, 0xff,
    0x30, 0xdf, 0xfd, 0xff, 0x30, 0xdd, 0xfc, 0xff, 0x2f, 0xda, 0xfc, 0xff, 0x2f, 0xd7, 0xfb, 0xff,
    0x2e, 0xd5, 0xfb, 0xff, 0x2e, 0xd2, 0xfa, 0xff, 0x2d, 0xcf, 0xfa, 0xff, 0x2d, 0xcc, 0xf9, 0xff,
    0x2d, 0xca, 0xf9, 0xff, 0x2c, 0xc7, 0xf8, 0xff, 0x2c, 0xc4, 0xf8, 0xff, 0x2b, 0xc1, 0xf7, 0xff,
    0x29, 0xb9, 0xf6, 0xff, 0x12, 0x9d, 0xf0, 0xff, 0x08, 0x93, 0xee, 0xea, 0x00, 0x00, 0x00, 0x00,
    0x00, 0x00, 0x00, 0x00, 0x00, 0x00, 0x00, 0x00, 0x00, 0x00, 0x00, 0x00, 0x00, 0x00, 0x00, 0x00,
    0x00, 0x00, 0x00, 0x00, 0x00, 0x00, 0x00, 0x00, 0x00, 0x00, 0x00, 0x00, 0x00, 0x00, 0x00, 0x00,
    0x00, 0xff, 0xff, 0x01, 0x23, 0xa2, 0xf4, 0xee, 0x26, 0xad, 0xf5, 0xff, 0x2a, 0xbb, 0xf6, 0xff,
    0x2b, 0xc2, 0xf7, 0xff, 0x2c, 0xc4, 0xf8, 0xff, 0x2c, 0xc7, 0xf8, 0xff, 0x2d, 0xca, 0xf9, 0xff,
    0x2d, 0xcd, 0xf9, 0xff, 0x2d, 0xcf, 0xfa, 0xff, 0x2e, 0xd2, 0xfa, 0xff, 0x2e, 0xd5, 0xfb, 0xff,
    0x2f, 0xd7, 0xfb, 0xff, 0x2f, 0xda, 0xfc, 0xff, 0x2f, 0xdd, 0xfc, 0xff, 0x30, 0xdf, 0xfd, 0xff,
    0x30, 0xe0, 0xfd, 0xff, 0x30, 0xe0, 0xfd, 0xff, 0x30, 0xe0, 0xfd, 0xff, 0x30, 0xe0, 0xfd, 0xff,
    0x30, 0xe0, 0xfd, 0xff, 0x30, 0xe0, 0xfd, 0xff, 0x30, 0xe0, 0xfd, 0xff, 0x30, 0xe0, 0xfd, 0xff,
    0x30, 0xe0, 0xfd, 0xff, 0x30, 0xe0, 0xfd, 0xff, 0x30, 0xe0, 0xfd, 0xff, 0x30, 0xe0, 0xfd, 0xff,
    0x30, 0xe0, 0xfd, 0xff, 0x30, 0xe0, 0xfd, 0xff, 0x30, 0xe0, 0xfd, 0xff, 0x30, 0xe0, 0xfd, 0xff,
    0x30, 0xe0, 0xfd, 0xff, 0x30, 0xe0, 0xfd, 0xff, 0x30, 0xe0, 0xfd, 0xff, 0x30, 0xe0, 0xfd, 0xff,
    0x30, 0xe0, 0xfd, 0xff, 0x30, 0xe0, 0xfd, 0xff, 0x30, 0xe0, 0xfd, 0xff, 0x30, 0xe0, 0xfd, 0xff,
    0x30, 0xde, 0xfd, 0xff, 0x2f, 0xdc, 0xfc, 0xff, 0x2f, 0xd9, 0xfc, 0xff, 0x2f, 0xd7, 0xfb, 0xff,
    0x2e, 0xd4, 0xfb, 0xff, 0x2e, 0xd1, 0xfa, 0xff, 0x2d, 0xce, 0xfa, 0xff, 0x2d, 0xcc, 0xf9, 0xff,
    0x2c, 0xc9, 0xf9, 0xff, 0x2c, 0xc6, 0xf8, 0xff, 0x2c, 0xc4, 0xf8, 0xff, 0x2b, 0xc1, 0xf7, 0xff,
    0x28, 0xb6, 0xf6, 0xff, 0x09, 0x96, 0xee, 0xff, 0x0b, 0x95, 0xed, 0xca, 0x00, 0x00, 0x00, 0x00,
    0x00, 0x00, 0x00, 0x00, 0x00, 0x00, 0x00, 0x00, 0x00, 0x00, 0x00, 0x00, 0x00, 0x00, 0x00, 0x00,
    0x00, 0x00, 0x00, 0x00, 0x00, 0x00, 0x00, 0x00, 0x00, 0x00, 0x00, 0x00, 0x00, 0x00, 0x00, 0x00,
    0x00, 0x00, 0x00, 0x00, 0x24, 0xa2, 0xf4, 0xba, 0x25, 0xaa, 0xf5, 0xff, 0x29, 0xb7, 0xf6, 0xff,
    0x2b, 0xc1, 0xf7, 0xff, 0x2c, 0xc4, 0xf8, 0xff, 0x2c, 0xc6, 0xf8, 0xff, 0x2c, 0xc9, 0xf9, 0xff,
    0x2d, 0xcc, 0xf9, 0xff, 0x2d, 0xce, 0xfa, 0xff, 0x2e, 0xd1, 0xfa, 0xff, 0x2e, 0xd4, 0xfb, 0xff,
    0x2e, 0xd6, 0xfb, 0xff, 0x2f, 0xd9, 0xfc, 0xff, 0x2f, 0xdb, 0xfc, 0xff, 0x30, 0xde, 0xfd, 0xff,
    0x30, 0xe0, 0xfd, 0xff, 0x30, 0xe0, 0xfd, 0xff, 0x30, 0xe0, 0xfd, 0xff, 0x30, 0xe0, 0xfd, 0xff,
    0x30, 0xe0, 0xfd, 0xff, 0x30, 0xe0, 0xfd, 0xff, 0x30, 0xe0, 0xfd, 0xff, 0x30, 0xe0, 0xfd, 0xff,
    0x30, 0xe0, 0xfd, 0xff, 0x30, 0xe0, 0xfd, 0xff, 0x30, 0xe0, 0xfd, 0xff, 0x30, 0xe0, 0xfd, 0xff,
    0x30, 0xe0, 0xfd, 0xff, 0x30, 0xe0, 0xfd, 0xff, 0x30, 0xe0, 0xfd, 0xff, 0x30, 0xe0, 0xfd, 0xff,
    0x30, 0xe0, 0xfd, 0xff, 0x30, 0xe0, 0xfd, 0xff, 0x30, 0xe0, 0xfd, 0xff, 0x30, 0xe0, 0xfd, 0xff,
    0x30, 0xe0, 0xfd, 0xff, 0x30, 0xe0, 0xfd, 0xff, 0x30, 0xe0, 0xfd, 0xff, 0x30, 0xe0, 0xfd, 0xff,
    0x30, 0xdd, 0xfc, 0xff, 0x2f, 0xdb, 0xfc, 0xff, 0x2f, 0xd8, 0xfc, 0xff, 0x2e, 0xd5, 0xfb, 0xff,
    0x2e, 0xd3, 0xfb, 0xff, 0x2e, 0xd0, 0xfa, 0xff, 0x2d, 0xce, 0xfa, 0xff, 0x2d, 0xcb, 0xf9, 0xff,
    0x2c, 0xc8, 0xf9, 0xff, 0x2c, 0xc5, 0xf8, 0xff, 0x2b, 0xc3, 0xf8, 0xff, 0x2b, 0xc0, 0xf7, 0xff,
    0x25, 0xb1, 0xf5, 0xff, 0x01, 0x90, 0xec, 0xff, 0x0e, 0x97, 0xef, 0x82, 0x00, 0x00, 0x00, 0x00,
    0x00, 0x00, 0x00, 0x00, 0x00, 0x00, 0x00, 0x00, 0x00, 0x00, 0x00, 0x00, 0x00, 0x00, 0x00, 0x00,
    0x00, 0x00, 0x00, 0x00, 0x00, 0x00, 0x00, 0x00, 0x00, 0x00, 0x00, 0x00, 0x00, 0x00, 0x00, 0x00,
    0x00, 0x00, 0x00, 0x00, 0x24, 0xa3, 0xf5, 0x7a, 0x24, 0xa6, 0xf4, 0xff, 0x28, 0xb3, 0xf6, 0xff,
    0x2b, 0xc0, 0xf7, 0xff, 0x2b, 0xc3, 0xf8, 0xff, 0x2c, 0xc5, 0xf8, 0xff, 0x2c, 0xc8, 0xf9, 0xff,
    0x2d, 0xcb, 0xf9, 0xff, 0x2d, 0xcd, 0xfa, 0xff, 0x2d, 0xd0, 0xfa, 0xff, 0x2e, 0xd3, 0xfa, 0xff,
    0x2e, 0xd5, 0xfb, 0xff, 0x2f, 0xd8, 0xfb, 0xff, 0x2f, 0xda, 0xfc, 0xff, 0x2f, 0xdd, 0xfc, 0xff,
    0x30, 0xdf, 0xfd, 0xff, 0x30, 0xe0, 0xfd, 0xff, 0x30, 0xe0, 0xfd, 0xff, 0x30, 0xe0, 0xfd, 0xff,
    0x30, 0xe0, 0xfd, 0xff, 0x30, 0xe0, 0xfd, 0xff, 0x30, 0xe0, 0xfd, 0xff, 0x30, 0xe0, 0xfd, 0xff,
    0x30, 0xe0, 0xfd, 0xff, 0x30, 0xe0, 0xfd, 0xff, 0x30, 0xe0, 0xfd, 0xff, 0x30, 0xe0, 0xfd, 0xff,
    0x30, 0xe0, 0xfd, 0xff, 0x30, 0xe0, 0xfd, 0xff, 0x30, 0xe0, 0xfd, 0xff, 0x30, 0xe0, 0xfd, 0xff,
    0x30, 0xe0, 0xfd, 0xff, 0x30, 0xe0, 0xfd, 0xff, 0x30, 0xe0, 0xfd, 0xff, 0x30, 0xe0, 0xfd, 0xff,
    0x30, 0xe0, 0xfd, 0xff, 0x30, 0xe0, 0xfd, 0xff, 0x30, 0xe0, 0xfd, 0xff, 0x30, 0xde, 0xfd, 0xff,
    0x2f, 0xdc, 0xfc, 0xff, 0x2f, 0xd9, 0xfc, 0xff, 0x2f, 0xd7, 0xfb, 0xff, 0x2e, 0xd4, 0xfb, 0xff,
    0x2e, 0xd2, 0xfa, 0xff, 0x2d, 0xcf, 0xfa, 0xff, 0x2d, 0xcc, 0xf9, 0xff, 0x2d, 0xca, 0xf9, 0xff,
    0x2c, 0xc7, 0xf8, 0xff, 0x2c, 0xc5, 0xf8, 0xff, 0x2b, 0xc2, 0xf7, 0xff, 0x2a, 0xbc, 0xf7, 0xff,
    0x18, 0xa4, 0xf2, 0xff, 0x00, 0x8f, 0xeb, 0xff, 0x10, 0x94, 0xef, 0x1f, 0x00, 0x00, 0x00, 0x00,
    0x00, 0x00, 0x00, 0x00, 0x00, 0x00, 0x00, 0x00, 0x00, 0x00, 0x00, 0x00, 0x00, 0x00, 0x00, 0x00,
    0x00, 0x00, 0x00, 0x00, 0x00, 0x00, 0x00, 0x00, 0x00, 0x00, 0x00, 0x00, 0x00, 0x00, 0x00, 0x00,
    0x00, 0x00, 0x00, 0x00, 0x24, 0xa0, 0xf3, 0x2b, 0x23, 0xa2, 0xf4, 0xff, 0x26, 0xaf, 0xf5, 0xff,
    0x2a, 0xbc, 0xf7, 0xff, 0x2b, 0xc2, 0xf7, 0xff, 0x2c, 0xc4, 0xf8, 0xff, 0x2c, 0xc7, 0xf8, 0xff,
    0x2d, 0xca, 0xf9, 0xff, 0x2d, 0xcc, 0xf9, 0xff, 0x2d, 0xcf, 0xfa, 0xff, 0x2e, 0xd1, 0xfa, 0xff,
    0x2e, 0xd4, 0xfb, 0xff, 0x2e, 0xd6, 0xfb, 0xff, 0x2f, 0xd9, 0xfc, 0xff, 0x2f, 0xdb, 0xfc, 0xff,
    0x30, 0xdd, 0xfc, 0xff, 0x30, 0xdf, 0xfd, 0xff, 0x30, 0xe0, 0xfd, 0xff, 0x30, 0xe0, 0xfd, 0xff,
    0x30, 0xe0, 0xfd, 0xff, 0x30, 0xe0, 0xfd, 0xff, 0x30, 0xe0, 0xfd, 0xff, 0x30, 0xe0, 0xfd, 0xff,
    0x30, 0xe0, 0xfd, 0xff, 0x30, 0xe0, 0xfd, 0xff, 0x30, 0xe0, 0xfd, 0xff, 0x30, 0xe0, 0xfd, 0xff,
    0x30, 0xe0, 0xfd, 0xff, 0x30, 0xe0, 0xfd, 0xff, 0x30, 0xe0, 0xfd, 0xff, 0x30, 0xe0, 0xfd, 0xff,
    0x30, 0xe0, 0xfd, 0xff, 0x30, 0xe0, 0xfd, 0xff, 0x30, 0xe0, 0xfd, 0xff, 0x30, 0xe0, 0xfd, 0xff,
    0x30, 0xe0, 0xfd, 0xff, 0x30, 0xe0, 0xfd, 0xff, 0x30, 0xdf, 0xfd, 0xff, 0x2f, 0xdc, 0xfc, 0xff,
    0x2f, 0xda, 0xfc, 0xff, 0x2f, 0xd8, 0xfb, 0xff, 0x2e, 0xd5, 0xfb, 0xff, 0x2e, 0xd3, 0xfb, 0xff,
    0x2e, 0xd0, 0xfa, 0xff, 0x2d, 0xce, 0xfa, 0xff, 0x2d, 0xcb, 0xf9, 0xff, 0x2c, 0xc9, 0xf9, 0xff,
    0x2c, 0xc6, 0xf8, 0xff, 0x2c, 0xc4, 0xf8, 0xff, 0x2b, 0xc1, 0xf7, 0xff, 0x29, 0xb7, 0xf6, 0xff,
    0x0b, 0x97, 0xee, 0xff, 0x08, 0x92, 0xed, 0xed, 0x00, 0x00, 0x00, 0x00, 0x00, 0x00, 0x00, 0x00,
    0x00, 0x00, 0x00, 0x00, 0x00, 0x00, 0x00, 0x00, 0x00, 0x00, 0x00, 0x00, 0x00, 0x00, 0x00, 0x00,
    0x00, 0x00, 0x00, 0x00, 0x00, 0x00, 0x00, 0x00, 0x00, 0x00, 0x00, 0x00, 0x00, 0x00, 0x00, 0x00,
    0x00, 0x00, 0x00, 0x00, 0x00, 0x00, 0x00, 0x00, 0x23, 0xa2, 0xf4, 0xd4, 0x25, 0xaa, 0xf5, 0xff,
    0x28, 0xb7, 0xf6, 0xff, 0x2b, 0xc1, 0xf7, 0xff, 0x2c, 0xc3, 0xf8, 0xff, 0x2c, 0xc6, 0xf8, 0xff,
    0x2c, 0xc8, 0xf9, 0xff, 0x2d, 0xcb, 0xf9, 0xff, 0x2d, 0xcd, 0xfa, 0xff, 0x2d, 0xd0, 0xfa, 0xff,
    0x2e, 0xd2, 0xfa, 0xff, 0x2e, 0xd5, 0xfb, 0xff, 0x2f, 0xd7, 0xfb, 0xff, 0x2f, 0xd9, 0xfc, 0xff,
    0x2f, 0xdb, 0xfc, 0xff, 0x30, 0xdd, 0xfd, 0xff, 0x30, 0xdf, 0xfd, 0xff, 0x30, 0xe0, 0xfd, 0xff,
    0x30, 0xe0, 0xfd, 0xff, 0x30, 0xe0, 0xfd, 0xff, 0x30, 0xe0, 0xfd, 0xff, 0x30, 0xe0, 0xfd, 0xff,
    0x30, 0xe0, 0xfd, 0xff, 0x30, 0xe0, 0xfd, 0xff, 0x30, 0xe0, 0xfd, 0xff, 0x30, 0xe0, 0xfd, 0xff,
    0x30, 0xe0, 0xfd, 0xff, 0x30, 0xe0, 0xfd, 0xff, 0x30, 0xe0, 0xfd, 0xff, 0x30, 0xe0, 0xfd, 0xff,
    0x30, 0xe0, 0xfd, 0xff, 0x30, 0xe0, 0xfd, 0xff, 0x30, 0xe0, 0xfd, 0xff, 0x30, 0xe0, 0xfd, 0xff,
    0x30, 0xe0, 0xfd, 0xff, 0x30, 0xdf, 0xfd, 0xff, 0x2f, 0xdd, 0xfc, 0xff, 0x2f, 0xdb, 0xfc, 0xff,
    0x2f, 0xd8, 0xfc, 0xff, 0x2e, 0xd6, 0xfb, 0xff, 0x2e, 0xd4, 0xfb, 0xff, 0x2e, 0xd1, 0xfa, 0xff,
    0x2d, 0xcf, 0xfa, 0xff, 0x2d, 0xcd, 0xf9, 0xff, 0x2d, 0xca, 0xf9, 0xff, 0x2c, 0xc8, 0xf8, 0xff,
    0x2c, 0xc5, 0xf8, 0xff, 0x2b, 0xc2, 0xf7, 0xff, 0x2b, 0xbf, 0xf7, 0xff, 0x21, 0xad, 0xf4, 0xff,
    0x01, 0x90, 0xeb, 0xff, 0x0d, 0x96, 0xed, 0x9c, 0x00, 0x00, 0x00, 0x00, 0x00, 0x00, 0x00, 0x00,
    0x00, 0x00, 0x00, 0x00, 0x00, 0x00, 0x00, 0x00, 0x00, 0x00, 0x00, 0x00, 0x00, 0x00, 0x00, 0x00,
    0x00, 0x00, 0x00, 0x00, 0x00, 0x00, 0x00, 0x00, 0x00, 0x00, 0x00, 0x00, 0x00, 0x00, 0x00, 0x00,
    0x00, 0x00, 0x00, 0x00, 0x00, 0x00, 0x00, 0x00, 0x23, 0xa3, 0xf3, 0x6c, 0x24, 0xa4, 0xf4, 0xff,
    0x27, 0xb1, 0xf5, 0xff, 0x2a, 0xbe, 0xf7, 0xff, 0x2b, 0xc2, 0xf7, 0xff, 0x2c, 0xc5, 0xf8, 0xff,
    0x2c, 0xc7, 0xf8, 0xff, 0x2c, 0xca, 0xf9, 0xff, 0x2d, 0xcc, 0xf9, 0xff, 0x2d, 0xce, 0xfa, 0xff,
    0x2e, 0xd1, 0xfa, 0xff, 0x2e, 0xd3, 0xfb, 0xff, 0x2e, 0xd5, 0xfb, 0xff, 0x2f, 0xd7, 0xfb, 0xff,
    0x2f, 0xd9, 0xfc, 0xff, 0x2f, 0xdb, 0xfc, 0xff, 0x30, 0xdd, 0xfd, 0xff, 0x30, 0xdf, 0xfd, 0xff,
    0x25, 0xa7, 0xc3, 0xff, 0x24, 0xa0, 0xbb, 0xff, 0x2f, 0xdb, 0xf8, 0xff, 0x30, 0xe0, 0xfd, 0xff,
    0x30, 0xe0, 0xfd, 0xff, 0x30, 0xe0, 0xfd, 0xff, 0x30, 0xe0, 0xfd, 0xff, 0x30, 0xe0, 0xfd, 0xff,
    0x30, 0xe0, 0xfd, 0xff, 0x30, 0xe0, 0xfd, 0xff, 0x30, 0xe0, 0xfd, 0xff, 0x30, 0xe0, 0xfd, 0xff,
    0x30, 0xe0, 0xfd, 0xff, 0x2f, 0xdc, 0xf9, 0xff, 0x23, 0xa2, 0xbd, 0xff, 0x24, 0xa3, 0xbe, 0xff,
    0x30, 0xdf, 0xfd, 0xff, 0x2f, 0xdd, 0xfc, 0xff, 0x2f, 0xdb, 0xfc, 0xff, 0x2f, 0xd9, 0xfc, 0xff,
    0x2f, 0xd7, 0xfb, 0xff, 0x2e, 0xd4, 0xfb, 0xff, 0x2e, 0xd2, 0xfa, 0xff, 0x2d, 0xd0, 0xfa, 0xff,
    0x2d, 0xcd, 0xfa, 0xff, 0x2d, 0xcb, 0xf9, 0xff, 0x2c, 0xc9, 0xf9, 0xff, 0x2c, 0xc6, 0xf8, 0xff,
    0x2c, 0xc4, 0xf8, 0xff, 0x2b, 0xc1, 0xf7, 0xff, 0x29, 0xb9, 0xf6, 0xff, 0x0e, 0x9a, 0xef, 0xff,
    0x02, 0x90, 0xec, 0xfe, 0x14, 0x99, 0xeb, 0x19, 0x00, 0x00, 0x00, 0x00, 0x00, 0x00, 0x00, 0x00,
    0x00, 0x00, 0x00, 0x00, 0x00, 0x00, 0x00, 0x00, 0x00, 0x00, 0x00, 0x00, 0x00, 0x00, 0x00, 0x00,
    0x00, 0x00, 0x00, 0x00, 0x00, 0x00, 0x00, 0x00, 0x00, 0x00, 0x00, 0x00, 0x00, 0x00, 0x00, 0x00,
    0x00, 0x00, 0x00, 0x00, 0x00, 0x00, 0x00, 0x00, 0x24, 0xa4, 0xed, 0x0e, 0x24, 0xa2, 0xf4, 0xed,
    0x25, 0xab, 0xf5, 0xff, 0x29, 0xb7, 0xf6, 0xff, 0x2b, 0xc1, 0xf7, 0xff, 0x2b, 0xc3, 0xf8, 0xff,
    0x2c, 0xc6, 0xf8, 0xff, 0x2c, 0xc8, 0xf9, 0xff, 0x2d, 0xca, 0xf9, 0xff, 0x2d, 0xcd, 0xf9, 0xff,
    0x2d, 0xcf, 0xfa, 0xff, 0x2e, 0xd1, 0xfa, 0xff, 0x2e, 0xd3, 0xfb, 0xff, 0x2e, 0xd5, 0xfb, 0xff,
    0x2f, 0xd7, 0xfb, 0xff, 0x2f, 0xd9, 0xfc, 0xff, 0x2f, 0xdb, 0xfc, 0xff, 0x30, 0xdc, 0xfb, 0xff,
    0x0e, 0x33, 0x4a, 0xff, 0x0d, 0x2b, 0x42, 0xff, 0x10, 0x3a, 0x52, 0xff, 0x1e, 0x81, 0x9b, 0xff,
    0x2c, 0xc9, 0xe5, 0xff, 0x30, 0xe0, 0xfd, 0xff, 0x30, 0xe0, 0xfd, 0xff, 0x30, 0xe0, 0xfd, 0xff,
    0x30, 0xe0, 0xfd, 0xff, 0x30, 0xe0, 0xfd, 0xff, 0x30, 0xe0, 0xfd, 0xff, 0x2c, 0xcd, 0xe9, 0xff,
    0x1e, 0x85, 0xa0, 0xff, 0x11, 0x3d, 0x55, 0xff, 0x0d, 0x2b, 0x42, 0xff, 0x0e, 0x2d, 0x45, 0xff,
    0x2e, 0xd9, 0xf8, 0xff, 0x2f, 0xdb, 0xfc, 0xff, 0x2f, 0xd9, 0xfc, 0xff, 0x2f, 0xd7, 0xfb, 0xff,
    0x2e, 0xd5, 0xfb, 0xff, 0x2e, 0xd3, 0xfa, 0xff, 0x2e, 0xd0, 0xfa, 0xff, 0x2d, 0xce, 0xfa, 0xff,
    0x2d, 0xcc, 0xf9, 0xff, 0x2c, 0xca, 0xf9, 0xff, 0x2c, 0xc7, 0xf8, 0xff, 0x2c, 0xc5, 0xf8, 0xff,
    0x2b, 0xc2, 0xf7, 0xff, 0x2b, 0xbf, 0xf7, 0xff, 0x21, 0xad, 0xf4, 0xff, 0x01, 0x8f, 0xeb, 0xff,
    0x0c, 0x94, 0xee, 0xc3, 0x00, 0x00, 0x00, 0x00, 0x00, 0x00, 0x00, 0x00, 0x00, 0x00, 0x00, 0x00,
    0x00, 0x00, 0x00, 0x00, 0x00, 0x00, 0x00, 0x00, 0x00, 0x00, 0x00, 0x00, 0x00, 0x00, 0x00, 0x00,
    0x00, 0x00, 0x00, 0x00, 0x00, 0x00, 0x00, 0x00, 0x00, 0x00, 0x00, 0x00, 0x00, 0x00, 0x00, 0x00,
    0x00, 0x00, 0x00, 0x00, 0x00, 0x00, 0x00, 0x00, 0x00, 0x00, 0x00, 0x00, 0x22, 0xa2, 0xf4, 0x78,
    0x24, 0xa4, 0xf4, 0xff, 0x27, 0xb0, 0xf5, 0xff, 0x2a, 0xbc, 0xf7, 0xff, 0x2b, 0xc2, 0xf7, 0xff,
    0x2c, 0xc4, 0xf8, 0xff, 0x2c, 0xc6, 0xf8, 0xff, 0x2c, 0xc9, 0xf9, 0xff, 0x2d, 0xcb, 0xf9, 0xff,
    0x2d, 0xcd, 0xf9, 0xff, 0x2d, 0xcf, 0xfa, 0xff, 0x2e, 0xd1, 0xfa, 0xff, 0x2e, 0xd3, 0xfb, 0xff,
    0x2e, 0xd5, 0xfb, 0xff, 0x2f, 0xd7, 0xfb, 0xff, 0x2f, 0xd9, 0xfc, 0xff, 0x2f, 0xd9, 0xfb, 0xff,
    0x11, 0x3f, 0x57, 0xff, 0x0d, 0x2b, 0x42, 0xff, 0x0d, 0x2b, 0x42, 0xff, 0x0d, 0x2b, 0x42, 0xff,
    0x0d, 0x2b, 0x42, 0xff, 0x14, 0x4d, 0x66, 0xff, 0x1a, 0x70, 0x89, 0xff, 0x1e, 0x81, 0x9b, 0xff,
    0x1e, 0x81, 0x9b, 0xff, 0x1a, 0x70, 0x8a, 0xff, 0x14, 0x4f, 0x68, 0xff, 0x0d, 0x2c, 0x43, 0xff,
    0x0d, 0x2b, 0x42, 0xff, 0x0d, 0x2b, 0x42, 0xff, 0x0d, 0x2b, 0x42, 0xff, 0x11, 0x3d, 0x56, 0xff,
    0x2e, 0xd8, 0xfa, 0xff, 0x2f, 0xd8, 0xfc, 0xff, 0x2f, 0xd7, 0xfb, 0xff, 0x2e, 0xd5, 0xfb, 0xff,
    0x2e, 0xd3, 0xfb, 0xff, 0x2e, 0xd1, 0xfa, 0xff, 0x2d, 0xcf, 0xfa, 0xff, 0x2d, 0xcc, 0xf9, 0xff,
    0x2d, 0xca, 0xf9, 0xff, 0x2c, 0xc8, 0xf8, 0xff, 0x2c, 0xc6, 0xf8, 0xff, 0x2c, 0xc3, 0xf8, 0xff,
    0x2b, 0xc1, 0xf7, 0xff, 0x29, 0xb8, 0xf6, 0xff, 0x0a, 0x97, 0xed, 0xff, 0x02, 0x90, 0xec, 0xfe,
    0x0f, 0x92, 0xf0, 0x23, 0x00, 0x00, 0x00, 0x00, 0x00, 0x00, 0x00, 0x00, 0x00, 0x00, 0x00, 0x00,
    0x00, 0x00, 0x00, 0x00, 0x00, 0x00, 0x00, 0x00, 0x00, 0x00, 0x00, 0x00, 0x00, 0x00, 0x00, 0x00,
    0x00, 0x00, 0x00, 0x00, 0x00, 0x00, 0x00, 0x00, 0x00, 0x00, 0x00, 0x00, 0x00, 0x00, 0x00, 0x00,
    0x00, 0x00, 0x00, 0x00, 0x00, 0x00, 0x00, 0x00, 0x00, 0x00, 0x00, 0x00, 0x2e, 0xa2, 0xff, 0x0b,
    0x23, 0xa2, 0xf4, 0xdf, 0x25, 0xa9, 0xf5, 0xff, 0x28, 0xb5, 0xf6, 0xff, 0x2b, 0xc0, 0xf7, 0xff,
    0x2b, 0xc2, 0xf7, 0xff, 0x2c, 0xc5, 0xf8, 0xff, 0x2c, 0xc7, 0xf8, 0xff, 0x2c, 0xc9, 0xf9, 0xff,
    0x2d, 0xcb, 0xf9, 0xff, 0x2d, 0xcd, 0xfa, 0xff, 0x2d, 0xcf, 0xfa, 0xff, 0x2e, 0xd1, 0xfa, 0xff,
    0x2e, 0xd3, 0xfb, 0xff, 0x2e, 0xd5, 0xfb, 0xff, 0x2f, 0xd7, 0xfb, 0xff, 0x2f, 0xd8, 0xfc, 0xff,
    0x23, 0x99, 0xb7, 0xff, 0x0d, 0x2b, 0x42, 0xff, 0x0d, 0x2b, 0x42, 0xff, 0x0d, 0x2b, 0x42, 0xff,
    0x0d, 0x2b, 0x42, 0xff, 0x0d, 0x2b, 0x42, 0xff, 0x0d, 0x2b, 0x42, 0xff, 0x0d, 0x2b, 0x42, 0xff,
    0x0d, 0x2b, 0x42, 0xff, 0x0d, 0x2b, 0x42, 0xff, 0x0d, 0x2b, 0x42, 0xff, 0x0d, 0x2b, 0x42, 0xff,
    0x0d, 0x2b, 0x42, 0xff, 0x0d, 0x2b, 0x42, 0xff, 0x0d, 0x2b, 0x42, 0xff, 0x22, 0x96, 0xb5, 0xff,
    0x2f, 0xd8, 0xfb, 0xff, 0x2e, 0xd6, 0xfb, 0xff, 0x2e, 0xd4, 0xfb, 0xff, 0x2e, 0xd3, 0xfa, 0xff,
    0x2e, 0xd1, 0xfa, 0xff, 0x2d, 0xcf, 0xfa, 0xff, 0x2d, 0xcd, 0xf9, 0xff, 0x2d, 0xcb, 0xf9, 0xff,
    0x2c, 0xc8, 0xf9, 0xff, 0x2c, 0xc6, 0xf8, 0xff, 0x2c, 0xc4, 0xf8, 0xff, 0x2b, 0xc2, 0xf7, 0xff,
    0x2a, 0xbd, 0xf7, 0xff, 0x18, 0xa4, 0xf1, 0xff, 0x00, 0x8f, 0xeb, 0xff, 0x0c, 0x95, 0xed, 0xae,
    0x00, 0x00, 0x00, 0x00, 0x00, 0x00, 0x00, 0x00, 0x00, 0x00, 0x00, 0x00, 0x00, 0x00, 0x00, 0x00,
    0x00, 0x00, 0x00, 0x00, 0x00, 0x00, 0x00, 0x00, 0x00, 0x00, 0x00, 0x00, 0x00, 0x00, 0x00, 0x00,
    0x00, 0x00, 0x00, 0x00, 0x00, 0x00, 0x00, 0x00, 0x00, 0x00, 0x00, 0x00, 0x00, 0x00, 0x00, 0x00,
    0x00, 0x00, 0x00, 0x00, 0x00, 0x00, 0x00, 0x00, 0x00, 0x00, 0x00, 0x00, 0x00, 0x00, 0x00, 0x00,
    0x1c, 0x9f, 0xf3, 0x52, 0x22, 0xa1, 0xf4, 0xff, 0x26, 0xad, 0xf5, 0xff, 0x29, 0xb9, 0xf6, 0xff,
    0x2b, 0xc1, 0xf7, 0xff, 0x2b, 0xc3, 0xf8, 0xff, 0x2c, 0xc5, 0xf8, 0xff, 0x2c, 0xc7, 0xf8, 0xff,
    0x2c, 0xc9, 0xf9, 0xff, 0x2d, 0xcb, 0xf9, 0xff, 0x2d, 0xcd, 0xf9, 0xff, 0x2d, 0xcf, 0xfa, 0xff,
    0x2e, 0xd1, 0xfa, 0xff, 0x2e, 0xd3, 0xfa, 0xff, 0x2e, 0xd4, 0xfb, 0xff, 0x2e, 0xd6, 0xfb, 0xff,
    0x2f, 0xd7, 0xfb, 0xff, 0x1c, 0x78, 0x95, 0xff, 0x0d, 0x2b, 0x42, 0xff, 0x0d, 0x2b, 0x42, 0xff,
    0x0d, 0x2b, 0x42, 0xff, 0x0d, 0x2b, 0x42, 0xff, 0x0d, 0x2b, 0x42, 0xff, 0x0d, 0x2b, 0x42, 0xff,
    0x0d, 0x2b, 0x42, 0xff, 0x0d, 0x2b, 0x42, 0xff, 0x0d, 0x2b, 0x42, 0xff, 0x0d, 0x2b, 0x42, 0xff,
    0x0d, 0x2b, 0x42, 0xff, 0x0d, 0x2b, 0x42, 0xff, 0x1c, 0x74, 0x8f, 0xff, 0x2f, 0xd6, 0xfb, 0xff,
    0x2e, 0xd5, 0xfb, 0xff, 0x2e, 0xd4, 0xfb, 0xff, 0x2e, 0xd2, 0xfa, 0xff, 0x2e, 0xd0, 0xfa, 0xff,
    0x2d, 0xcf, 0xfa, 0xff, 0x2d, 0xcd, 0xf9, 0xff, 0x2d, 0xcb, 0xf9, 0xff, 0x2c, 0xc9, 0xf9, 0xff,
    0x2c, 0xc7, 0xf8, 0xff, 0x2c, 0xc4, 0xf8, 0xff, 0x2b, 0xc2, 0xf7, 0xff, 0x2b, 0xc0, 0xf7, 0xff,
    0x20, 0xae, 0xf4, 0xff, 0x01, 0x90, 0xec, 0xff, 0x06, 0x92, 0xec, 0xf4, 0x00, 0xaa, 0xff, 0x06,
    0x00, 0x00, 0x00, 0x00, 0x00, 0x00, 0x00, 0x00, 0x00, 0x00, 0x00, 0x00, 0x00, 0x00, 0x00, 0x00,
    0x00, 0x00, 0x00, 0x00, 0x00, 0x00, 0x00, 0x00, 0x00, 0x00, 0x00, 0x00, 0x00, 0x00, 0x00, 0x00,
    0x00, 0x00, 0x00, 0x00, 0x00, 0x00, 0x00, 0x00, 0x00, 0x00, 0x00, 0x00, 0x00, 0x00, 0x00, 0x00,
    0x00, 0x00, 0x00, 0x00, 0x00, 0x00, 0x00, 0x00, 0x00, 0x00, 0x00, 0x00, 0x00, 0x00, 0x00, 0x00,
    0x00, 0x00, 0x00, 0x00, 0x18, 0x9c, 0xf3, 0xa7, 0x24, 0xa5, 0xf4, 0xff, 0x27, 0xb0, 0xf5, 0xff,
    0x2a, 0xbb, 0xf7, 0xff, 0x2b, 0xc1, 0xf7, 0xff, 0x2c, 0xc3, 0xf8, 0xff, 0x2c, 0xc5, 0xf8, 0xff,
    0x2c, 0xc7, 0xf8, 0xff, 0x2c, 0xc9, 0xf9, 0xff, 0x2d, 0xcb, 0xf9, 0xff, 0x2d, 0xcd, 0xf9, 0xff,
    0x2d, 0xcf, 0xfa, 0xff, 0x2e, 0xd0, 0xfa, 0xff, 0x2e, 0xd2, 0xfa, 0xff, 0x2e, 0xd3, 0xfb, 0xff,
    0x2e, 0xd4, 0xfb, 0xff, 0x2e, 0xd4, 0xfa, 0xff, 0x1e, 0x82, 0xa0, 0xff, 0x0d, 0x2d, 0x43, 0xff,
    0x0d, 0x2b, 0x42, 0xff, 0x0d, 0x2b, 0x42, 0xff, 0x0d, 0x2b, 0x42, 0xff, 0x0d, 0x2b, 0x42, 0xff,
    0x0d, 0x2b, 0x42, 0xff, 0x0d, 0x2b, 0x42, 0xff, 0x0d, 0x2b, 0x42, 0xff, 0x0d, 0x2b, 0x42, 0xff,
    0x0d, 0x2d, 0x43, 0xff, 0x1d, 0x80, 0x9f, 0xff, 0x2e, 0xd4, 0xfa, 0xff, 0x2e, 0xd4, 0xfb, 0xff,
    0x2e, 0xd3, 0xfa, 0xff, 0x2e, 0xd1, 0xfa, 0xff, 0x2d, 0xd0, 0xfa, 0xff, 0x2d, 0xce, 0xfa, 0xff,
    0x2d, 0xcc, 0xf9, 0xff, 0x2d, 0xcb, 0xf9, 0xff, 0x2c, 0xc9, 0xf9, 0xff, 0x2c, 0xc7, 0xf8, 0xff,
    0x2c, 0xc5, 0xf8, 0xff, 0x2b, 0xc3, 0xf7, 0xff, 0x2b, 0xc0, 0xf7, 0xff, 0x25, 0xb3, 0xf5, 0xff,
    0x04, 0x92, 0xec, 0xff, 0x02, 0x90, 0xec, 0xfe, 0x0e, 0x94, 0xee, 0x4a, 0x00, 0x00, 0x00, 0x00,
    0x00, 0x00, 0x00, 0x00, 0x00, 0x00, 0x00, 0x00, 0x00, 0x00, 0x00, 0x00, 0x00, 0x00, 0x00, 0x00,
    0x00, 0x00, 0x00, 0x00, 0x00, 0x00, 0x00, 0x00, 0x00, 0x00, 0x00, 0x00, 0x00, 0x00, 0x00, 0x00,
    0x00, 0x00, 0x00, 0x00, 0x00, 0x00, 0x00, 0x00, 0x00, 0x00, 0x00, 0x00, 0x00, 0x00, 0x00, 0x00,
    0x00, 0x00, 0x00, 0x00, 0x00, 0x00, 0x00, 0x00, 0x00, 0x00, 0x00, 0x00, 0x00, 0x00, 0x00, 0x00,
    0x00, 0x00, 0x00, 0x00, 0x1a, 0x99, 0xff, 0x0a, 0x16, 0x9b, 0xf2, 0xd4, 0x24, 0xa7, 0xf5, 0xff,
    0x27, 0xb2, 0xf6, 0xff, 0x2a, 0xbc, 0xf7, 0xff, 0x2b, 0xc1, 0xf7, 0xff, 0x2c, 0xc3, 0xf8, 0xff,
    0x2c, 0xc5, 0xf8, 0xff, 0x2c, 0xc7, 0xf8, 0xff, 0x2c, 0xc9, 0xf9, 0xff, 0x2d, 0xcb, 0xf9, 0xff,
    0x2d, 0xcc, 0xf9, 0xff, 0x2d, 0xce, 0xfa, 0xff, 0x2d, 0xcf, 0xfa, 0xff, 0x2e, 0xd1, 0xfa, 0xff,
    0x2e, 0xd2, 0xfa, 0xff, 0x2e, 0xd3, 0xfb, 0xff, 0x2e, 0xd4, 0xfb, 0xff, 0x27, 0xb2, 0xd5, 0xff,
    0x15, 0x55, 0x6f, 0xff, 0x0d, 0x2c, 0x43, 0xff, 0x0d, 0x2b, 0x42, 0xff, 0x0d, 0x2b, 0x42, 0xff,
    0x0d, 0x2b, 0x42, 0xff, 0x0d, 0x2b, 0x42, 0xff, 0x0d, 0x2c, 0x43, 0xff, 0x15, 0x55, 0x6f, 0xff,
    0x27, 0xb1, 0xd5, 0xff, 0x2e, 0xd3, 0xfb, 0xff, 0x2e, 0xd2, 0xfa, 0xff, 0x2e, 0xd1, 0xfa, 0xff,
    0x2e, 0xd0, 0xfa, 0xff, 0x2d, 0xcf, 0xfa, 0xff, 0x2d, 0xcd, 0xf9, 0xff, 0x2d, 0xcc, 0xf9, 0xff,
    0x2d, 0xca, 0xf9, 0xff, 0x2c, 0xc8, 0xf9, 0xff, 0x2c, 0xc7, 0xf8, 0xff, 0x2c, 0xc5, 0xf8, 0xff,
    0x2b, 0xc3, 0xf7, 0xff, 0x2b, 0xc1, 0xf7, 0xff, 0x26, 0xb6, 0xf5, 0xff, 0x07, 0x95, 0xed, 0xff,
    0x00, 0x8f, 0xeb, 0xff, 0x10, 0x96, 0xef, 0x83, 0x00, 0x00, 0x00, 0x00, 0x00, 0x00, 0x00, 0x00,
    0x00, 0x00, 0x00, 0x00, 0x00, 0x00, 0x00, 0x00, 0x00, 0x00, 0x00, 0x00, 0x00, 0x00, 0x00, 0x00,
    0x00, 0x00, 0x00, 0x00, 0x00, 0x00, 0x00, 0x00, 0x00, 0x00, 0x00, 0x00, 0x00, 0x00, 0x00, 0x00,
    0x00, 0x00, 0x00, 0x00, 0x00, 0x00, 0x00, 0x00, 0x00, 0x00, 0x00, 0x00, 0x00, 0x00, 0x00, 0x00,
    0x00, 0x00, 0x00, 0x00, 0x00, 0x00, 0x00, 0x00, 0x00, 0x00, 0x00, 0x00, 0x00, 0x00, 0x00, 0x00,
    0x00, 0x00, 0x00, 0x00, 0x00, 0x00, 0x00, 0x00, 0x0f, 0x96, 0xf0, 0x22, 0x12, 0x99, 0xf0, 0xe3,
    0x25, 0xa9, 0xf5, 0xff, 0x27, 0xb3, 0xf6, 0xff, 0x2a, 0xbd, 0xf7, 0xff, 0x2b, 0xc1, 0xf7, 0xff,
    0x2b, 0xc3, 0xf8, 0xff, 0x2c, 0xc5, 0xf8, 0xff, 0x2c, 0xc7, 0xf8, 0xff, 0x2c, 0xc8, 0xf9, 0xff,
    0x2d, 0xca, 0xf9, 0xff, 0x2d, 0xcb, 0xf9, 0xff, 0x2d, 0xcd, 0xf9, 0xff, 0x2d, 0xce, 0xfa, 0xff,
    0x2d, 0xcf, 0xfa, 0xff, 0x2e, 0xd0, 0xfa, 0xff, 0x2e, 0xd1, 0xfa, 0xff, 0x2e, 0xd2, 0xfa, 0xff,
    0x2e, 0xd2, 0xfa, 0xff, 0x2a, 0xbe, 0xe4, 0xff, 0x22, 0x94, 0xb6, 0xff, 0x1e, 0x82, 0xa2, 0xff,
    0x1d, 0x81, 0xa0, 0xff, 0x22, 0x94, 0xb6, 0xff, 0x2a, 0xbe, 0xe4, 0xff, 0x2e, 0xd2, 0xfa, 0xff,
    0x2e, 0xd2, 0xfa, 0xff, 0x2e, 0xd1, 0xfa, 0xff, 0x2d, 0xd0, 0xfa, 0xff, 0x2d, 0xcf, 0xfa, 0xff,
    0x2d, 0xce, 0xfa, 0xff, 0x2d, 0xcc, 0xf9, 0xff, 0x2d, 0xcb, 0xf9, 0xff, 0x2c, 0xc9, 0xf9, 0xff,
    0x2c, 0xc8, 0xf8, 0xff, 0x2c, 0xc6, 0xf8, 0xff, 0x2c, 0xc4, 0xf8, 0xff, 0x2b, 0xc2, 0xf7, 0xff,
    0x2b, 0xc1, 0xf7, 0xff, 0x25, 0xb5, 0xf5, 0xff, 0x07, 0x95, 0xec, 0xff, 0x00, 0x8f, 0xeb, 0xff,
    0x0d, 0x97, 0xef, 0xab, 0x00, 0x00, 0x00, 0x00, 0x00, 0x00, 0x00, 0x00, 0x00, 0x00, 0x00, 0x00,
    0x00, 0x00, 0x00, 0x00, 0x00, 0x00, 0x00, 0x00, 0x00, 0x00, 0x00, 0x00, 0x00, 0x00, 0x00, 0x00,
    0x00, 0x00, 0x00, 0x00, 0x00, 0x00, 0x00, 0x00, 0x00, 0x00, 0x00, 0x00, 0x00, 0x00, 0x00, 0x00,
    0x00, 0x00, 0x00, 0x00, 0x00, 0x00, 0x00, 0x00, 0x00, 0x00, 0x00, 0x00, 0x00, 0x00, 0x00, 0x00,
    0x00, 0x00, 0x00, 0x00, 0x00, 0x00, 0x00, 0x00, 0x00, 0x00, 0x00, 0x00, 0x00, 0x00, 0x00, 0x00,
    0x00, 0x00, 0x00, 0x00, 0x00, 0x00, 0x00, 0x00, 0x00, 0x00, 0x00, 0x00, 0x13, 0x99, 0xec, 0x28,
    0x10, 0x97, 0xef, 0xe6, 0x22, 0xa7, 0xf5, 0xff, 0x27, 0xb2, 0xf6, 0xff, 0x2a, 0xbc, 0xf7, 0xff,
    0x2b, 0xc1, 0xf7, 0xff, 0x2b, 0xc3, 0xf8, 0xff, 0x2c, 0xc4, 0xf8, 0xff, 0x2c, 0xc6, 0xf8, 0xff,
    0x2c, 0xc8, 0xf8, 0xff, 0x2c, 0xc9, 0xf9, 0xff, 0x2d, 0xca, 0xf9, 0xff, 0x2d, 0xcb, 0xf9, 0xff,
    0x2d, 0xcd, 0xf9, 0xff, 0x2d, 0xcd, 0xfa, 0xff, 0x2d, 0xce, 0xfa, 0xff, 0x2d, 0xcf, 0xfa, 0xff,
    0x2d, 0xd0, 0xfa, 0xff, 0x2e, 0xd0, 0xfa, 0xff, 0x2e, 0xd0, 0xfa, 0xff, 0x2e, 0xd0, 0xfa, 0xff,
    0x2e, 0xd0, 0xfa, 0xff, 0x2e, 0xd0, 0xfa, 0xff, 0x2d, 0xd0, 0xfa, 0xff, 0x2d, 0xcf, 0xfa, 0xff,
    0x2d, 0xcf, 0xfa, 0xff, 0x2d, 0xce, 0xfa, 0xff, 0x2d, 0xcd, 0xf9, 0xff, 0x2d, 0xcc, 0xf9, 0xff,
    0x2d, 0xcb, 0xf9, 0xff, 0x2d, 0xca, 0xf9, 0xff, 0x2c, 0xc8, 0xf9, 0xff, 0x2c, 0xc7, 0xf8, 0xff,
    0x2c, 0xc5, 0xf8, 0xff, 0x2c, 0xc4, 0xf8, 0xff, 0x2b, 0xc2, 0xf7, 0xff, 0x2b, 0xc0, 0xf7, 0xff,
    0x1f, 0xaf, 0xf3, 0xff, 0x04, 0x92, 0xec, 0xff, 0x00, 0x8f, 0xeb, 0xff, 0x0c, 0x95, 0xed, 0xae,
    0x00, 0x00, 0x00, 0x00, 0x00, 0x00, 0x00, 0x00, 0x00, 0x00, 0x00, 0x00, 0x00, 0x00, 0x00, 0x00,
    0x00, 0x00, 0x00, 0x00, 0x00, 0x00, 0x00, 0x00, 0x00, 0x00, 0x00, 0x00, 0x00, 0x00, 0x00, 0x00,
    0x00, 0x00, 0x00, 0x00, 0x00, 0x00, 0x00, 0x00, 0x00, 0x00, 0x00, 0x00, 0x00, 0x00, 0x00, 0x00,
    0x00, 0x00, 0x00, 0x00, 0x00, 0x00, 0x00, 0x00, 0x00, 0x00, 0x00, 0x00, 0x00, 0x00, 0x00, 0x00,
    0x00, 0x00, 0x00, 0x00, 0x00, 0x00, 0x00, 0x00, 0x00, 0x00, 0x00, 0x00, 0x00, 0x00, 0x00, 0x00,
    0x00, 0x00, 0x00, 0x00, 0x00, 0x00, 0x00, 0x00, 0x00, 0x00, 0x00, 0x00, 0x00, 0x00, 0x00, 0x00,
    0x13, 0x97, 0xec, 0x1b, 0x0b, 0x95, 0xee, 0xe0, 0x1c, 0xa1, 0xf3, 0xff, 0x27, 0xb1, 0xf6, 0xff,
    0x29, 0xba, 0xf6, 0xff, 0x2b, 0xc0, 0xf7, 0xff, 0x2b, 0xc2, 0xf7, 0xff, 0x2c, 0xc4, 0xf8, 0xff,
    0x2c, 0xc5, 0xf8, 0xff, 0x2c, 0xc6, 0xf8, 0xff, 0x2c, 0xc8, 0xf8, 0xff, 0x2c, 0xc9, 0xf9, 0xff,
    0x2d, 0xca, 0xf9, 0xff, 0x2d, 0xcb, 0xf9, 0xff, 0x2d, 0xcc, 0xf9, 0xff, 0x2d, 0xcc, 0xf9, 0xff,
    0x2d, 0xcd, 0xf9, 0xff, 0x2d, 0xcd, 0xf9, 0xff, 0x2d, 0xcd, 0xfa, 0xff, 0x2d, 0xce, 0xfa, 0xff,
    0x2d, 0xce, 0xfa, 0xff, 0x2d, 0xcd, 0xfa, 0xff, 0x2d, 0xcd, 0xf9, 0xff, 0x2d, 0xcd, 0xf9, 0xff,
    0x2d, 0xcc, 0xf9, 0xff, 0x2d, 0xcb, 0xf9, 0xff, 0x2d, 0xca, 0xf9, 0xff, 0x2c, 0xca, 0xf9, 0xff,
    0x2c, 0xc8, 0xf9, 0xff, 0x2c, 0xc7, 0xf8, 0xff, 0x2c, 0xc6, 0xf8, 0xff, 0x2c, 0xc5, 0xf8, 0xff,
    0x2b, 0xc3, 0xf8, 0xff, 0x2b, 0xc1, 0xf7, 0xff, 0x2a, 0xbe, 0xf7, 0xff, 0x15, 0xa4, 0xf0, 0xff,
    0x01, 0x8f, 0xeb, 0xff, 0x01, 0x8f, 0xeb, 0xff, 0x0e, 0x96, 0xee, 0x97, 0x00, 0x00, 0x00, 0x00,
    0x00, 0x00, 0x00, 0x00, 0x00, 0x00, 0x00, 0x00, 0x00, 0x00, 0x00, 0x00, 0x00, 0x00, 0x00, 0x00,
    0x00, 0x00, 0x00, 0x00, 0x00, 0x00, 0x00, 0x00, 0x00, 0x00, 0x00, 0x00, 0x00, 0x00, 0x00, 0x00,
    0x00, 0x00, 0x00, 0x00, 0x00, 0x00, 0x00, 0x00, 0x00, 0x00, 0x00, 0x00, 0x00, 0x00, 0x00, 0x00,
    0x00, 0x00, 0x00, 0x00, 0x00, 0x00, 0x00, 0x00, 0x00, 0x00, 0x00, 0x00, 0x00, 0x00, 0x00, 0x00,
    0x00, 0x00, 0x00, 0x00, 0x00, 0x00, 0x00, 0x00, 0x00, 0x00, 0x00, 0x00, 0x00, 0x00, 0x00, 0x00,
    0x00, 0x00, 0x00, 0x00, 0x00, 0x00, 0x00, 0x00, 0x00, 0x00, 0x00, 0x00, 0x00, 0x00, 0x00, 0x00,
    0x00, 0x00, 0x00, 0x00, 0x00, 0x80, 0xff, 0x04, 0x0c, 0x96, 0xef, 0xbb, 0x0d, 0x98, 0xef, 0xfd,
    0x22, 0xac, 0xf4, 0xff, 0x29, 0xb7, 0xf6, 0xff, 0x2b, 0xbe, 0xf7, 0xff, 0x2b, 0xc1, 0xf7, 0xff,
    0x2b, 0xc3, 0xf7, 0xff, 0x2c, 0xc4, 0xf8, 0xff, 0x2c, 0xc5, 0xf8, 0xff, 0x2c, 0xc6, 0xf8, 0xff,
    0x2c, 0xc7, 0xf8, 0xff, 0x2c, 0xc8, 0xf9, 0xff, 0x2c, 0xc9, 0xf9, 0xff, 0x2c, 0xc9, 0xf9, 0xff,
    0x2d, 0xca, 0xf9, 0xff, 0x2d, 0xca, 0xf9, 0xff, 0x2d, 0xcb, 0xf9, 0xff, 0x2d, 0xcb, 0xf9, 0xff,
    0x2d, 0xcb, 0xf9, 0xff, 0x2d, 0xcb, 0xf9, 0xff, 0x2d, 0xca, 0xf9, 0xff, 0x2d, 0xca, 0xf9, 0xff,
    0x2c, 0xc9, 0xf9, 0xff, 0x2c, 0xc9, 0xf9, 0xff, 0x2c, 0xc8, 0xf8, 0xff, 0x2c, 0xc7, 0xf8, 0xff,
    0x2c, 0xc6, 0xf8, 0xff, 0x2c, 0xc5, 0xf8, 0xff, 0x2c, 0xc3, 0xf8, 0xff, 0x2b, 0xc2, 0xf7, 0xff,
    0x2b, 0xc1, 0xf7, 0xff, 0x20, 0xb1, 0xf4, 0xff, 0x07, 0x95, 0xec, 0xff, 0x00, 0x8f, 0xeb, 0xff,
    0x05, 0x91, 0xed, 0xf9, 0x0f, 0x96, 0xf0, 0x55, 0x00, 0x00, 0x00, 0x00, 0x00, 0x00, 0x00, 0x00,
    0x00, 0x00, 0x00, 0x00, 0x00, 0x00, 0x00, 0x00, 0x00, 0x00, 0x00, 0x00, 0x00, 0x00, 0x00, 0x00,
    0x00, 0x00, 0x00, 0x00, 0x00, 0x00, 0x00, 0x00, 0x00, 0x00, 0x00, 0x00, 0x00, 0x00, 0x00, 0x00,
    0x00, 0x00, 0x00, 0x00, 0x00, 0x00, 0x00, 0x00, 0x00, 0x00, 0x00, 0x00, 0x00, 0x00, 0x00, 0x00,
    0x00, 0x00, 0x00, 0x00, 0x00, 0x00, 0x00, 0x00, 0x00, 0x00, 0x00, 0x00, 0x00, 0x00, 0x00, 0x00,
    0x00, 0x00, 0x00, 0x00, 0x00, 0x00, 0x00, 0x00, 0x00, 0x00, 0x00, 0x00, 0x00, 0x00, 0x00, 0x00,
    0x00, 0x00, 0x00, 0x00, 0x00, 0x00, 0x00, 0x00, 0x00, 0x00, 0x00, 0x00, 0x00, 0x00, 0x00, 0x00,
    0x00, 0x00, 0x00, 0x00, 0x00, 0x00, 0x00, 0x00, 0x00, 0x00, 0x00, 0x00, 0x12, 0x97, 0xf0, 0x56,
    0x07, 0x93, 0xec, 0xf3, 0x11, 0x9b, 0xf0, 0xff, 0x23, 0xaf, 0xf5, 0xff, 0x29, 0xba, 0xf6, 0xff,
    0x2b, 0xc0, 0xf7, 0xff, 0x2b, 0xc1, 0xf7, 0xff, 0x2b, 0xc2, 0xf7, 0xff, 0x2c, 0xc4, 0xf8, 0xff,
    0x2c, 0xc4, 0xf8, 0xff, 0x2c, 0xc5, 0xf8, 0xff, 0x2c, 0xc6, 0xf8, 0xff, 0x2c, 0xc7, 0xf8, 0xff,
    0x2c, 0xc7, 0xf8, 0xff, 0x2c, 0xc8, 0xf8, 0xff, 0x2c, 0xc8, 0xf8, 0xff, 0x2c, 0xc8, 0xf8, 0xff,
    0x2c, 0xc8, 0xf8, 0xff, 0x2c, 0xc8, 0xf8, 0xff, 0x2c, 0xc7, 0xf8, 0xff, 0x2c, 0xc7, 0xf8, 0xff,
    0x2c, 0xc6, 0xf8, 0xff, 0x2c, 0xc6, 0xf8, 0xff, 0x2c, 0xc5, 0xf8, 0xff, 0x2c, 0xc4, 0xf8, 0xff,
    0x2b, 0xc3, 0xf8, 0xff, 0x2b, 0xc2, 0xf7, 0xff, 0x2b, 0xc1, 0xf7, 0xff, 0x21, 0xb4, 0xf5, 0xff,
    0x0b, 0x9a, 0xee, 0xff, 0x00, 0x8f, 0xeb, 0xff, 0x01, 0x8f, 0xeb, 0xff, 0x0c, 0x95, 0xee, 0xc5,
    0x10, 0x8f, 0xef, 0x10, 0x00, 0x00, 0x00, 0x00, 0x00, 0x00, 0x00, 0x00, 0x00, 0x00, 0x00, 0x00,
    0x00, 0x00, 0x00, 0x00, 0x00, 0x00, 0x00, 0x00, 0x00, 0x00, 0x00, 0x00, 0x00, 0x00, 0x00, 0x00,
    0x00, 0x00, 0x00, 0x00, 0x00, 0x00, 0x00, 0x00, 0x00, 0x00, 0x00, 0x00, 0x00, 0x00, 0x00, 0x00,
    0x00, 0x00, 0x00, 0x00, 0x00, 0x00, 0x00, 0x00, 0x00, 0x00, 0x00, 0x00, 0x00, 0x00, 0x00, 0x00,
    0x00, 0x00, 0x00, 0x00, 0x00, 0x00, 0x00, 0x00, 0x00, 0x00, 0x00, 0x00, 0x00, 0x00, 0x00, 0x00,
    0x00, 0x00, 0x00, 0x00, 0x00, 0x00, 0x00, 0x00, 0x00, 0x00, 0x00, 0x00, 0x00, 0x00, 0x00, 0x00,
    0x00, 0x00, 0x00, 0x00, 0x00, 0x00, 0x00, 0x00, 0x00, 0x00, 0x00, 0x00, 0x00, 0x00, 0x00, 0x00,
    0x00, 0x00, 0x00, 0x00, 0x00, 0x00, 0x00, 0x00, 0x00, 0x00, 0x00, 0x00, 0x00, 0x00, 0x00, 0x00,
    0x00, 0xaa, 0xff, 0x03, 0x0d, 0x95, 0xef, 0x8c, 0x04, 0x92, 0xec, 0xf7, 0x0d, 0x99, 0xef, 0xff,
    0x1d, 0xaa, 0xf3, 0xff, 0x28, 0xb9, 0xf6, 0xff, 0x2b, 0xbf, 0xf7, 0xff, 0x2b, 0xc1, 0xf7, 0xff,
    0x2b, 0xc2, 0xf7, 0xff, 0x2b, 0xc3, 0xf7, 0xff, 0x2c, 0xc3, 0xf8, 0xff, 0x2c, 0xc4, 0xf8, 0xff,
    0x2c, 0xc4, 0xf8, 0xff, 0x2c, 0xc5, 0xf8, 0xff, 0x2c, 0xc5, 0xf8, 0xff, 0x2c, 0xc5, 0xf8, 0xff,
    0x2c, 0xc5, 0xf8, 0xff, 0x2c, 0xc5, 0xf8, 0xff, 0x2c, 0xc5, 0xf8, 0xff, 0x2c, 0xc4, 0xf8, 0xff,
    0x2c, 0xc4, 0xf8, 0xff, 0x2b, 0xc3, 0xf8, 0xff, 0x2b, 0xc2, 0xf7, 0xff, 0x2b, 0xc1, 0xf7, 0xff,
    0x28, 0xbe, 0xf7, 0xff, 0x1a, 0xab, 0xf2, 0xff, 0x08, 0x97, 0xed, 0xff, 0x00, 0x8f, 0xeb, 0xff,
    0x00, 0x8f, 0xeb, 0xff, 0x09, 0x95, 0xed, 0xe2, 0x0f, 0x95, 0xf0, 0x46, 0x00, 0x00, 0x00, 0x00,
    0x00, 0x00, 0x00, 0x00, 0x00, 0x00, 0x00, 0x00, 0x00, 0x00, 0x00, 0x00, 0x00, 0x00, 0x00, 0x00,
    0x00, 0x00, 0x00, 0x00, 0x00, 0x00, 0x00, 0x00, 0x00, 0x00, 0x00, 0x00, 0x00, 0x00, 0x00, 0x00,
    0x00, 0x00, 0x00, 0x00, 0x00, 0x00, 0x00, 0x00, 0x00, 0x00, 0x00, 0x00, 0x00, 0x00, 0x00, 0x00,
    0x00, 0x00, 0x00, 0x00, 0x00, 0x00, 0x00, 0x00, 0x00, 0x00, 0x00, 0x00, 0x00, 0x00, 0x00, 0x00,
    0x00, 0x00, 0x00, 0x00, 0x00, 0x00, 0x00, 0x00, 0x00, 0x00, 0x00, 0x00, 0x00, 0x00, 0x00, 0x00,
    0x00, 0x00, 0x00, 0x00, 0x00, 0x00, 0x00, 0x00, 0x00, 0x00, 0x00, 0x00, 0x00, 0x00, 0x00, 0x00,
    0x00, 0x00, 0x00, 0x00, 0x00, 0x00, 0x00, 0x00, 0x00, 0x00, 0x00, 0x00, 0x00, 0x00, 0x00, 0x00,
    0x00, 0x00, 0x00, 0x00, 0x00, 0x00, 0x00, 0x00, 0x00, 0x00, 0x00, 0x00, 0x00, 0x00, 0x00, 0x00,
    0x00, 0x00, 0x00, 0x00, 0x00, 0x00, 0x00, 0x00, 0x00, 0x80, 0xff, 0x06, 0x0e, 0x96, 0xed, 0x8d,
    0x07, 0x93, 0xed, 0xf1, 0x03, 0x91, 0xeb, 0xff, 0x0e, 0x9b, 0xef, 0xff, 0x17, 0xa5, 0xf1, 0xff,
    0x20, 0xb2, 0xf4, 0xff, 0x29, 0xbd, 0xf6, 0xff, 0x2b, 0xc1, 0xf7, 0xff, 0x2b, 0xc1, 0xf7, 0xff,
    0x2b, 0xc2, 0xf7, 0xff, 0x2b, 0xc2, 0xf7, 0xff, 0x2b, 0xc2, 0xf7, 0xff, 0x2b, 0xc2, 0xf7, 0xff,
    0x2b, 0xc2, 0xf7, 0xff, 0x2b, 0xc2, 0xf7, 0xff, 0x2b, 0xc2, 0xf7, 0xff, 0x2b, 0xc1, 0xf7, 0xff,
    0x2a, 0xbf, 0xf6, 0xff, 0x21, 0xb5, 0xf4, 0xff, 0x17, 0xa9, 0xf2, 0xff, 0x0b, 0x9a, 0xee, 0xff,
    0x01, 0x90, 0xeb, 0xff, 0x00, 0x8f, 0xeb, 0xff, 0x02, 0x91, 0xec, 0xfe, 0x0b, 0x96, 0xed, 0xd3,
    0x10, 0x94, 0xef, 0x4f, 0x00, 0x00, 0x00, 0x00, 0x00, 0x00, 0x00, 0x00, 0x00, 0x00, 0x00, 0x00,
    0x00, 0x00, 0x00, 0x00, 0x00, 0x00, 0x00, 0x00, 0x00, 0x00, 0x00, 0x00, 0x00, 0x00, 0x00, 0x00,
    0x00, 0x00, 0x00, 0x00, 0x00, 0x00, 0x00, 0x00, 0x00, 0x00, 0x00, 0x00, 0x00, 0x00, 0x00, 0x00,
    0x00, 0x00, 0x00, 0x00, 0x00, 0x00, 0x00, 0x00, 0x00, 0x00, 0x00, 0x00, 0x00, 0x00, 0x00, 0x00,
    0x00, 0x00, 0x00, 0x00, 0x00, 0x00, 0x00, 0x00, 0x00, 0x00, 0x00, 0x00, 0x00, 0x00, 0x00, 0x00,
    0x00, 0x00, 0x00, 0x00, 0x00, 0x00, 0x00, 0x00, 0x00, 0x00, 0x00, 0x00, 0x00, 0x00, 0x00, 0x00,
    0x00, 0x00, 0x00, 0x00, 0x00, 0x00, 0x00, 0x00, 0x00, 0x00, 0x00, 0x00, 0x00, 0x00, 0x00, 0x00,
    0x00, 0x00, 0x00, 0x00, 0x00, 0x00, 0x00, 0x00, 0x00, 0x00, 0x00, 0x00, 0x00, 0x00, 0x00, 0x00,
    0x00, 0x00, 0x00, 0x00, 0x00, 0x00, 0x00, 0x00, 0x00, 0x00, 0x00, 0x00, 0x00, 0x00, 0x00, 0x00,
    0x00, 0x00, 0x00, 0x00, 0x00, 0x00, 0x00, 0x00, 0x00, 0x00, 0x00, 0x00, 0x00, 0x00, 0x00, 0x00,
    0x00, 0x00, 0x00, 0x00, 0x0d, 0x98, 0xed, 0x39, 0x0b, 0x96, 0xef, 0xb2, 0x07, 0x94, 0xed, 0xf1,
    0x01, 0x90, 0xeb, 0xff, 0x01, 0x90, 0xeb, 0xff, 0x07, 0x96, 0xed, 0xff, 0x0c, 0x9c, 0xee, 0xff,
    0x11, 0xa1, 0xef, 0xff, 0x14, 0xa3, 0xf0, 0xff, 0x15, 0xa6, 0xf1, 0xff, 0x14, 0xa5, 0xf1, 0xff,
    0x13, 0xa3, 0xf0, 0xff, 0x10, 0xa0, 0xf0, 0xff, 0x0c, 0x9b, 0xee, 0xff, 0x06, 0x95, 0xed, 0xff,
    0x01, 0x90, 0xeb, 0xff, 0x00, 0x8f, 0xeb, 0xff, 0x00, 0x8f, 0xeb, 0xff, 0x02, 0x91, 0xeb, 0xfe,
    0x09, 0x96, 0xed, 0xe1, 0x0e, 0x98, 0xef, 0x90, 0x16, 0xa6, 0xe9, 0x17, 0x00, 0x00, 0x00, 0x00,
    0x00, 0x00, 0x00, 0x00, 0x00, 0x00, 0x00, 0x00, 0x00, 0x00, 0x00, 0x00, 0x00, 0x00, 0x00, 0x00,
    0x00, 0x00, 0x00, 0x00, 0x00, 0x00, 0x00, 0x00, 0x00, 0x00, 0x00, 0x00, 0x00, 0x00, 0x00, 0x00,
    0x00, 0x00, 0x00, 0x00, 0x00, 0x00, 0x00, 0x00, 0x00, 0x00, 0x00, 0x00, 0x00, 0x00, 0x00, 0x00,
    0x00, 0x00, 0x00, 0x00, 0x00, 0x00, 0x00, 0x00, 0x00, 0x00, 0x00, 0x00, 0x00, 0x00, 0x00, 0x00,
    0x00, 0x00, 0x00, 0x00, 0x00, 0x00, 0x00, 0x00, 0x00, 0x00, 0x00, 0x00, 0x00, 0x00, 0x00, 0x00,
    0x00, 0x00, 0x00, 0x00, 0x00, 0x00, 0x00, 0x00, 0x00, 0x00, 0x00, 0x00, 0x00, 0x00, 0x00, 0x00,
    0x00, 0x00, 0x00, 0x00, 0x00, 0x00, 0x00, 0x00, 0x00, 0x00, 0x00, 0x00, 0x00, 0x00, 0x00, 0x00,
    0x00, 0x00, 0x00, 0x00, 0x00, 0x00, 0x00, 0x00, 0x00, 0x00, 0x00, 0x00, 0x00, 0x00, 0x00, 0x00,
    0x00, 0x00, 0x00, 0x00, 0x00, 0x00, 0x00, 0x00, 0x00, 0x00, 0x00, 0x00, 0x00, 0x00, 0x00, 0x00,
    0x00, 0x00, 0x00, 0x00, 0x00, 0x00, 0x00, 0x00, 0x00, 0x00, 0x00, 0x00, 0x00, 0x00, 0x00, 0x00,
    0x00, 0x00, 0x00, 0x00, 0x00, 0x00, 0x00, 0x00, 0x00, 0x00, 0x00, 0x00, 0x00, 0x00, 0x00, 0x00,
    0x0d, 0xa1, 0xf2, 0x13, 0x0f, 0x97, 0xee, 0x67, 0x0c, 0x98, 0xee, 0xa8, 0x0b, 0x96, 0xed, 0xd6,
    0x09, 0x96, 0xed, 0xe9, 0x05, 0x93, 0xed, 0xf4, 0x04, 0x92, 0xed, 0xf9, 0x03, 0x91, 0xec, 0xfd,
    0x04, 0x92, 0xec, 0xfb, 0x05, 0x93, 0xec, 0xfa, 0x06, 0x94, 0xec, 0xf4, 0x09, 0x95, 0xec, 0xe5,
    0x0b, 0x97, 0xee, 0xcc, 0x0e, 0x97, 0xed, 0xa0, 0x10, 0x94, 0xef, 0x4f, 0x00, 0x80, 0xff, 0x04,
    0x00, 0x00, 0x00, 0x00, 0x00, 0x00, 0x00, 0x00, 0x00, 0x00, 0x00, 0x00, 0x00, 0x00, 0x00, 0x00,
    0x00, 0x00, 0x00, 0x00, 0x00, 0x00, 0x00, 0x00, 0x00, 0x00, 0x00, 0x00, 0x00, 0x00, 0x00, 0x00,
    0x00, 0x00, 0x00, 0x00, 0x00, 0x00, 0x00, 0x00, 0x00, 0x00, 0x00, 0x00, 0x00, 0x00, 0x00, 0x00,
    0x00, 0x00, 0x00, 0x00, 0x00, 0x00, 0x00, 0x00, 0x00, 0x00, 0x00, 0x00, 0x00, 0x00, 0x00, 0x00,
    0x00, 0x00, 0x00, 0x00, 0x00, 0x00, 0x00, 0x00, 0x00, 0x00, 0x00, 0x00, 0x00, 0x00, 0x00, 0x00,
    0x00, 0x00, 0x00, 0x00, 0x00, 0x00, 0x00, 0x00, 0x00, 0x00, 0x00, 0x00, 0x00, 0x00, 0x00, 0x00,
    0x00, 0x00, 0x00, 0x00, 0x00, 0x00, 0x00, 0x00, 0x00, 0x00, 0x00, 0x00, 0x00, 0x00, 0x00, 0x00,
    0x00, 0x00, 0x00, 0x00, 0x00, 0x00, 0x00, 0x00, 0x00, 0x00, 0x00, 0x00, 0x00, 0x00, 0x00, 0x00,
    0x00, 0x00, 0x00, 0x00, 0x00, 0x00, 0x00, 0x00, 0x00, 0x00, 0x00, 0x00, 0x00, 0x00, 0x00, 0x00,
    0x00, 0x00, 0x00, 0x00, 0x00, 0x00, 0x00, 0x00, 0x00, 0x00, 0x00, 0x00, 0x00, 0x00, 0x00, 0x00,
    0x00, 0x00, 0x00, 0x00, 0x00, 0x00, 0x00, 0x00, 0x00, 0x00, 0x00, 0x00, 0x00, 0x00, 0x00, 0x00,
    0x00, 0x00, 0x00, 0x00, 0x00, 0x00, 0x00, 0x00, 0x00, 0x00, 0x00, 0x00, 0x00, 0x00, 0x00, 0x00,
    0x00, 0x00, 0x00, 0x00, 0x00, 0x00, 0x00, 0x00, 0x00, 0x00, 0x00, 0x00, 0x00, 0x00, 0x00, 0x00,
    0x00, 0x00, 0x00, 0x00, 0x00, 0x00, 0x00, 0x00, 0x00, 0x00, 0x00, 0x00, 0x00, 0x00, 0x00, 0x00,
    0x00, 0x00, 0x00, 0x00, 0x00, 0x00, 0x00, 0x00, 0x00, 0x00, 0x00, 0x00, 0x00, 0x00, 0x00, 0x00,
    0x00, 0x00, 0x00, 0x00, 0x00, 0x00, 0x00, 0x00, 0x00, 0x00, 0x00, 0x00, 0x00, 0x00, 0x00, 0x00,
    0x00, 0x00, 0x00, 0x00, 0x00, 0x00, 0x00, 0x00, 0x00, 0x00, 0x00, 0x00, 0x00, 0x00, 0x00, 0x00,
    0x00, 0x00, 0x00, 0x00, 0x00, 0x00, 0x00, 0x00, 0x00, 0x00, 0x00, 0x00, 0x00, 0x00, 0x00, 0x00,
    0x00, 0x00, 0x00, 0x00, 0x00, 0x00, 0x00, 0x00, 0x00, 0x00, 0x00, 0x00, 0x00, 0x00, 0x00, 0x00,
    0x00, 0x00, 0x00, 0x00, 0x00, 0x00, 0x00, 0x00, 0x00, 0x00, 0x00, 0x00, 0x00, 0x00, 0x00, 0x00,
    0x00, 0x00, 0x00, 0x00, 0x00, 0x00, 0x00, 0x00, 0x00, 0x00, 0x00, 0x00, 0x00, 0x00, 0x00, 0x00,
    0x00, 0x00, 0x00, 0x00, 0x00, 0x00, 0x00, 0x00, 0x00, 0x00, 0x00, 0x00, 0x00, 0x00, 0x00, 0x00,
    0x00, 0x00, 0x00, 0x00, 0x00, 0x00, 0x00, 0x00, 0x00, 0x00, 0x00, 0x00, 0x00, 0x00, 0x00, 0x00,
    0x00, 0x00, 0x00, 0x00, 0x00, 0x00, 0x00, 0x00, 0x00, 0x00, 0x00, 0x00, 0x00, 0x00, 0x00, 0x00,
    0x00, 0x00, 0x00, 0x00, 0x00, 0x00, 0x00, 0x00, 0x00, 0x00, 0x00, 0x00, 0x00, 0x00, 0x00, 0x00,
    0x00, 0x00, 0x00, 0x00, 0x00, 0x00, 0x00, 0x00, 0x00, 0x00, 0x00, 0x00, 0x00, 0x00, 0x00, 0x00,
    0x00, 0x00, 0x00, 0x00, 0x00, 0x00, 0x00, 0x00, 0x00, 0x00, 0x00, 0x00, 0x00, 0x00, 0x00, 0x00,
    0x00, 0x00, 0x00, 0x00, 0x00, 0x00, 0x00, 0x00, 0x00, 0x00, 0x00, 0x00, 0x00, 0x00, 0x00, 0x00,
    0x00, 0x00, 0x00, 0x00, 0x00, 0x00, 0x00, 0x00, 0x00, 0x00, 0x00, 0x00, 0x00, 0x00, 0x00, 0x00,
    0x00, 0x00, 0x00, 0x00, 0x00, 0x00, 0x00, 0x00, 0x00, 0x00, 0x00, 0x00, 0x00, 0x00, 0x00, 0x00,
    0x00, 0x00, 0x00, 0x00, 0x00, 0x00, 0x00, 0x00, 0x00, 0x00, 0x00, 0x00, 0x00, 0x00, 0x00, 0x00,
    0x00, 0x00, 0x00, 0x00, 0x00, 0x00, 0x00, 0x00, 0x00, 0x00, 0x00, 0x00, 0x00, 0x00, 0x00, 0x00,
    0x00, 0x00, 0x00, 0x00, 0x00, 0x00, 0x00, 0x00, 0x00, 0x00, 0x00, 0x00, 0x00, 0x00, 0x00, 0x00,
    0x00, 0x00, 0x00, 0x00, 0x00, 0x00, 0x00, 0x00, 0x00, 0x00, 0x00, 0x00, 0x00, 0x00, 0x00, 0x00,
    0x00, 0x00, 0x00, 0x00, 0x00, 0x00, 0x00, 0x00, 0x00, 0x00, 0x00, 0x00, 0x00, 0x00, 0x00, 0x00,
    0x00, 0x00, 0x00, 0x00, 0x00, 0x00, 0x00, 0x00, 0x00, 0x00, 0x00, 0x00, 0x00, 0x00, 0x00, 0x00,
    0x00, 0x00, 0x00, 0x00, 0x00, 0x00, 0x00, 0x00, 0x00, 0x00, 0x00, 0x00, 0x00, 0x00, 0x00, 0x00,
    0x00, 0x00, 0x00, 0x00, 0x00, 0x00, 0x00, 0x00, 0x00, 0x00, 0x00, 0x00, 0x00, 0x00, 0x00, 0x00,
    0x00, 0x00, 0x00, 0x00, 0x00, 0x00, 0x00, 0x00, 0x00, 0x00, 0x00, 0x00, 0x00, 0x00, 0x00, 0x00,
    0x00, 0x00, 0x00, 0x00, 0x00, 0x00, 0x00, 0x00, 0x00, 0x00, 0x00, 0x00, 0x00, 0x00, 0x00, 0x00,
    0x00, 0x00, 0x00, 0x00, 0x00, 0x00, 0x00, 0x00, 0x00, 0x00, 0x00, 0x00, 0x00, 0x00, 0x00, 0x00,
    0x00, 0x00, 0x00, 0x00, 0x00, 0x00, 0x00, 0x00, 0x00, 0x00, 0x00, 0x00, 0x00, 0x00, 0x00, 0x00,
    0x00, 0x00, 0x00, 0x00, 0x00, 0x00, 0x00, 0x00, 0x00, 0x00, 0x00, 0x00, 0x00, 0x00, 0x00, 0x00,
    0x00, 0x00, 0x00, 0x00, 0x00, 0x00, 0x00, 0x00, 0x00, 0x00, 0x00, 0x00, 0x00, 0x00, 0x00, 0x00,
    0x00, 0x00, 0x00, 0x00, 0x00, 0x00, 0x00, 0x00, 0x00, 0x00, 0x00, 0x00, 0x00, 0x00, 0x00, 0x00,
    0x00, 0x00, 0x00, 0x00, 0x00, 0x00, 0x00, 0x00, 0x00, 0x00, 0x00, 0x00, 0x00, 0x00, 0x00, 0x00,
    0x00, 0x00, 0x00, 0x00, 0x00, 0x00, 0x00, 0x00, 0x00, 0x00, 0x00, 0x00, 0x00, 0x00, 0x00, 0x00,
    0x00, 0x00, 0x00, 0x00, 0x00, 0x00, 0x00, 0x00, 0x00, 0x00, 0x00, 0x00, 0x00, 0x00, 0x00, 0x00,
    0x00, 0x00, 0x00, 0x00, 0x00, 0x00, 0x00, 0x00, 0x00, 0x00, 0x00, 0x00, 0x00, 0x00, 0x00, 0x00,
    0x00, 0x00, 0x00, 0x00, 0x00, 0x00, 0x00, 0x00, 0x00, 0x00, 0x00, 0x00, 0x00, 0x00, 0x00, 0x00,
    0x00, 0x00, 0x00, 0x00, 0x00, 0x00, 0x00, 0x00, 0x00, 0x00, 0x00, 0x00, 0x00, 0x00, 0x00, 0x00,
    0x00, 0x00, 0x00, 0x00, 0x00, 0x00, 0x00, 0x00, 0x00, 0x00, 0x00, 0x00, 0x00, 0x00, 0x00, 0x00,
    0x00, 0x00, 0x00, 0x00, 0x00, 0x00, 0x00, 0x00, 0x00, 0x00, 0x00, 0x00, 0x00, 0x00, 0x00, 0x00,
    0x00, 0x00, 0x00, 0x00, 0x00, 0x00, 0x00, 0x00, 0x00, 0x00, 0x00, 0x00, 0x00, 0x00, 0x00, 0x00,
    0x00, 0x00, 0x00, 0x00, 0x00, 0x00, 0x00, 0x00, 0x00, 0x00, 0x00, 0x00, 0x00, 0x00, 0x00, 0x00,
    0x00, 0x00, 0x00, 0x00, 0x00, 0x00, 0x00, 0x00, 0x00, 0x00, 0x00, 0x00, 0x00, 0x00, 0x00, 0x00,
    0x00, 0x00, 0x00, 0x00, 0x00, 0x00, 0x00, 0x00, 0x00, 0x00, 0x00, 0x00, 0x00, 0x00, 0x00, 0x00,
    0x00, 0x00, 0x00, 0x00, 0x00, 0x00, 0x00, 0x00, 0x00, 0x00, 0x00, 0x00, 0x00, 0x00, 0x00, 0x00,
    0x00, 0x00, 0x00, 0x00, 0x00, 0x00, 0x00, 0x00, 0x00, 0x00, 0x00, 0x00, 0x00, 0x00, 0x00, 0x00,
    0x00, 0x00, 0x00, 0x00, 0x00, 0x00, 0x00, 0x00, 0x00, 0x00, 0x00, 0x00, 0x00, 0x00, 0x00, 0x00,
    0x00, 0x00, 0x00, 0x00, 0x00, 0x00, 0x00, 0x00, 0x00, 0x00, 0x00, 0x00, 0x00, 0x00, 0x00, 0x00,
    0x00, 0x00, 0x00, 0x00, 0x00, 0x00, 0x00, 0x00, 0x00, 0x00, 0x00, 0x00, 0x00, 0x00, 0x00, 0x00,
    0x00, 0x00, 0x00, 0x00, 0x00, 0x00, 0x00, 0x00, 0x00, 0x00, 0x00, 0x00, 0x00, 0x00, 0x00, 0x00,
    0x00, 0x00, 0x00, 0x00, 0x00, 0x00, 0x00, 0x00, 0x00, 0x00, 0x00, 0x00, 0x00, 0x00, 0x00, 0x00,
    0x00, 0x00, 0x00, 0x00, 0x00, 0x00, 0x00, 0x00, 0x00, 0x00, 0x00, 0x00, 0x00, 0x00, 0x00, 0x00,
    0x00, 0x00, 0x00, 0x00, 0x00, 0x00, 0x00, 0x00, 0x00, 0x00, 0x00, 0x00, 0x00, 0x00, 0x00, 0x00,
    0x00, 0x00, 0x00, 0x00, 0x00, 0x00, 0x00, 0x00, 0x00, 0x00, 0x00, 0x00, 0x00, 0x00, 0x00, 0x00,
    0x00, 0x00, 0x00, 0x00, 0x00, 0x00, 0x00, 0x00, 0x00, 0x00, 0x00, 0x00, 0x00, 0x00, 0x00, 0x00,
    0x00, 0x00, 0x00, 0x00, 0x00, 0x00, 0x00, 0x00, 0x00, 0x00, 0x00, 0x00, 0x00, 0x00, 0x00, 0x00,
    0x00, 0x00, 0x00, 0x00, 0x00, 0x00, 0x00, 0x00, 0x00, 0x00, 0x00, 0x00, 0x00, 0x00, 0x00, 0x00,
    0x00, 0x00, 0x00, 0x00, 0x00, 0x00, 0x00, 0x00, 0x00, 0x00, 0x00, 0x00, 0x00, 0x00, 0x00, 0x00,
    0x00, 0x00, 0x00, 0x00, 0x00, 0x00, 0x00, 0x00, 0x00, 0x00, 0x00, 0x00, 0x00, 0x00, 0x00, 0x00,
    0x00, 0x00, 0x00, 0x00, 0x00, 0x00, 0x00, 0x00, 0x00, 0x00, 0x00, 0x00, 0x00, 0x00, 0x00, 0x00,
    0x00, 0x00, 0x00, 0x00, 0x00, 0x00, 0x00, 0x00, 0x00, 0x00, 0x00, 0x00, 0x00, 0x00, 0x00, 0x00,
    0x00, 0x00, 0x00, 0x00, 0x00, 0x00, 0x00, 0x00, 0x00, 0x00, 0x00, 0x00, 0x00, 0x00, 0x00, 0x00,
    0x00, 0x00, 0x00, 0x00, 0x00, 0x00, 0x00, 0x00, 0x00, 0x00, 0x00, 0x00, 0x00, 0x00, 0x00, 0x00,
    0x00, 0x00, 0x00, 0x00, 0x00, 0x00, 0x00, 0x00, 0x00, 0x00, 0x00, 0x00, 0x00, 0x00, 0x00, 0x00,
    0x00, 0x00, 0x00, 0x00, 0x00, 0x00, 0x00, 0x00, 0x00, 0x00, 0x00, 0x00, 0x00, 0x00, 0x00, 0x00,
    0x00, 0x00, 0x00, 0x00, 0x00, 0x00, 0x00, 0x00, 0x00, 0x00, 0x00, 0x00, 0x00, 0x00, 0x00, 0x00,
    0x00, 0x00, 0x00, 0x00, 0x00, 0x00, 0x00, 0x00, 0x00, 0x00, 0x00, 0x00, 0x00, 0x00, 0x00, 0x00,
    0x00, 0x00, 0x00, 0x00, 0x00, 0x00, 0x00, 0x00, 0x00, 0x00, 0x00, 0x00, 0x00, 0x00, 0x00, 0x00,
    0x00, 0x00, 0x00, 0x00, 0x00, 0x00, 0x00, 0x00, 0x00, 0x00, 0x00, 0x00, 0x00, 0x00, 0x00, 0x00,
    0x00, 0x00, 0x00, 0x00, 0x00, 0x00, 0x00, 0x00, 0x00, 0x00, 0x00, 0x00, 0x00, 0x00, 0x00, 0x00,
    0x00, 0x00, 0x00, 0x00, 0x00, 0x00, 0x00, 0x00, 0x00, 0x00, 0x00, 0x00, 0x00, 0x00, 0x00, 0x00,
    0x00, 0x00, 0x00, 0x00, 0x00, 0x00, 0x00, 0x00, 0x00, 0x00, 0x00, 0x00, 0x00, 0x00, 0x00, 0x00,
    0x00, 0x00, 0x00, 0x00, 0x00, 0x00, 0x00, 0x00, 0x00, 0x00, 0x00, 0x00, 0x00, 0x00, 0x00, 0x00,
    0x00, 0x00, 0x00, 0x00, 0x00, 0x00, 0x00, 0x00, 0x00, 0x00, 0x00, 0x00, 0x00, 0x00, 0x00, 0x00,
    0x00, 0x00, 0x00, 0x00, 0x00, 0x00, 0x00, 0x00, 0x00, 0x00, 0x00, 0x00, 0x00, 0x00, 0x00, 0x00,
    0x00, 0x00, 0x00, 0x00, 0x00, 0x00, 0x00, 0x00, 0x00, 0x00, 0x00, 0x00, 0x00, 0x00, 0x00, 0x00,
    0x00, 0x00, 0x00, 0x00, 0x00, 0x00, 0x00, 0x00, 0x00, 0x00, 0x00, 0x00, 0x00, 0x00, 0x00, 0x00,
    0x00, 0x00, 0x00, 0x00, 0x00, 0x00, 0x00, 0x00, 0x00, 0x00, 0x00, 0x00, 0x00, 0x00, 0x00, 0x00,
    0x00, 0x00, 0x00, 0x00, 0x00, 0x00, 0x00, 0x00, 0x00, 0x00, 0x00, 0x00, 0x00, 0x00, 0x00, 0x00,
    0x00, 0x00, 0x00, 0x00, 0x00, 0x00, 0x00, 0x00, 0x00, 0x00, 0x00, 0x00, 0x00, 0x00, 0x00, 0x00,
    0x00, 0x00, 0x00, 0x00, 0x00, 0x00, 0x00, 0x00, 0x00, 0x00, 0x00, 0x00, 0x00, 0x00, 0x00, 0x00,
    0x00, 0x00, 0x00, 0x00, 0x00, 0x00, 0x00, 0x00, 0x00, 0x00, 0x00, 0x00, 0x00, 0x00, 0x00, 0x00,
    0x00, 0x00, 0x00, 0x00, 0x00, 0x00, 0x00, 0x00, 0x00, 0x00, 0x00, 0x00, 0x00, 0x00, 0x00, 0x00,
    0x00, 0x00, 0x00, 0x00, 0x00, 0x00, 0x00, 0x00, 0x00, 0x00, 0x00, 0x00, 0x00, 0x00, 0x00, 0x00,
    0x00, 0x00, 0x00, 0x00, 0x00, 0x00, 0x00, 0x00, 0x00, 0x00, 0x00, 0x00, 0x00, 0x00, 0x00, 0x00,
    0x00, 0x00, 0x00, 0x00, 0x00, 0x00, 0x00, 0x00, 0x00, 0x00, 0x00, 0x00, 0x00, 0x00, 0x00, 0x00,
    0x00, 0x00, 0x00, 0x00, 0x00, 0x00, 0x00, 0x00, 0x00, 0x00, 0x00, 0x00, 0x00, 0x00, 0x00, 0x00,
    0x00, 0x00, 0x00, 0x00, 0x00, 0x00, 0x00, 0x00, 0x00, 0x00, 0x00, 0x00, 0x00, 0x00, 0x00, 0x00,
    0x00, 0x00, 0x00, 0x00, 0x00, 0x00, 0x00, 0x00, 0x00, 0x00, 0x00, 0x00, 0x00, 0x00, 0x00, 0x00,
    0x00, 0x00, 0x00, 0x00, 0x00, 0x00, 0x00, 0x00, 0x00, 0x00, 0x00, 0x00, 0x00, 0x00, 0x00, 0x00,
    0x00, 0x00, 0x00, 0x00, 0x00, 0x00, 0x00, 0x00, 0x00, 0x00, 0x00, 0x00, 0x00, 0x00, 0x00, 0x00,
    0x00, 0x00, 0x00, 0x00, 0x00, 0x00, 0x00, 0x00, 0x00, 0x00, 0x00, 0x00, 0x00, 0x00, 0x00, 0x00,
    0x00, 0x00, 0x00, 0x00, 0x00, 0x00, 0x00, 0x00, 0x00, 0x00, 0x00, 0x00, 0x00, 0x00, 0x00, 0x00,
    0x00, 0x00, 0x00, 0x00, 0x00, 0x00, 0x00, 0x00, 0x00, 0x00, 0x00, 0x00, 0x00, 0x00, 0x00, 0x00,
    0x00, 0x00, 0x00, 0x00, 0x00, 0x00, 0x00, 0x00, 0x00, 0x00, 0x00, 0x00, 0x00, 0x00, 0x00, 0x00,
    0x00, 0x00, 0x00, 0x00, 0x00, 0x00, 0x00, 0x00, 0x00, 0x00, 0x00, 0x00, 0x00, 0x00, 0x00, 0x00,
    0x00, 0x00, 0x00, 0x00, 0x00, 0x00, 0x00, 0x00, 0x00, 0x00, 0x00, 0x00, 0x00, 0x00, 0x00, 0x00,
    0x00, 0x00, 0x00, 0x00, 0x00, 0x00, 0x00, 0x00, 0x00, 0x00, 0x00, 0x00, 0x00, 0x00, 0x00, 0x00,
    0x00, 0x00, 0x00, 0x00, 0x00, 0x00, 0x00, 0x00, 0x00, 0x00, 0x00, 0x00, 0x00, 0x00, 0x00, 0x00,
    0x00, 0x00, 0x00, 0x00, 0x00, 0x00, 0x00, 0x00, 0x00, 0x00, 0x00, 0x00, 0x00, 0x00, 0x00, 0x00,
    0x00, 0x00, 0x00, 0x00, 0x00, 0x00, 0x00, 0x00, 0x00, 0x00, 0x00, 0x00, 0x00, 0x00, 0x00, 0x00,
    0x00, 0x00, 0x00, 0x00, 0x00, 0x00, 0x00, 0x00, 0x00, 0x00, 0x00, 0x00, 0x00, 0x00, 0x00, 0x00,
    0x00, 0x00, 0x00, 0x00, 0x00, 0x00, 0x00, 0x00, 0x00, 0x00, 0x00, 0x00, 0x00, 0x00, 0x00, 0x00,
    0x00, 0x00, 0x00, 0x00, 0x00, 0x00, 0x00, 0x00, 0x00, 0x00, 0x00, 0x00, 0x00, 0x00, 0x00, 0x00,
    0x00, 0x00, 0x00, 0x00, 0x00, 0x00, 0x00, 0x00, 0x00, 0x00, 0x00, 0x00, 0x00, 0x00, 0x00, 0x00,
};

/* U+1F914; source SHA256: 8a9b8aae06b01083e8a51f65b6f80c4349b1a3b9f00dc42d0acf61fdb443f63f */
_Alignas(LV_DRAW_BUF_ALIGN) static const uint8_t thinking_pixels[] = {
    0x00, 0x00, 0x00, 0x00, 0x00, 0x00, 0x00, 0x00, 0x00, 0x00, 0x00, 0x00, 0x00, 0x00, 0x00, 0x00,
    0x00, 0x00, 0x00, 0x00, 0x00, 0x00, 0x00, 0x00, 0x00, 0x00, 0x00, 0x00, 0x00, 0x00, 0x00, 0x00,
    0x00, 0x00, 0x00, 0x00, 0x00, 0x00, 0x00, 0x00, 0x00, 0x00, 0x00, 0x00, 0x00, 0x00, 0x00, 0x00,
    0x00, 0x00, 0x00, 0x00, 0x00, 0x00, 0x00, 0x00, 0x00, 0x00, 0x00, 0x00, 0x00, 0x00, 0x00, 0x00,
    0x00, 0x00, 0x00, 0x00, 0x00, 0x00, 0x00, 0x00, 0x00, 0x00, 0x00, 0x00, 0x00, 0x00, 0x00, 0x00,
    0x00, 0x00, 0x00, 0x00, 0x00, 0x00, 0x00, 0x00, 0x00, 0x00, 0x00, 0x00, 0x00, 0x00, 0x00, 0x00,
    0x00, 0x00, 0x00, 0x00, 0x00, 0x00, 0x00, 0x00, 0x00, 0x00, 0x00, 0x00, 0x00, 0x00, 0x00, 0x00,
    0x00, 0x00, 0x00, 0x00, 0x00, 0x00, 0x00, 0x00, 0x00, 0x00, 0x00, 0x00, 0x00, 0x00, 0x00, 0x00,
    0x00, 0x00, 0x00, 0x00, 0x00, 0x00, 0x00, 0x00, 0x00, 0x00, 0x00, 0x00, 0x00, 0x00, 0x00, 0x00,
    0x00, 0x00, 0x00, 0x00, 0x00, 0x00, 0x00, 0x00, 0x00, 0x00, 0x00, 0x00, 0x00, 0x00, 0x00, 0x00,
    0x00, 0x00, 0x00, 0x00, 0x00, 0x00, 0x00, 0x00, 0x00, 0x00, 0x00, 0x00, 0x00, 0x00, 0x00, 0x00,
    0x00, 0x00, 0x00, 0x00, 0x00, 0x00, 0x00, 0x00, 0x00, 0x00, 0x00, 0x00, 0x00, 0x00, 0x00, 0x00,
    0x00, 0x00, 0x00, 0x00, 0x00, 0x00, 0x00, 0x00, 0x00, 0x00, 0x00, 0x00, 0x00, 0x00, 0x00, 0x00,
    0x00, 0x00, 0x00, 0x00, 0x00, 0x00, 0x00, 0x00, 0x00, 0x00, 0x00, 0x00, 0x00, 0x00, 0x00, 0x00,
    0x00, 0x00, 0x00, 0x00, 0x00, 0x00, 0x00, 0x00, 0x00, 0x00, 0x00, 0x00, 0x00, 0x00, 0x00, 0x00,
    0x00, 0x00, 0x00, 0x00, 0x00, 0x00, 0x00, 0x00, 0x00, 0x00, 0x00, 0x00, 0x00, 0x00, 0x00, 0x00,
    0x00, 0x00, 0x00, 0x00, 0x00, 0x00, 0x00, 0x00, 0x00, 0x00, 0x00, 0x00, 0x00, 0x00, 0x00, 0x00,
    0x00, 0x00, 0x00, 0x00, 0x00, 0x00, 0x00, 0x00, 0x00, 0x00, 0x00, 0x00, 0x00, 0x00, 0x00, 0x00,
    0x00, 0x00, 0x00, 0x00, 0x00, 0x00, 0x00, 0x00, 0x00, 0x00, 0x00, 0x00, 0x00, 0x00, 0x00, 0x00,
    0x00, 0x00, 0x00, 0x00, 0x00, 0x00, 0x00, 0x00, 0x00, 0x00, 0x00, 0x00, 0x00, 0x00, 0x00, 0x00,
    0x00, 0x00, 0x00, 0x00, 0x00, 0x00, 0x00, 0x00, 0x00, 0x00, 0x00, 0x00, 0x00, 0x00, 0x00, 0x00,
    0x00, 0x00, 0x00, 0x00, 0x00, 0x00, 0x00, 0x00, 0x00, 0x00, 0x00, 0x00, 0x00, 0x00, 0x00, 0x00,
    0x00, 0x00, 0x00, 0x00, 0x00, 0x00, 0x00, 0x00, 0x00, 0x00, 0x00, 0x00, 0x00, 0x00, 0x00, 0x00,
    0x00, 0x00, 0x00, 0x00, 0x00, 0x00, 0x00, 0x00, 0x00, 0x00, 0x00, 0x00, 0x00, 0x00, 0x00, 0x00,
    0x00, 0x00, 0x00, 0x00, 0x00, 0x00, 0x00, 0x00, 0x00, 0x00, 0x00, 0x00, 0x00, 0x00, 0x00, 0x00,
    0x00, 0x00, 0x00, 0x00, 0x00, 0x00, 0x00, 0x00, 0x00, 0x00, 0x00, 0x00, 0x00, 0x00, 0x00, 0x00,
    0x00, 0x00, 0x00, 0x00, 0x00, 0x00, 0x00, 0x00, 0x00, 0x00, 0x00, 0x00, 0x00, 0x00, 0x00, 0x00,
    0x00, 0x00, 0x00, 0x00, 0x00, 0x00, 0x00, 0x00, 0x00, 0x00, 0x00, 0x00, 0x00, 0x00, 0x00, 0x00,
    0x00, 0x00, 0x00, 0x00, 0x00, 0x00, 0x00, 0x00, 0x00, 0x00, 0x00, 0x00, 0x00, 0x00, 0x00, 0x00,
    0x00, 0x00, 0x00, 0x00, 0x00, 0x00, 0x00, 0x00, 0x00, 0x00, 0x00, 0x00, 0x00, 0x00, 0x00, 0x00,
    0x00, 0x00, 0x00, 0x00, 0x00, 0x00, 0x00, 0x00, 0x00, 0x00, 0x00, 0x00, 0x00, 0x00, 0x00, 0x00,
    0x00, 0x00, 0x00, 0x00, 0x00, 0x00, 0x00, 0x00, 0x00, 0x00, 0x00, 0x00, 0x00, 0x00, 0x00, 0x00,
    0x00, 0x00, 0x00, 0x00, 0x00, 0x00, 0x00, 0x00, 0x00, 0x00, 0x00, 0x00, 0x00, 0x00, 0x00, 0x00,
    0x00, 0x00, 0x00, 0x00, 0x00, 0x00, 0x00, 0x00, 0x00, 0x00, 0x00, 0x00, 0x00, 0x00, 0x00, 0x00,
    0x00, 0x00, 0x00, 0x00, 0x00, 0x00, 0x00, 0x00, 0x00, 0x00, 0x00, 0x00, 0x00, 0x00, 0x00, 0x00,
    0x00, 0x00, 0x00, 0x00, 0x00, 0x00, 0x00, 0x00, 0x00, 0x00, 0x00, 0x00, 0x00, 0x00, 0x00, 0x00,
    0x00, 0x00, 0x00, 0x00, 0x00, 0x00, 0x00, 0x00, 0x00, 0x00, 0x00, 0x00, 0x00, 0x00, 0x00, 0x00,
    0x00, 0x00, 0x00, 0x00, 0x00, 0x00, 0x00, 0x00, 0x00, 0x00, 0x00, 0x00, 0x00, 0x00, 0x00, 0x00,
    0x00, 0x00, 0x00, 0x00, 0x00, 0x00, 0x00, 0x00, 0x00, 0x00, 0x00, 0x00, 0x00, 0x00, 0x00, 0x00,
    0x00, 0x00, 0x00, 0x00, 0x00, 0x00, 0x00, 0x00, 0x00, 0x00, 0x00, 0x00, 0x00, 0x00, 0x00, 0x00,
    0x00, 0x00, 0x00, 0x00, 0x00, 0x00, 0x00, 0x00, 0x00, 0x00, 0x00, 0x00, 0x00, 0x00, 0x00, 0x00,
    0x00, 0x00, 0x00, 0x00, 0x00, 0x00, 0x00, 0x00, 0x00, 0x00, 0x00, 0x00, 0x00, 0x00, 0x00, 0x00,
    0x00, 0x00, 0x00, 0x00, 0x00, 0x00, 0x00, 0x00, 0x00, 0x00, 0x00, 0x00, 0x00, 0x00, 0x00, 0x00,
    0x00, 0x00, 0x00, 0x00, 0x00, 0x00, 0x00, 0x00, 0x00, 0x00, 0x00, 0x00, 0x00, 0x00, 0x00, 0x00,
    0x00, 0x00, 0x00, 0x00, 0x00, 0x00, 0x00, 0x00, 0x00, 0x00, 0x00, 0x00, 0x00, 0x00, 0x00, 0x00,
    0x00, 0x00, 0x00, 0x00, 0x00, 0x00, 0x00, 0x00, 0x00, 0x00, 0x00, 0x00, 0x00, 0x00, 0x00, 0x00,
    0x00, 0x00, 0x00, 0x00, 0x00, 0x00, 0x00, 0x00, 0x00, 0x00, 0x00, 0x00, 0x00, 0x00, 0x00, 0x00,
    0x00, 0x00, 0x00, 0x00, 0x00, 0x00, 0x00, 0x00, 0x00, 0x00, 0x00, 0x00, 0x00, 0x00, 0x00, 0x00,
    0x00, 0x00, 0x00, 0x00, 0x00, 0x00, 0x00, 0x00, 0x00, 0x00, 0x00, 0x00, 0x00, 0x00, 0x00, 0x00,
    0x00, 0x00, 0x00, 0x00, 0x00, 0x00, 0x00, 0x00, 0x00, 0x00, 0x00, 0x00, 0x00, 0x00, 0x00, 0x00,
    0x00, 0x00, 0x00, 0x00, 0x00, 0x00, 0x00, 0x00, 0x00, 0x00, 0x00, 0x00, 0x00, 0x00, 0x00, 0x00,
    0x00, 0x00, 0x00, 0x00, 0x00, 0x00, 0x00, 0x00, 0x00, 0x00, 0x00, 0x00, 0x00, 0x00, 0x00, 0x00,
    0x00, 0x00, 0x00, 0x00, 0x00, 0x00, 0x00, 0x00, 0x00, 0x00, 0x00, 0x00, 0x00, 0x00, 0x00, 0x00,
    0x00, 0x00, 0x00, 0x00, 0x00, 0x00, 0x00, 0x00, 0x00, 0x00, 0x00, 0x00, 0x00, 0x00, 0x00, 0x00,
    0x00, 0x00, 0x00, 0x00, 0x00, 0x00, 0x00, 0x00, 0x00, 0x00, 0x00, 0x00, 0x00, 0x00, 0x00, 0x00,
    0x00, 0x00, 0x00, 0x00, 0x00, 0x00, 0x00, 0x00, 0x00, 0x00, 0x00, 0x00, 0x00, 0x00, 0x00, 0x00,
    0x00, 0x00, 0x00, 0x00, 0x00, 0x00, 0x00, 0x00, 0x00, 0x00, 0x00, 0x00, 0x00, 0x00, 0x00, 0x00,
    0x00, 0x00, 0x00, 0x00, 0x00, 0x00, 0x00, 0x00, 0x00, 0x00, 0x00, 0x00, 0x00, 0x00, 0x00, 0x00,
    0x00, 0x00, 0x00, 0x00, 0x00, 0x00, 0x00, 0x00, 0x00, 0x00, 0x00, 0x00, 0x00, 0x00, 0x00, 0x00,
    0x00, 0x00, 0x00, 0x00, 0x00, 0x00, 0x00, 0x00, 0x00, 0x00, 0x00, 0x00, 0x00, 0x00, 0x00, 0x00,
    0x00, 0x00, 0x00, 0x00, 0x00, 0x00, 0x00, 0x00, 0x00, 0x00, 0x00, 0x00, 0x00, 0x00, 0x00, 0x00,
    0x00, 0x00, 0x00, 0x00, 0x00, 0x00, 0x00, 0x00, 0x00, 0x00, 0x00, 0x00, 0x00, 0x00, 0x00, 0x00,
    0x00, 0x00, 0x00, 0x00, 0x00, 0x00, 0x00, 0x00, 0x00, 0x00, 0x00, 0x00, 0x00, 0x00, 0x00, 0x00,
    0x00, 0x00, 0x00, 0x00, 0x00, 0x00, 0x00, 0x00, 0x00, 0x00, 0x00, 0x00, 0x00, 0x00, 0x00, 0x00,
    0x00, 0x00, 0x00, 0x00, 0x00, 0x00, 0x00, 0x00, 0x00, 0x00, 0x00, 0x00, 0x00, 0x00, 0x00, 0x00,
    0x00, 0x00, 0x00, 0x00, 0x00, 0x00, 0x00, 0x00, 0x00, 0x00, 0x00, 0x00, 0x00, 0x00, 0x00, 0x00,
    0x00, 0x00, 0x00, 0x00, 0x00, 0x00, 0x00, 0x00, 0x00, 0x00, 0x00, 0x00, 0x00, 0x00, 0x00, 0x00,
    0x00, 0x00, 0x00, 0x00, 0x00, 0x00, 0x00, 0x00, 0x00, 0x00, 0x00, 0x00, 0x00, 0x00, 0x00, 0x00,
    0x00, 0x00, 0x00, 0x00, 0x00, 0x00, 0x00, 0x00, 0x00, 0x00, 0x00, 0x00, 0x00, 0x00, 0x00, 0x00,
    0x0d, 0x2b, 0x41, 0x3b, 0x0d, 0x2b, 0x42, 0xd0, 0x0d, 0x2b, 0x42, 0xe7, 0x0d, 0x2b, 0x42, 0xec,
    0x0d, 0x2b, 0x42, 0xd0, 0x0d, 0x2c, 0x43, 0xa1, 0x13, 0x4f, 0x75, 0x6b, 0x23, 0xa2, 0xea, 0x60,
    0x26, 0xa9, 0xf4, 0x79, 0x25, 0xa9, 0xf6, 0x89, 0x24, 0xab, 0xf5, 0x9a, 0x26, 0xad, 0xf5, 0xaa,
    0x26, 0xad, 0xf5, 0xaa, 0x25, 0xab, 0xf5, 0x9d, 0x24, 0xaa, 0xf5, 0x93, 0x25, 0xa8, 0xf4, 0x75,
    0x24, 0xa6, 0xf3, 0x56, 0x21, 0xa3, 0xf4, 0x2f, 0x40, 0xbf, 0xff, 0x04, 0x00, 0x00, 0x00, 0x00,
    0x00, 0x00, 0x00, 0x00, 0x00, 0x00, 0x00, 0x00, 0x00, 0x00, 0x00, 0x00, 0x00, 0x00, 0x00, 0x00,
    0x00, 0x00, 0x00, 0x00, 0x00, 0x00, 0x00, 0x00, 0x00, 0x00, 0x00, 0x00, 0x00, 0x00, 0x00, 0x00,
    0x00, 0x00, 0x00, 0x00, 0x00, 0x00, 0x00, 0x00, 0x00, 0x00, 0x00, 0x00, 0x00, 0x00, 0x00, 0x00,
    0x00, 0x00, 0x00, 0x00, 0x00, 0x00, 0x00, 0x00, 0x00, 0x00, 0x00, 0x00, 0x00, 0x00, 0x00, 0x00,
    0x00, 0x00, 0x00, 0x00, 0x00, 0x00, 0x00, 0x00, 0x00, 0x00, 0x00, 0x00, 0x00, 0x00, 0x00, 0x00,
    0x00, 0x00, 0x00, 0x00, 0x00, 0x00, 0x00, 0x00, 0x00, 0x00, 0x00, 0x00, 0x00, 0x00, 0x00, 0x00,
    0x00, 0x00, 0x00, 0x00, 0x00, 0x00, 0x00, 0x00, 0x00, 0x00, 0x00, 0x00, 0x00, 0x00, 0x00, 0x00,
    0x00, 0x00, 0x00, 0x00, 0x00, 0x00, 0x00, 0x00, 0x00, 0x00, 0x00, 0x00, 0x00, 0x00, 0x00, 0x00,
    0x00, 0x00, 0x00, 0x00, 0x00, 0x00, 0x00, 0x00, 0x00, 0x00, 0x00, 0x00, 0x00, 0x00, 0x00, 0x00,
    0x00, 0x00, 0x00, 0x00, 0x00, 0x00, 0x00, 0x00, 0x00, 0x00, 0x00, 0x00, 0x00, 0x00, 0x00, 0x00,
    0x00, 0x00, 0x00, 0x00, 0x00, 0x00, 0x00, 0x00, 0x00, 0x00, 0x00, 0x00, 0x00, 0x00, 0x00, 0x00,
    0x0d, 0x2b, 0x41, 0x8d, 0x0d, 0x2b, 0x42, 0xff, 0x0d, 0x2b, 0x42, 0xff, 0x0d, 0x2b, 0x42, 0xff,
    0x0d, 0x2b, 0x42, 0xff, 0x0d, 0x2b, 0x42, 0xff, 0x0d, 0x2b, 0x42, 0xff, 0x11, 0x41, 0x5f, 0xff,
    0x21, 0x90, 0xc4, 0xff, 0x29, 0xb8, 0xf6, 0xff, 0x29, 0xb9, 0xf6, 0xff, 0x29, 0xba, 0xf6, 0xff,
    0x29, 0xba, 0xf6, 0xff, 0x29, 0xb9, 0xf6, 0xff, 0x29, 0xb8, 0xf6, 0xff, 0x28, 0xb6, 0xf6, 0xff,
    0x28, 0xb4, 0xf6, 0xff, 0x27, 0xb1, 0xf5, 0xff, 0x26, 0xad, 0xf5, 0xf4, 0x25, 0xaa, 0xf4, 0xc2,
    0x24, 0xa4, 0xf4, 0x79, 0x24, 0xa0, 0xf3, 0x2b, 0x00, 0x00, 0x00, 0x00, 0x00, 0x00, 0x00, 0x00,
    0x00, 0x00, 0x00, 0x00, 0x00, 0x00, 0x00, 0x00, 0x00, 0x00, 0x00, 0x00, 0x00, 0x00, 0x00, 0x00,
    0x00, 0x00, 0x00, 0x00, 0x00, 0x00, 0x00, 0x00, 0x00, 0x00, 0x00, 0x00, 0x00, 0x00, 0x00, 0x00,
    0x00, 0x00, 0x00, 0x00, 0x00, 0x00, 0x00, 0x00, 0x00, 0x00, 0x00, 0x00, 0x00, 0x00, 0x00, 0x00,
    0x00, 0x00, 0x00, 0x00, 0x00, 0x00, 0x00, 0x00, 0x00, 0x00, 0x00, 0x00, 0x00, 0x00, 0x00, 0x00,
    0x00, 0x00, 0x00, 0x00, 0x00, 0x00, 0x00, 0x00, 0x00, 0x00, 0x00, 0x00, 0x00, 0x00, 0x00, 0x00,
    0x00, 0x00, 0x00, 0x00, 0x00, 0x00, 0x00, 0x00, 0x00, 0x00, 0x00, 0x00, 0x00, 0x00, 0x00, 0x00,
    0x00, 0x00, 0x00, 0x00, 0x00, 0x00, 0x00, 0x00, 0x00, 0x00, 0x00, 0x00, 0x00, 0x00, 0x00, 0x00,
    0x00, 0x00, 0x00, 0x00, 0x00, 0x00, 0x00, 0x00, 0x00, 0x00, 0x00, 0x00, 0x00, 0x00, 0x00, 0x00,
    0x00, 0x00, 0x00, 0x00, 0x00, 0x00, 0x00, 0x00, 0x00, 0x00, 0x00, 0x00, 0x00, 0x00, 0x00, 0x00,
    0x00, 0x00, 0x00, 0x00, 0x00, 0x00, 0x00, 0x00, 0x00, 0x00, 0x00, 0x00, 0x27, 0xa2, 0xf7, 0x21,
    0x20, 0x8f, 0xd6, 0x96, 0x16, 0x5d, 0x87, 0xf2, 0x14, 0x50, 0x74, 0xff, 0x11, 0x40, 0x5e, 0xff,
    0x0d, 0x2c, 0x43, 0xff, 0x0d, 0x2b, 0x42, 0xff, 0x0d, 0x2b, 0x42, 0xff, 0x0d, 0x2b, 0x42, 0xff,
    0x0d, 0x2b, 0x42, 0xff, 0x1a, 0x6f, 0x93, 0xff, 0x2b, 0xbf, 0xf6, 0xff, 0x2b, 0xc2, 0xf7, 0xff,
    0x2b, 0xc2, 0xf7, 0xff, 0x2b, 0xc1, 0xf7, 0xff, 0x2b, 0xc1, 0xf7, 0xff, 0x2b, 0xc1, 0xf7, 0xff,
    0x2b, 0xc0, 0xf7, 0xff, 0x2b, 0xbe, 0xf7, 0xff, 0x2a, 0xbb, 0xf6, 0xff, 0x29, 0xb7, 0xf6, 0xff,
    0x27, 0xb2, 0xf6, 0xff, 0x26, 0xad, 0xf5, 0xff, 0x25, 0xa8, 0xf5, 0xd4, 0x23, 0xa3, 0xf3, 0x6c,
    0x22, 0xaa, 0xee, 0x0f, 0x00, 0x00, 0x00, 0x00, 0x00, 0x00, 0x00, 0x00, 0x00, 0x00, 0x00, 0x00,
    0x00, 0x00, 0x00, 0x00, 0x00, 0x00, 0x00, 0x00, 0x00, 0x00, 0x00, 0x00, 0x00, 0x00, 0x00, 0x00,
    0x00, 0x00, 0x00, 0x00, 0x00, 0x00, 0x00, 0x00, 0x00, 0x00, 0x00, 0x00, 0x00, 0x00, 0x00, 0x00,
    0x00, 0x00, 0x00, 0x00, 0x00, 0x00, 0x00, 0x00, 0x00, 0x00, 0x00, 0x00, 0x00, 0x00, 0x00, 0x00,
    0x00, 0x00, 0x00, 0x00, 0x00, 0x00, 0x00, 0x00, 0x00, 0x00, 0x00, 0x00, 0x00, 0x00, 0x00, 0x00,
    0x00, 0x00, 0x00, 0x00, 0x00, 0x00, 0x00, 0x00, 0x00, 0x00, 0x00, 0x00, 0x00, 0x00, 0x00, 0x00,
    0x00, 0x00, 0x00, 0x00, 0x00, 0x00, 0x00, 0x00, 0x00, 0x00, 0x00, 0x00, 0x00, 0x00, 0x00, 0x00,
    0x00, 0x00, 0x00, 0x00, 0x00, 0x00, 0x00, 0x00, 0x00, 0x00, 0x00, 0x00, 0x00, 0x00, 0x00, 0x00,
    0x00, 0x00, 0x00, 0x00, 0x00, 0x00, 0x00, 0x00, 0x00, 0x00, 0x00, 0x00, 0x00, 0x00, 0x00, 0x00,
    0x00, 0x00, 0x00, 0x00, 0x20, 0x9f, 0xf7, 0x20, 0x23, 0xa4, 0xf4, 0x91, 0x25, 0xab, 0xf5, 0xf8,
    0x27, 0xb1, 0xf5, 0xff, 0x29, 0xb7, 0xf6, 0xff, 0x2a, 0xbc, 0xf7, 0xff, 0x2b, 0xc0, 0xf7, 0xff,
    0x28, 0xb2, 0xe5, 0xff, 0x1f, 0x85, 0xae, 0xff, 0x11, 0x42, 0x5d, 0xff, 0x0d, 0x2b, 0x42, 0xff,
    0x0d, 0x2b, 0x42, 0xff, 0x0d, 0x2b, 0x42, 0xff, 0x1a, 0x6d, 0x91, 0xff, 0x2c, 0xc4, 0xf8, 0xff,
    0x2c, 0xc4, 0xf8, 0xff, 0x2c, 0xc4, 0xf8, 0xff, 0x2c, 0xc4, 0xf8, 0xff, 0x2c, 0xc4, 0xf8, 0xff,
    0x2b, 0xc3, 0xf8, 0xff, 0x2b, 0xc2, 0xf7, 0xff, 0x2b, 0xc2, 0xf7, 0xff, 0x2b, 0xc1, 0xf7, 0xff,
    0x2b, 0xc0, 0xf7, 0xff, 0x2a, 0xba, 0xf6, 0xff, 0x28, 0xb5, 0xf6, 0xff, 0x26, 0xaf, 0xf5, 0xff,
    0x25, 0xa8, 0xf5, 0xf4, 0x24, 0xa1, 0xf4, 0x88, 0x20, 0x9f, 0xef, 0x10, 0x00, 0x00, 0x00, 0x00,
    0x00, 0x00, 0x00, 0x00, 0x00, 0x00, 0x00, 0x00, 0x00, 0x00, 0x00, 0x00, 0x00, 0x00, 0x00, 0x00,
    0x00, 0x00, 0x00, 0x00, 0x00, 0x00, 0x00, 0x00, 0x00, 0x00, 0x00, 0x00, 0x00, 0x00, 0x00, 0x00,
    0x00, 0x00, 0x00, 0x00, 0x00, 0x00, 0x00, 0x00, 0x00, 0x00, 0x00, 0x00, 0x00, 0x00, 0x00, 0x00,
    0x00, 0x00, 0x00, 0x00, 0x00, 0x00, 0x00, 0x00, 0x00, 0x00, 0x00, 0x00, 0x00, 0x00, 0x00, 0x00,
    0x00, 0x00, 0x00, 0x00, 0x00, 0x00, 0x00, 0x00, 0x00, 0x00, 0x00, 0x00, 0x00, 0x00, 0x00, 0x00,
    0x00, 0x00, 0x00, 0x00, 0x00, 0x00, 0x00, 0x00, 0x00, 0x00, 0x00, 0x00, 0x00, 0x00, 0x00, 0x00,
    0x00, 0x00, 0x00, 0x00, 0x00, 0x00, 0x00, 0x00, 0x00, 0x00, 0x00, 0x00, 0x00, 0x00, 0x00, 0x00,
    0x00, 0x00, 0x00, 0x00, 0x00, 0x00, 0x00, 0x00, 0x00, 0x00, 0x00, 0x00, 0x1c, 0x9c, 0xf1, 0x12,
    0x23, 0xa2, 0xf3, 0x9a, 0x25, 0xa8, 0xf5, 0xfb, 0x27, 0xb0, 0xf5, 0xff, 0x29, 0xb7, 0xf6, 0xff,
    0x2a, 0xbd, 0xf7, 0xff, 0x2b, 0xc1, 0xf7, 0xff, 0x2b, 0xc2, 0xf7, 0xff, 0x2b, 0xc3, 0xf8, 0xff,
    0x2c, 0xc4, 0xf8, 0xff, 0x2c, 0xc5, 0xf8, 0xff, 0x2b, 0xc4, 0xf6, 0xff, 0x1f, 0x88, 0xaf, 0xff,
    0x0e, 0x32, 0x4b, 0xff, 0x0d, 0x2b, 0x42, 0xff, 0x0d, 0x2b, 0x42, 0xff, 0x28, 0xb3, 0xe1, 0xff,
    0x2c, 0xc7, 0xf8, 0xff, 0x2c, 0xc7, 0xf8, 0xff, 0x2c, 0xc7, 0xf8, 0xff, 0x2c, 0xc6, 0xf8, 0xff,
    0x2c, 0xc6, 0xf8, 0xff, 0x2c, 0xc5, 0xf8, 0xff, 0x2c, 0xc4, 0xf8, 0xff, 0x2c, 0xc4, 0xf8, 0xff,
    0x2b, 0xc3, 0xf7, 0xff, 0x2b, 0xc1, 0xf7, 0xff, 0x2b, 0xc0, 0xf7, 0xff, 0x2a, 0xbb, 0xf7, 0xff,
    0x28, 0xb4, 0xf6, 0xff, 0x26, 0xad, 0xf5, 0xff, 0x24, 0xa6, 0xf4, 0xec, 0x23, 0xa2, 0xf4, 0x60,
    0x00, 0x00, 0x00, 0x00, 0x00, 0x00, 0x00, 0x00, 0x00, 0x00, 0x00, 0x00, 0x00, 0x00, 0x00, 0x00,
    0x00, 0x00, 0x00, 0x00, 0x00, 0x00, 0x00, 0x00, 0x00, 0x00, 0x00, 0x00, 0x00, 0x00, 0x00, 0x00,
    0x00, 0x00, 0x00, 0x00, 0x00, 0x00, 0x00, 0x00, 0x00, 0x00, 0x00, 0x00, 0x00, 0x00, 0x00, 0x00,
    0x00, 0x00, 0x00, 0x00, 0x00, 0x00, 0x00, 0x00, 0x00, 0x00, 0x00, 0x00, 0x00, 0x00, 0x00, 0x00,
    0x00, 0x00, 0x00, 0x00, 0x00, 0x00, 0x00, 0x00, 0x00, 0x00, 0x00, 0x00, 0x00, 0x00, 0x00, 0x00,
    0x00, 0x00, 0x00, 0x00, 0x00, 0x00, 0x00, 0x00, 0x00, 0x00, 0x00, 0x00, 0x00, 0x00, 0x00, 0x00,
    0x00, 0x00, 0x00, 0x00, 0x00, 0x00, 0x00, 0x00, 0x00, 0x00, 0x00, 0x00, 0x00, 0x00, 0x00, 0x00,
    0x00, 0x00, 0x00, 0x00, 0x00, 0x00, 0x00, 0x00, 0x24, 0xa1, 0xf5, 0x4f, 0x23, 0xa4, 0xf4, 0xe9,
    0x26, 0xac, 0xf5, 0xff, 0x28, 0xb4, 0xf6, 0xff, 0x2a, 0xbc, 0xf7, 0xff, 0x2b, 0xc1, 0xf7, 0xff,
    0x2b, 0xc2, 0xf7, 0xff, 0x2c, 0xc3, 0xf8, 0xff, 0x2c, 0xc4, 0xf8, 0xff, 0x2c, 0xc6, 0xf8, 0xff,
    0x2c, 0xc7, 0xf8, 0xff, 0x2c, 0xc7, 0xf8, 0xff, 0x2c, 0xc8, 0xf9, 0xff, 0x2c, 0xc9, 0xf9, 0xff,
    0x28, 0xb2, 0xdf, 0xff, 0x17, 0x5d, 0x7b, 0xff, 0x1a, 0x6f, 0x8f, 0xff, 0x2d, 0xc8, 0xf8, 0xff,
    0x2d, 0xca, 0xf9, 0xff, 0x2d, 0xca, 0xf9, 0xff, 0x2c, 0xca, 0xf9, 0xff, 0x2c, 0xc9, 0xf9, 0xff,
    0x2c, 0xc9, 0xf9, 0xff, 0x2c, 0xc8, 0xf8, 0xff, 0x2c, 0xc7, 0xf8, 0xff, 0x2c, 0xc6, 0xf8, 0xff,
    0x2c, 0xc5, 0xf8, 0xff, 0x2c, 0xc4, 0xf8, 0xff, 0x2b, 0xc3, 0xf8, 0xff, 0x2b, 0xc2, 0xf7, 0xff,
    0x2b, 0xc0, 0xf7, 0xff, 0x29, 0xb9, 0xf6, 0xff, 0x27, 0xb1, 0xf6, 0xff, 0x25, 0xa9, 0xf5, 0xff,
    0x23, 0xa2, 0xf4, 0xb8, 0x20, 0x9f, 0xf4, 0x18, 0x00, 0x00, 0x00, 0x00, 0x00, 0x00, 0x00, 0x00,
    0x00, 0x00, 0x00, 0x00, 0x00, 0x00, 0x00, 0x00, 0x00, 0x00, 0x00, 0x00, 0x00, 0x00, 0x00, 0x00,
    0x00, 0x00, 0x00, 0x00, 0x00, 0x00, 0x00, 0x00, 0x00, 0x00, 0x00, 0x00, 0x00, 0x00, 0x00, 0x00,
    0x00, 0x00, 0x00, 0x00, 0x00, 0x00, 0x00, 0x00, 0x00, 0x00, 0x00, 0x00, 0x00, 0x00, 0x00, 0x00,
    0x00, 0x00, 0x00, 0x00, 0x00, 0x00, 0x00, 0x00, 0x00, 0x00, 0x00, 0x00, 0x00, 0x00, 0x00, 0x00,
    0x00, 0x00, 0x00, 0x00, 0x00, 0x00, 0x00, 0x00, 0x00, 0x00, 0x00, 0x00, 0x00, 0x00, 0x00, 0x00,
    0x00, 0x00, 0x00, 0x00, 0x00, 0x00, 0x00, 0x00, 0x00, 0x00, 0x00, 0x00, 0x00, 0x00, 0x00, 0x00,
    0x00, 0x80, 0xff, 0x02, 0x24, 0xa1, 0xf4, 0x88, 0x24, 0xa6, 0xf4, 0xfe, 0x26, 0xaf, 0xf5, 0xff,
    0x29, 0xb7, 0xf6, 0xff, 0x2b, 0xc0, 0xf7, 0xff, 0x2b, 0xc2, 0xf7, 0xff, 0x2b, 0xc3, 0xf8, 0xff,
    0x2c, 0xc4, 0xf8, 0xff, 0x2c, 0xc6, 0xf8, 0xff, 0x2c, 0xc7, 0xf8, 0xff, 0x2c, 0xc8, 0xf9, 0xff,
    0x2c, 0xc9, 0xf9, 0xff, 0x2d, 0xca, 0xf9, 0xff, 0x2d, 0xcb, 0xf9, 0xff, 0x2d, 0xcc, 0xf9, 0xff,
    0x2d, 0xcc, 0xf9, 0xff, 0x2d, 0xcd, 0xf9, 0xff, 0x2d, 0xcd, 0xf9, 0xff, 0x2d, 0xcd, 0xf9, 0xff,
    0x2d, 0xcd, 0xf9, 0xff, 0x2d, 0xcd, 0xf9, 0xff, 0x2d, 0xcc, 0xf9, 0xff, 0x2c, 0xc8, 0xf5, 0xff,
    0x24, 0x9c, 0xc4, 0xff, 0x1b, 0x74, 0x94, 0xff, 0x17, 0x5b, 0x79, 0xff, 0x16, 0x56, 0x72, 0xff,
    0x16, 0x58, 0x76, 0xff, 0x1b, 0x72, 0x94, 0xff, 0x22, 0x94, 0xbd, 0xff, 0x2b, 0xc0, 0xf4, 0xff,
    0x2b, 0xc3, 0xf7, 0xff, 0x2b, 0xc1, 0xf7, 0xff, 0x2a, 0xbd, 0xf7, 0xff, 0x28, 0xb4, 0xf6, 0xff,
    0x26, 0xab, 0xf5, 0xff, 0x23, 0xa2, 0xf4, 0xe4, 0x25, 0xa2, 0xf6, 0x37, 0x00, 0x00, 0x00, 0x00,
    0x00, 0x00, 0x00, 0x00, 0x00, 0x00, 0x00, 0x00, 0x00, 0x00, 0x00, 0x00, 0x00, 0x00, 0x00, 0x00,
    0x00, 0x00, 0x00, 0x00, 0x00, 0x00, 0x00, 0x00, 0x00, 0x00, 0x00, 0x00, 0x00, 0x00, 0x00, 0x00,
    0x00, 0x00, 0x00, 0x00, 0x00, 0x00, 0x00, 0x00, 0x00, 0x00, 0x00, 0x00, 0x00, 0x00, 0x00, 0x00,
    0x00, 0x00, 0x00, 0x00, 0x00, 0x00, 0x00, 0x00, 0x00, 0x00, 0x00, 0x00, 0x00, 0x00, 0x00, 0x00,
    0x00, 0x00, 0x00, 0x00, 0x00, 0x00, 0x00, 0x00, 0x00, 0x00, 0x00, 0x00, 0x00, 0x00, 0x00, 0x00,
    0x00, 0x00, 0x00, 0x00, 0x00, 0x00, 0x00, 0x00, 0x00, 0x00, 0x00, 0x00, 0x2b, 0xaa, 0xff, 0x06,
    0x23, 0xa2, 0xf4, 0xa8, 0x24, 0xa7, 0xf4, 0xff, 0x27, 0xb0, 0xf5, 0xff, 0x29, 0xb9, 0xf6, 0xff,
    0x2b, 0xc0, 0xf7, 0xff, 0x2b, 0xc2, 0xf7, 0xff, 0x2c, 0xc4, 0xf8, 0xff, 0x2c, 0xc5, 0xf8, 0xff,
    0x2c, 0xc7, 0xf8, 0xff, 0x2b, 0xc4, 0xf5, 0xff, 0x20, 0x86, 0xac, 0xff, 0x1a, 0x6b, 0x8c, 0xff,
    0x1d, 0x7d, 0x9f, 0xff, 0x2b, 0xc2, 0xec, 0xff, 0x2d, 0xce, 0xfa, 0xff, 0x2d, 0xce, 0xfa, 0xff,
    0x2d, 0xcf, 0xfa, 0xff, 0x2d, 0xcf, 0xfa, 0xff, 0x2d, 0xd0, 0xfa, 0xff, 0x2d, 0xd0, 0xfa, 0xff,
    0x2d, 0xd0, 0xfa, 0xff, 0x2d, 0xd0, 0xfa, 0xff, 0x2d, 0xce, 0xf9, 0xff, 0x13, 0x49, 0x64, 0xff,
    0x0d, 0x2b, 0x42, 0xff, 0x0d, 0x2b, 0x42, 0xff, 0x0d, 0x2b, 0x42, 0xff, 0x0d, 0x2b, 0x42, 0xff,
    0x0d, 0x2b, 0x42, 0xff, 0x0d, 0x2b, 0x42, 0xff, 0x0d, 0x2b, 0x42, 0xff, 0x10, 0x3a, 0x53, 0xff,
    0x1f, 0x83, 0xa9, 0xff, 0x2c, 0xc1, 0xf7, 0xff, 0x2b, 0xc2, 0xf7, 0xff, 0x2b, 0xbf, 0xf7, 0xff,
    0x28, 0xb6, 0xf6, 0xff, 0x26, 0xad, 0xf5, 0xff, 0x23, 0xa3, 0xf4, 0xf7, 0x22, 0xa2, 0xf5, 0x4a,
    0x00, 0x00, 0x00, 0x00, 0x00, 0x00, 0x00, 0x00, 0x00, 0x00, 0x00, 0x00, 0x00, 0x00, 0x00, 0x00,
    0x00, 0x00, 0x00, 0x00, 0x00, 0x00, 0x00, 0x00, 0x00, 0x00, 0x00, 0x00, 0x00, 0x00, 0x00, 0x00,
    0x00, 0x00, 0x00, 0x00, 0x00, 0x00, 0x00, 0x00, 0x00, 0x00, 0x00, 0x00, 0x00, 0x00, 0x00, 0x00,
    0x00, 0x00, 0x00, 0x00, 0x00, 0x00, 0x00, 0x00, 0x00, 0x00, 0x00, 0x00, 0x00, 0x00, 0x00, 0x00,
    0x00, 0x00, 0x00, 0x00, 0x00, 0x00, 0x00, 0x00, 0x00, 0x00, 0x00, 0x00, 0x00, 0x00, 0x00, 0x00,
    0x00, 0x00, 0x00, 0x00, 0x00, 0x00, 0x00, 0x00, 0x40, 0xbf, 0xff, 0x04, 0x23, 0xa2, 0xf3, 0xb0,
    0x24, 0xa6, 0xf4, 0xff, 0x27, 0xb1, 0xf5, 0xff, 0x29, 0xba, 0xf6, 0xff, 0x2b, 0xc1, 0xf7, 0xff,
    0x2b, 0xc3, 0xf7, 0xff, 0x2c, 0xc4, 0xf8, 0xff, 0x2c, 0xc6, 0xf8, 0xff, 0x2c, 0xc8, 0xf8, 0xff,
    0x29, 0xbb, 0xe9, 0xff, 0x13, 0x4b, 0x67, 0xff, 0x12, 0x37, 0x52, 0xff, 0x10, 0x33, 0x4c, 0xff,
    0x0d, 0x2b, 0x42, 0xff, 0x11, 0x3d, 0x56, 0xff, 0x27, 0xb1, 0xd7, 0xff, 0x2e, 0xd1, 0xfa, 0xff,
    0x2e, 0xd2, 0xfa, 0xff, 0x2e, 0xd2, 0xfa, 0xff, 0x2e, 0xd2, 0xfa, 0xff, 0x2e, 0xd3, 0xfa, 0xff,
    0x2e, 0xd3, 0xfa, 0xff, 0x2e, 0xd2, 0xfa, 0xff, 0x2e, 0xd1, 0xf9, 0xff, 0x11, 0x41, 0x5a, 0xff,
    0x0d, 0x2b, 0x42, 0xff, 0x0d, 0x2b, 0x42, 0xff, 0x0d, 0x2b, 0x42, 0xff, 0x0d, 0x2b, 0x42, 0xff,
    0x0d, 0x2b, 0x42, 0xff, 0x0d, 0x2b, 0x42, 0xff, 0x0d, 0x2b, 0x42, 0xff, 0x0d, 0x2b, 0x42, 0xff,
    0x0d, 0x2b, 0x42, 0xff, 0x15, 0x51, 0x6e, 0xff, 0x2b, 0xbe, 0xf0, 0xff, 0x2b, 0xc2, 0xf7, 0xff,
    0x2b, 0xc0, 0xf7, 0xff, 0x29, 0xb7, 0xf6, 0xff, 0x26, 0xad, 0xf5, 0xff, 0x23, 0xa3, 0xf4, 0xf8,
    0x22, 0xa1, 0xf5, 0x4c, 0x00, 0x00, 0x00, 0x00, 0x00, 0x00, 0x00, 0x00, 0x00, 0x00, 0x00, 0x00,
    0x00, 0x00, 0x00, 0x00, 0x00, 0x00, 0x00, 0x00, 0x00, 0x00, 0x00, 0x00, 0x00, 0x00, 0x00, 0x00,
    0x00, 0x00, 0x00, 0x00, 0x00, 0x00, 0x00, 0x00, 0x00, 0x00, 0x00, 0x00, 0x00, 0x00, 0x00, 0x00,
    0x00, 0x00, 0x00, 0x00, 0x00, 0x00, 0x00, 0x00, 0x00, 0x00, 0x00, 0x00, 0x00, 0x00, 0x00, 0x00,
    0x00, 0x00, 0x00, 0x00, 0x00, 0x00, 0x00, 0x00, 0x00, 0x00, 0x00, 0x00, 0x00, 0x00, 0x00, 0x00,
    0x00, 0x00, 0x00, 0x00, 0x00, 0x00, 0x00, 0x00, 0x24, 0xa1, 0xf4, 0x9e, 0x24, 0xa5, 0xf4, 0xff,
    0x27, 0xb0, 0xf5, 0xff, 0x29, 0xba, 0xf6, 0xff, 0x2b, 0xc1, 0xf7, 0xff, 0x2b, 0xc3, 0xf8, 0xff,
    0x2c, 0xc5, 0xf8, 0xff, 0x2c, 0xc7, 0xf8, 0xff, 0x2c, 0xc8, 0xf9, 0xff, 0x2d, 0xca, 0xf9, 0xff,
    0x18, 0x61, 0x7f, 0xff, 0x13, 0x39, 0x55, 0xff, 0x24, 0x60, 0x88, 0xff, 0x21, 0x5a, 0x80, 0xff,
    0x0d, 0x2b, 0x42, 0xff, 0x0d, 0x2b, 0x42, 0xff, 0x12, 0x45, 0x5f, 0xff, 0x2e, 0xd2, 0xfa, 0xff,
    0x2e, 0xd5, 0xfb, 0xff, 0x2e, 0xd5, 0xfb, 0xff, 0x2e, 0xd5, 0xfb, 0xff, 0x2e, 0xd5, 0xfb, 0xff,
    0x2e, 0xd5, 0xfb, 0xff, 0x2e, 0xd5, 0xfb, 0xff, 0x2e, 0xd5, 0xfb, 0xff, 0x2a, 0xc3, 0xe8, 0xff,
    0x26, 0xaa, 0xce, 0xff, 0x29, 0xb8, 0xde, 0xff, 0x2c, 0xc6, 0xed, 0xff, 0x2b, 0xc3, 0xea, 0xff,
    0x28, 0xb6, 0xdd, 0xff, 0x21, 0x92, 0xb6, 0xff, 0x19, 0x67, 0x86, 0xff, 0x0e, 0x31, 0x49, 0xff,
    0x0d, 0x2b, 0x42, 0xff, 0x0d, 0x2b, 0x42, 0xff, 0x26, 0xa5, 0xd1, 0xff, 0x2c, 0xc4, 0xf8, 0xff,
    0x2b, 0xc2, 0xf7, 0xff, 0x2b, 0xc0, 0xf7, 0xff, 0x28, 0xb7, 0xf6, 0xff, 0x26, 0xac, 0xf5, 0xff,
    0x23, 0xa2, 0xf4, 0xf7, 0x22, 0xa2, 0xf5, 0x34, 0x00, 0x00, 0x00, 0x00, 0x00, 0x00, 0x00, 0x00,
    0x00, 0x00, 0x00, 0x00, 0x00, 0x00, 0x00, 0x00, 0x00, 0x00, 0x00, 0x00, 0x00, 0x00, 0x00, 0x00,
    0x00, 0x00, 0x00, 0x00, 0x00, 0x00, 0x00, 0x00, 0x00, 0x00, 0x00, 0x00, 0x00, 0x00, 0x00, 0x00,
    0x00, 0x00, 0x00, 0x00, 0x00, 0x00, 0x00, 0x00, 0x00, 0x00, 0x00, 0x00, 0x00, 0x00, 0x00, 0x00,
    0x00, 0x00, 0x00, 0x00, 0x00, 0x00, 0x00, 0x00, 0x00, 0x00, 0x00, 0x00, 0x00, 0x00, 0x00, 0x00,
    0x00, 0x00, 0x00, 0x00, 0x22, 0xa3, 0xf4, 0x6f, 0x23, 0xa3, 0xf4, 0xff, 0x26, 0xae, 0xf5, 0xff,
    0x29, 0xb9, 0xf6, 0xff, 0x2b, 0xc1, 0xf7, 0xff, 0x2b, 0xc3, 0xf8, 0xff, 0x2c, 0xc5, 0xf8, 0xff,
    0x2c, 0xc7, 0xf8, 0xff, 0x2c, 0xc9, 0xf9, 0xff, 0x2d, 0xcb, 0xf9, 0xff, 0x2c, 0xc6, 0xf2, 0xff,
    0x0e, 0x2e, 0x46, 0xff, 0x15, 0x3d, 0x59, 0xff, 0x24, 0x60, 0x89, 0xff, 0x1c, 0x4e, 0x71, 0xff,
    0x0d, 0x2b, 0x42, 0xff, 0x0d, 0x2b, 0x42, 0xff, 0x0d, 0x2b, 0x42, 0xff, 0x28, 0xb4, 0xd5, 0xff,
    0x2f, 0xd7, 0xfb, 0xff, 0x2f, 0xd8, 0xfb, 0xff, 0x2f, 0xd8, 0xfc, 0xff, 0x2f, 0xd8, 0xfc, 0xff,
    0x2f, 0xd8, 0xfc, 0xff, 0x2f, 0xd8, 0xfc, 0xff, 0x2f, 0xd8, 0xfb, 0xff, 0x2f, 0xd7, 0xfb, 0xff,
    0x2e, 0xd6, 0xfb, 0xff, 0x2e, 0xd6, 0xfb, 0xff, 0x2e, 0xd5, 0xfb, 0xff, 0x2e, 0xd3, 0xfb, 0xff,
    0x2e, 0xd2, 0xfa, 0xff, 0x2e, 0xd1, 0xfa, 0xff, 0x2d, 0xcf, 0xfa, 0xff, 0x2b, 0xc2, 0xed, 0xff,
    0x1f, 0x86, 0xaa, 0xff, 0x20, 0x89, 0xaf, 0xff, 0x2c, 0xc7, 0xf8, 0xff, 0x2c, 0xc6, 0xf8, 0xff,
    0x2c, 0xc4, 0xf8, 0xff, 0x2b, 0xc2, 0xf7, 0xff, 0x2b, 0xc0, 0xf7, 0xff, 0x28, 0xb5, 0xf6, 0xff,
    0x25, 0xaa, 0xf5, 0xff, 0x23, 0xa2, 0xf4, 0xe6, 0x27, 0xa7, 0xf5, 0x1a, 0x00, 0x00, 0x00, 0x00,
    0x00, 0x00, 0x00, 0x00, 0x00, 0x00, 0x00, 0x00, 0x00, 0x00, 0x00, 0x00, 0x00, 0x00, 0x00, 0x00,
    0x00, 0x00, 0x00, 0x00, 0x00, 0x00, 0x00, 0x00, 0x00, 0x00, 0x00, 0x00, 0x00, 0x00, 0x00, 0x00,
    0x00, 0x00, 0x00, 0x00, 0x00, 0x00, 0x00, 0x00, 0x00, 0x00, 0x00, 0x00, 0x00, 0x00, 0x00, 0x00,
    0x00, 0x00, 0x00, 0x00, 0x00, 0x00, 0x00, 0x00, 0x00, 0x00, 0x00, 0x00, 0x00, 0x00, 0x00, 0x00,
    0x21, 0xa3, 0xf4, 0x2f, 0x23, 0xa2, 0xf4, 0xfa, 0x25, 0xab, 0xf5, 0xff, 0x29, 0xb7, 0xf6, 0xff,
    0x2b, 0xc0, 0xf7, 0xff, 0x2b, 0xc3, 0xf7, 0xff, 0x2c, 0xc5, 0xf8, 0xff, 0x2c, 0xc7, 0xf8, 0xff,
    0x2c, 0xc9, 0xf9, 0xff, 0x2d, 0xcb, 0xf9, 0xff, 0x2d, 0xcd, 0xf9, 0xff, 0x28, 0xb7, 0xe0, 0xff,
    0x0d, 0x2b, 0x42, 0xff, 0x0d, 0x2b, 0x42, 0xff, 0x10, 0x33, 0x4c, 0xff, 0x0d, 0x2b, 0x43, 0xff,
    0x0d, 0x2b, 0x42, 0xff, 0x0d, 0x2b, 0x42, 0xff, 0x0d, 0x2b, 0x42, 0xff, 0x23, 0x9f, 0xbe, 0xff,
    0x2f, 0xda, 0xfc, 0xff, 0x2f, 0xdb, 0xfc, 0xff, 0x2f, 0xdb, 0xfc, 0xff, 0x2f, 0xdb, 0xfc, 0xff,
    0x2f, 0xdb, 0xfc, 0xff, 0x2f, 0xdb, 0xfc, 0xff, 0x2f, 0xda, 0xfc, 0xff, 0x2f, 0xda, 0xfc, 0xff,
    0x2f, 0xd9, 0xfc, 0xff, 0x2f, 0xd8, 0xfc, 0xff, 0x2d, 0xcc, 0xee, 0xff, 0x24, 0xa3, 0xc4, 0xff,
    0x25, 0xa8, 0xca, 0xff, 0x2d, 0xce, 0xf6, 0xff, 0x2e, 0xd1, 0xfa, 0xff, 0x2d, 0xd0, 0xfa, 0xff,
    0x2d, 0xce, 0xfa, 0xff, 0x2d, 0xcc, 0xf9, 0xff, 0x2d, 0xca, 0xf9, 0xff, 0x2c, 0xc8, 0xf9, 0xff,
    0x2c, 0xc6, 0xf8, 0xff, 0x2c, 0xc4, 0xf8, 0xff, 0x2b, 0xc2, 0xf7, 0xff, 0x2a, 0xbe, 0xf7, 0xff,
    0x27, 0xb3, 0xf6, 0xff, 0x24, 0xa7, 0xf5, 0xff, 0x1f, 0xa0, 0xf1, 0xbb, 0x00, 0xff, 0xff, 0x01,
    0x00, 0x00, 0x00, 0x00, 0x00, 0x00, 0x00, 0x00, 0x00, 0x00, 0x00, 0x00, 0x00, 0x00, 0x00, 0x00,
    0x00, 0x00, 0x00, 0x00, 0x00, 0x00, 0x00, 0x00, 0x00, 0x00, 0x00, 0x00, 0x00, 0x00, 0x00, 0x00,
    0x00, 0x00, 0x00, 0x00, 0x00, 0x00, 0x00, 0x00, 0x00, 0x00, 0x00, 0x00, 0x00, 0x00, 0x00, 0x00,
    0x00, 0x00, 0x00, 0x00, 0x00, 0x00, 0x00, 0x00, 0x00, 0x00, 0x00, 0x00, 0x00, 0xaa, 0xff, 0x03,
    0x23, 0xa2, 0xf4, 0xca, 0x24, 0xa7, 0xf5, 0xff, 0x28, 0xb3, 0xf6, 0xff, 0x2b, 0xbf, 0xf7, 0xff,
    0x2b, 0xc2, 0xf7, 0xff, 0x2c, 0xc4, 0xf8, 0xff, 0x2c, 0xc7, 0xf8, 0xff, 0x2c, 0xc9, 0xf9, 0xff,
    0x2d, 0xcb, 0xf9, 0xff, 0x2d, 0xcd, 0xf9, 0xff, 0x2d, 0xcf, 0xfa, 0xff, 0x2a, 0xbf, 0xe6, 0xff,
    0x0d, 0x2b, 0x42, 0xff, 0x0d, 0x2b, 0x42, 0xff, 0x0d, 0x2b, 0x42, 0xff, 0x0d, 0x2b, 0x42, 0xff,
    0x0d, 0x2b, 0x42, 0xff, 0x0d, 0x2b, 0x42, 0xff, 0x0d, 0x2b, 0x42, 0xff, 0x25, 0xa7, 0xc5, 0xff,
    0x30, 0xdd, 0xfc, 0xff, 0x30, 0xdd, 0xfd, 0xff, 0x30, 0xde, 0xfd, 0xff, 0x30, 0xde, 0xfd, 0xff,
    0x30, 0xde, 0xfd, 0xff, 0x30, 0xde, 0xfd, 0xff, 0x30, 0xdd, 0xfc, 0xff, 0x2f, 0xdd, 0xfc, 0xff,
    0x2f, 0xdc, 0xfc, 0xff, 0x24, 0xa3, 0xc2, 0xff, 0x11, 0x3b, 0x56, 0xff, 0x11, 0x36, 0x50, 0xff,
    0x0d, 0x2b, 0x42, 0xff, 0x12, 0x45, 0x5f, 0xff, 0x28, 0xb5, 0xd9, 0xff, 0x2e, 0xd2, 0xfa, 0xff,
    0x2e, 0xd0, 0xfa, 0xff, 0x2d, 0xce, 0xfa, 0xff, 0x2d, 0xcc, 0xf9, 0xff, 0x2d, 0xca, 0xf9, 0xff,
    0x2c, 0xc8, 0xf8, 0xff, 0x2c, 0xc6, 0xf8, 0xff, 0x2c, 0xc4, 0xf8, 0xff, 0x2b, 0xc1, 0xf7, 0xff,
    0x2a, 0xbb, 0xf6, 0xff, 0x27, 0xaf, 0xf5, 0xff, 0x23, 0xa3, 0xf4, 0xff, 0x15, 0x9b, 0xf0, 0x7a,
    0x00, 0x00, 0x00, 0x00, 0x00, 0x00, 0x00, 0x00, 0x00, 0x00, 0x00, 0x00, 0x00, 0x00, 0x00, 0x00,
    0x00, 0x00, 0x00, 0x00, 0x00, 0x00, 0x00, 0x00, 0x00, 0x00, 0x00, 0x00, 0x00, 0x00, 0x00, 0x00,
    0x00, 0x00, 0x00, 0x00, 0x00, 0x00, 0x00, 0x00, 0x00, 0x00, 0x00, 0x00, 0x00, 0x00, 0x00, 0x00,
    0x00, 0x00, 0x00, 0x00, 0x00, 0x00, 0x00, 0x00, 0x00, 0x00, 0x00, 0x00, 0x23, 0xa2, 0xf4, 0x60,
    0x23, 0xa3, 0xf4, 0xff, 0x26, 0xaf, 0xf5, 0xff, 0x2a, 0xbb, 0xf6, 0xff, 0x2b, 0xc1, 0xf7, 0xff,
    0x2c, 0xc4, 0xf8, 0xff, 0x2c, 0xc6, 0xf8, 0xff, 0x2c, 0xc8, 0xf9, 0xff, 0x2d, 0xcb, 0xf9, 0xff,
    0x2d, 0xcd, 0xf9, 0xff, 0x2d, 0xcf, 0xfa, 0xff, 0x2e, 0xd1, 0xfa, 0xff, 0x2e, 0xd2, 0xfa, 0xff,
    0x11, 0x3d, 0x56, 0xff, 0x0d, 0x2b, 0x42, 0xff, 0x0d, 0x2b, 0x42, 0xff, 0x0d, 0x2b, 0x42, 0xff,
    0x0d, 0x2b, 0x42, 0xff, 0x0d, 0x2b, 0x42, 0xff, 0x0e, 0x2d, 0x44, 0xff, 0x2c, 0xce, 0xeb, 0xff,
    0x30, 0xe0, 0xfd, 0xff, 0x30, 0xe0, 0xfd, 0xff, 0x30, 0xe0, 0xfd, 0xff, 0x30, 0xe0, 0xfd, 0xff,
    0x30, 0xe0, 0xfd, 0xff, 0x30, 0xe0, 0xfd, 0xff, 0x30, 0xe0, 0xfd, 0xff, 0x30, 0xdf, 0xfd, 0xff,
    0x28, 0xb7, 0xd3, 0xff, 0x0f, 0x30, 0x48, 0xff, 0x22, 0x5b, 0x83, 0xff, 0x24, 0x60, 0x88, 0xff,
    0x11, 0x33, 0x4d, 0xff, 0x0d, 0x2b, 0x42, 0xff, 0x10, 0x39, 0x52, 0xff, 0x2c, 0xc8, 0xee, 0xff,
    0x2e, 0xd2, 0xfa, 0xff, 0x2e, 0xd0, 0xfa, 0xff, 0x2d, 0xce, 0xfa, 0xff, 0x2d, 0xcc, 0xf9, 0xff,
    0x2d, 0xca, 0xf9, 0xff, 0x2c, 0xc8, 0xf8, 0xff, 0x2c, 0xc5, 0xf8, 0xff, 0x2b, 0xc3, 0xf8, 0xff,
    0x2b, 0xc0, 0xf7, 0xff, 0x28, 0xb7, 0xf6, 0xff, 0x25, 0xab, 0xf5, 0xff, 0x1b, 0x9e, 0xf1, 0xec,
    0x0c, 0x97, 0xf3, 0x16, 0x00, 0x00, 0x00, 0x00, 0x00, 0x00, 0x00, 0x00, 0x00, 0x00, 0x00, 0x00,
    0x00, 0x00, 0x00, 0x00, 0x00, 0x00, 0x00, 0x00, 0x00, 0x00, 0x00, 0x00, 0x00, 0x00, 0x00, 0x00,
    0x00, 0x00, 0x00, 0x00, 0x00, 0x00, 0x00, 0x00, 0x00, 0x00, 0x00, 0x00, 0x00, 0x00, 0x00, 0x00,
    0x00, 0x00, 0x00, 0x00, 0x00, 0x00, 0x00, 0x00, 0x33, 0x99, 0xff, 0x05, 0x22, 0xa2, 0xf4, 0xde,
    0x25, 0xa9, 0xf5, 0xff, 0x28, 0xb6, 0xf6, 0xff, 0x2b, 0xc0, 0xf7, 0xff, 0x2b, 0xc3, 0xf8, 0xff,
    0x2c, 0xc5, 0xf8, 0xff, 0x2c, 0xc8, 0xf8, 0xff, 0x2d, 0xca, 0xf9, 0xff, 0x2d, 0xcc, 0xf9, 0xff,
    0x2d, 0xcf, 0xfa, 0xff, 0x2e, 0xd1, 0xfa, 0xff, 0x2e, 0xd3, 0xfb, 0xff, 0x2e, 0xd5, 0xfb, 0xff,
    0x21, 0x91, 0xb1, 0xff, 0x0d, 0x2b, 0x42, 0xff, 0x0d, 0x2b, 0x42, 0xff, 0x0d, 0x2b, 0x42, 0xff,
    0x0d, 0x2b, 0x42, 0xff, 0x0d, 0x2b, 0x42, 0xff, 0x1c, 0x75, 0x8f, 0xff, 0x30, 0xe0, 0xfd, 0xff,
    0x30, 0xe0, 0xfd, 0xff, 0x30, 0xe0, 0xfd, 0xff, 0x30, 0xe0, 0xfd, 0xff, 0x30, 0xe0, 0xfd, 0xff,
    0x30, 0xe0, 0xfd, 0xff, 0x30, 0xe0, 0xfd, 0xff, 0x30, 0xe0, 0xfd, 0xff, 0x30, 0xe0, 0xfd, 0xff,
    0x19, 0x6b, 0x84, 0xff, 0x0f, 0x2f, 0x48, 0xff, 0x23, 0x5e, 0x87, 0xff, 0x22, 0x5b, 0x82, 0xff,
    0x0e, 0x2e, 0x47, 0xff, 0x0d, 0x2b, 0x42, 0xff, 0x0d, 0x2b, 0x42, 0xff, 0x20, 0x8d, 0xac, 0xff,
    0x2e, 0xd4, 0xfb, 0xff, 0x2e, 0xd2, 0xfa, 0xff, 0x2e, 0xd0, 0xfa, 0xff, 0x2d, 0xce, 0xfa, 0xff,
    0x2d, 0xcc, 0xf9, 0xff, 0x2c, 0xc9, 0xf9, 0xff, 0x2c, 0xc7, 0xf8, 0xff, 0x2c, 0xc4, 0xf8, 0xff,
    0x2b, 0xc2, 0xf7, 0xff, 0x2a, 0xbe, 0xf7, 0xff, 0x27, 0xb1, 0xf6, 0xff, 0x24, 0xa5, 0xf4, 0xff,
    0x10, 0x97, 0xef, 0x9f, 0x00, 0x00, 0x00, 0x00, 0x00, 0x00, 0x00, 0x00, 0x00, 0x00, 0x00, 0x00,
    0x00, 0x00, 0x00, 0x00, 0x00, 0x00, 0x00, 0x00, 0x00, 0x00, 0x00, 0x00, 0x00, 0x00, 0x00, 0x00,
    0x00, 0x00, 0x00, 0x00, 0x00, 0x00, 0x00, 0x00, 0x00, 0x00, 0x00, 0x00, 0x00, 0x00, 0x00, 0x00,
    0x00, 0x00, 0x00, 0x00, 0x00, 0x00, 0x00, 0x00, 0x23, 0xa1, 0xf3, 0x57, 0x23, 0xa3, 0xf4, 0xff,
    0x27, 0xb0, 0xf5, 0xff, 0x2a, 0xbc, 0xf7, 0xff, 0x2b, 0xc2, 0xf7, 0xff, 0x2c, 0xc4, 0xf8, 0xff,
    0x2c, 0xc7, 0xf8, 0xff, 0x2c, 0xc9, 0xf9, 0xff, 0x2d, 0xcc, 0xf9, 0xff, 0x2d, 0xce, 0xfa, 0xff,
    0x2e, 0xd0, 0xfa, 0xff, 0x2e, 0xd3, 0xfa, 0xff, 0x2e, 0xd5, 0xfb, 0xff, 0x2f, 0xd7, 0xfb, 0xff,
    0x2f, 0xd9, 0xfc, 0xff, 0x22, 0x96, 0xb3, 0xff, 0x0e, 0x34, 0x4c, 0xff, 0x0d, 0x2b, 0x42, 0xff,
    0x0e, 0x2e, 0x45, 0xff, 0x1e, 0x80, 0x9a, 0xff, 0x2f, 0xdd, 0xf9, 0xff, 0x30, 0xe0, 0xfd, 0xff,
    0x30, 0xe0, 0xfd, 0xff, 0x30, 0xe0, 0xfd, 0xff, 0x30, 0xe0, 0xfd, 0xff, 0x30, 0xe0, 0xfd, 0xff,
    0x30, 0xe0, 0xfd, 0xff, 0x30, 0xe0, 0xfd, 0xff, 0x30, 0xe0, 0xfd, 0xff, 0x30, 0xe0, 0xfd, 0xff,
    0x13, 0x4b, 0x63, 0xff, 0x0d, 0x2b, 0x42, 0xff, 0x10, 0x31, 0x4a, 0xff, 0x0f, 0x2f, 0x47, 0xff,
    0x0d, 0x2b, 0x42, 0xff, 0x0d, 0x2b, 0x42, 0xff, 0x0d, 0x2b, 0x42, 0xff, 0x1a, 0x6f, 0x8b, 0xff,
    0x2e, 0xd6, 0xfb, 0xff, 0x2e, 0xd4, 0xfb, 0xff, 0x2e, 0xd2, 0xfa, 0xff, 0x2d, 0xcf, 0xfa, 0xff,
    0x2d, 0xcd, 0xf9, 0xff, 0x2d, 0xcb, 0xf9, 0xff, 0x2c, 0xc8, 0xf9, 0xff, 0x2c, 0xc6, 0xf8, 0xff,
    0x2c, 0xc3, 0xf8, 0xff, 0x2b, 0xc1, 0xf7, 0xff, 0x29, 0xb8, 0xf6, 0xff, 0x25, 0xab, 0xf5, 0xff,
    0x13, 0x9b, 0xf1, 0xef, 0x14, 0x89, 0xeb, 0x0d, 0x00, 0x00, 0x00, 0x00, 0x00, 0x00, 0x00, 0x00,
    0x00, 0x00, 0x00, 0x00, 0x00, 0x00, 0x00, 0x00, 0x00, 0x00, 0x00, 0x00, 0x00, 0x00, 0x00, 0x00,
    0x00, 0x00, 0x00, 0x00, 0x00, 0x00, 0x00, 0x00, 0x00, 0x00, 0x00, 0x00, 0x00, 0x00, 0x00, 0x00,
    0x00, 0x00, 0x00, 0x00, 0x00, 0x00, 0x00, 0x00, 0x23, 0xa2, 0xf4, 0xbf, 0x25, 0xa8, 0xf5, 0xff,
    0x28, 0xb5, 0xf6, 0xff, 0x2b, 0xc0, 0xf7, 0xff, 0x2b, 0xc3, 0xf8, 0xff, 0x2c, 0xc6, 0xf8, 0xff,
    0x2c, 0xc8, 0xf9, 0xff, 0x2d, 0xcb, 0xf9, 0xff, 0x2d, 0xcd, 0xf9, 0xff, 0x2d, 0xd0, 0xfa, 0xff,
    0x2e, 0xd2, 0xfa, 0xff, 0x2e, 0xd4, 0xfb, 0xff, 0x2f, 0xd7, 0xfb, 0xff, 0x2f, 0xd9, 0xfc, 0xff,
    0x2f, 0xdb, 0xfc, 0xff, 0x30, 0xdd, 0xfc, 0xff, 0x2f, 0xd8, 0xf6, 0xff, 0x2a, 0xc0, 0xdc, 0xff,
    0x2e, 0xd5, 0xf1, 0xff, 0x30, 0xe0, 0xfd, 0xff, 0x30, 0xe0, 0xfd, 0xff, 0x30, 0xe0, 0xfd, 0xff,
    0x30, 0xe0, 0xfd, 0xff, 0x30, 0xe0, 0xfd, 0xff, 0x30, 0xe0, 0xfd, 0xff, 0x30, 0xe0, 0xfd, 0xff,
    0x30, 0xe0, 0xfd, 0xff, 0x30, 0xe0, 0xfd, 0xff, 0x30, 0xe0, 0xfd, 0xff, 0x30, 0xe0, 0xfd, 0xff,
    0x13, 0x48, 0x60, 0xff, 0x0d, 0x2b, 0x42, 0xff, 0x0d, 0x2b, 0x42, 0xff, 0x0d, 0x2b, 0x42, 0xff,
    0x0d, 0x2b, 0x42, 0xff, 0x0d, 0x2b, 0x42, 0xff, 0x0d, 0x2b, 0x42, 0xff, 0x1a, 0x6e, 0x89, 0xff,
    0x2f, 0xd8, 0xfb, 0xff, 0x2e, 0xd6, 0xfb, 0xff, 0x2e, 0xd3, 0xfb, 0xff, 0x2e, 0xd1, 0xfa, 0xff,
    0x2d, 0xcf, 0xfa, 0xff, 0x2d, 0xcc, 0xf9, 0xff, 0x2d, 0xca, 0xf9, 0xff, 0x2c, 0xc7, 0xf8, 0xff,
    0x2c, 0xc5, 0xf8, 0xff, 0x2b, 0xc2, 0xf7, 0xff, 0x2a, 0xbe, 0xf7, 0xff, 0x27, 0xb1, 0xf5, 0xff,
    0x1e, 0xa1, 0xf3, 0xff, 0x0d, 0x95, 0xf0, 0x8c, 0x00, 0x00, 0x00, 0x00, 0x00, 0x00, 0x00, 0x00,
    0x00, 0x00, 0x00, 0x00, 0x00, 0x00, 0x00, 0x00, 0x00, 0x00, 0x00, 0x00, 0x00, 0x00, 0x00, 0x00,
    0x00, 0x00, 0x00, 0x00, 0x00, 0x00, 0x00, 0x00, 0x00, 0x00, 0x00, 0x00, 0x00, 0x00, 0x00, 0x00,
    0x00, 0x00, 0x00, 0x00, 0x26, 0xa1, 0xf6, 0x1b, 0x23, 0xa2, 0xf4, 0xfe, 0x26, 0xae, 0xf5, 0xff,
    0x2a, 0xbb, 0xf6, 0xff, 0x2b, 0xc2, 0xf7, 0xff, 0x2c, 0xc4, 0xf8, 0xff, 0x2c, 0xc7, 0xf8, 0xff,
    0x2c, 0xc9, 0xf9, 0xff, 0x2d, 0xcc, 0xf9, 0xff, 0x2d, 0xce, 0xfa, 0xff, 0x2e, 0xd1, 0xfa, 0xff,
    0x2e, 0xd3, 0xfb, 0xff, 0x2e, 0xd6, 0xfb, 0xff, 0x2f, 0xd8, 0xfc, 0xff, 0x2f, 0xdb, 0xfc, 0xff,
    0x2f, 0xdd, 0xfc, 0xff, 0x30, 0xdf, 0xfd, 0xff, 0x30, 0xe0, 0xfd, 0xff, 0x30, 0xe0, 0xfd, 0xff,
    0x30, 0xe0, 0xfd, 0xff, 0x30, 0xe0, 0xfd, 0xff, 0x30, 0xe0, 0xfd, 0xff, 0x30, 0xe0, 0xfd, 0xff,
    0x30, 0xe0, 0xfd, 0xff, 0x30, 0xe0, 0xfd, 0xff, 0x30, 0xe0, 0xfd, 0xff, 0x30, 0xe0, 0xfd, 0xff,
    0x30, 0xe0, 0xfd, 0xff, 0x30, 0xe0, 0xfd, 0xff, 0x30, 0xe0, 0xfd, 0xff, 0x30, 0xe0, 0xfd, 0xff,
    0x18, 0x64, 0x7c, 0xff, 0x0d, 0x2b, 0x42, 0xff, 0x0d, 0x2b, 0x42, 0xff, 0x0d, 0x2b, 0x42, 0xff,
    0x0d, 0x2b, 0x42, 0xff, 0x0d, 0x2b, 0x42, 0xff, 0x0d, 0x2b, 0x42, 0xff, 0x1f, 0x89, 0xa5, 0xff,
    0x2f, 0xda, 0xfc, 0xff, 0x2f, 0xd7, 0xfb, 0xff, 0x2e, 0xd5, 0xfb, 0xff, 0x2e, 0xd3, 0xfa, 0xff,
    0x2e, 0xd0, 0xfa, 0xff, 0x2d, 0xce, 0xfa, 0xff, 0x2d, 0xcb, 0xf9, 0xff, 0x2c, 0xc8, 0xf9, 0xff,
    0x2c, 0xc6, 0xf8, 0xff, 0x2c, 0xc3, 0xf8, 0xff, 0x2b, 0xc1, 0xf7, 0xff, 0x28, 0xb6, 0xf6, 0xff,
    0x25, 0xa9, 0xf5, 0xff, 0x0d, 0x95, 0xee, 0xd7, 0x00, 0x00, 0x00, 0x00, 0x00, 0x00, 0x00, 0x00,
    0x00, 0x00, 0x00, 0x00, 0x00, 0x00, 0x00, 0x00, 0x00, 0x00, 0x00, 0x00, 0x00, 0x00, 0x00, 0x00,
    0x00, 0x00, 0x00, 0x00, 0x00, 0x00, 0x00, 0x00, 0x00, 0x00, 0x00, 0x00, 0x00, 0x00, 0x00, 0x00,
    0x00, 0x00, 0x00, 0x00, 0x22, 0xa3, 0xf3, 0x69, 0x24, 0xa5, 0xf4, 0xff, 0x27, 0xb2, 0xf6, 0xff,
    0x2b, 0xc0, 0xf7, 0xff, 0x2b, 0xc3, 0xf7, 0xff, 0x2c, 0xc5, 0xf8, 0xff, 0x2c, 0xc8, 0xf8, 0xff,
    0x2d, 0xcb, 0xf9, 0xff, 0x2d, 0xcd, 0xf9, 0xff, 0x2d, 0xd0, 0xfa, 0xff, 0x2e, 0xd2, 0xfa, 0xff,
    0x2e, 0xd5, 0xfb, 0xff, 0x2f, 0xd7, 0xfb, 0xff, 0x2f, 0xda, 0xfc, 0xff, 0x2f, 0xdc, 0xfc, 0xff,
    0x30, 0xde, 0xfd, 0xff, 0x30, 0xe0, 0xfd, 0xff, 0x30, 0xe0, 0xfd, 0xff, 0x30, 0xe0, 0xfd, 0xff,
    0x30, 0xe0, 0xfd, 0xff, 0x30, 0xe0, 0xfd, 0xff, 0x30, 0xe0, 0xfd, 0xff, 0x30, 0xe0, 0xfd, 0xff,
    0x30, 0xe0, 0xfd, 0xff, 0x30, 0xe0, 0xfd, 0xff, 0x30, 0xe0, 0xfd, 0xff, 0x30, 0xe0, 0xfd, 0xff,
    0x30, 0xe0, 0xfd, 0xff, 0x30, 0xe0, 0xfd, 0xff, 0x30, 0xe0, 0xfd, 0xff, 0x30, 0xe0, 0xfd, 0xff,
    0x26, 0xab, 0xc7, 0xff, 0x0d, 0x2b, 0x42, 0xff, 0x0d, 0x2b, 0x42, 0xff, 0x0d, 0x2b, 0x42, 0xff,
    0x0d, 0x2b, 0x42, 0xff, 0x0d, 0x2b, 0x42, 0xff, 0x0e, 0x33, 0x4a, 0xff, 0x2c, 0xcb, 0xe8, 0xff,
    0x2f, 0xdb, 0xfc, 0xff, 0x2f, 0xd9, 0xfc, 0xff, 0x2f, 0xd6, 0xfb, 0xff, 0x2e, 0xd4, 0xfb, 0xff,
    0x2e, 0xd1, 0xfa, 0xff, 0x2d, 0xcf, 0xfa, 0xff, 0x2d, 0xcc, 0xf9, 0xff, 0x2c, 0xca, 0xf9, 0xff,
    0x2c, 0xc7, 0xf8, 0xff, 0x2c, 0xc4, 0xf8, 0xff, 0x2b, 0xc2, 0xf7, 0xff, 0x2a, 0xbb, 0xf6, 0xff,
    0x26, 0xae, 0xf5, 0xff, 0x0e, 0x97, 0xef, 0xfb, 0x0d, 0x99, 0xf2, 0x14, 0x00, 0x00, 0x00, 0x00,
    0x00, 0x00, 0x00, 0x00, 0x00, 0x00, 0x00, 0x00, 0x00, 0x00, 0x00, 0x00, 0x00, 0x00, 0x00, 0x00,
    0x00, 0x00, 0x00, 0x00, 0x00, 0x00, 0x00, 0x00, 0x00, 0x00, 0x00, 0x00, 0x00, 0x00, 0x00, 0x00,
    0x00, 0x00, 0x00, 0x00, 0x23, 0xa3, 0xf3, 0xae, 0x25, 0xa9, 0xf5, 0xff, 0x28, 0xb6, 0xf6, 0xff,
    0x2b, 0xc1, 0xf7, 0xff, 0x2c, 0xc3, 0xf8, 0xff, 0x2c, 0xc6, 0xf8, 0xff, 0x2c, 0xc9, 0xf9, 0xff,
    0x2d, 0xcc, 0xf9, 0xff, 0x2d, 0xce, 0xfa, 0xff, 0x2e, 0xd1, 0xfa, 0xff, 0x2e, 0xd3, 0xfb, 0xff,
    0x2e, 0xd6, 0xfb, 0xff, 0x2f, 0xd9, 0xfc, 0xff, 0x2f, 0xdb, 0xfc, 0xff, 0x30, 0xde, 0xfd, 0xff,
    0x30, 0xe0, 0xfd, 0xff, 0x30, 0xe0, 0xfd, 0xff, 0x30, 0xe0, 0xfd, 0xff, 0x30, 0xe0, 0xfd, 0xff,
    0x30, 0xe0, 0xfd, 0xff, 0x30, 0xe0, 0xfd, 0xff, 0x30, 0xe0, 0xfd, 0xff, 0x30, 0xe0, 0xfd, 0xff,
    0x30, 0xe0, 0xfd, 0xff, 0x30, 0xe0, 0xfd, 0xff, 0x30, 0xe0, 0xfd, 0xff, 0x30, 0xe0, 0xfd, 0xff,
    0x30, 0xe0, 0xfd, 0xff, 0x30, 0xe0, 0xfd, 0xff, 0x30, 0xe0, 0xfd, 0xff, 0x30, 0xe0, 0xfd, 0xff,
    0x30, 0xe0, 0xfd, 0xff, 0x21, 0x8f, 0xaa, 0xff, 0x0e, 0x2e, 0x46, 0xff, 0x0d, 0x2b, 0x42, 0xff,
    0x0d, 0x2b, 0x42, 0xff, 0x10, 0x39, 0x50, 0xff, 0x26, 0xac, 0xc8, 0xff, 0x30, 0xdf, 0xfd, 0xff,
    0x2f, 0xdd, 0xfc, 0xff, 0x2f, 0xda, 0xfc, 0xff, 0x2f, 0xd8, 0xfb, 0xff, 0x2e, 0xd5, 0xfb, 0xff,
    0x2e, 0xd3, 0xfa, 0xff, 0x2d, 0xd0, 0xfa, 0xff, 0x2d, 0xcd, 0xf9, 0xff, 0x2d, 0xcb, 0xf9, 0xff,
    0x2c, 0xc8, 0xf8, 0xff, 0x2c, 0xc5, 0xf8, 0xff, 0x2b, 0xc3, 0xf7, 0xff, 0x2b, 0xbf, 0xf7, 0xff,
    0x27, 0xb2, 0xf6, 0xff, 0x15, 0x9b, 0xf1, 0xff, 0x0d, 0x97, 0xee, 0x76, 0x00, 0x00, 0x00, 0x00,
    0x00, 0x00, 0x00, 0x00, 0x00, 0x00, 0x00, 0x00, 0x00, 0x00, 0x00, 0x00, 0x00, 0x00, 0x00, 0x00,
    0x00, 0x00, 0x00, 0x00, 0x00, 0x00, 0x00, 0x00, 0x00, 0x00, 0x00, 0x00, 0x00, 0x00, 0x00, 0x00,
    0x00, 0x00, 0x00, 0x00, 0x23, 0xa2, 0xf4, 0xe3, 0x26, 0xad, 0xf5, 0xff, 0x29, 0xba, 0xf6, 0xff,
    0x2b, 0xc2, 0xf7, 0xff, 0x2c, 0xc4, 0xf8, 0xff, 0x2c, 0xc7, 0xf8, 0xff, 0x2d, 0xca, 0xf9, 0xff,
    0x2d, 0xcc, 0xf9, 0xff, 0x2d, 0xcf, 0xfa, 0xff, 0x2e, 0xd2, 0xfa, 0xff, 0x2e, 0xd5, 0xfb, 0xff,
    0x2f, 0xd7, 0xfb, 0xff, 0x2f, 0xda, 0xfc, 0xff, 0x2f, 0xdc, 0xfc, 0xff, 0x30, 0xdf, 0xfd, 0xff,
    0x30, 0xe0, 0xfd, 0xff, 0x30, 0xe0, 0xfd, 0xff, 0x30, 0xe0, 0xfd, 0xff, 0x30, 0xe0, 0xfd, 0xff,
    0x30, 0xe0, 0xfd, 0xff, 0x30, 0xe0, 0xfd, 0xff, 0x30, 0xe0, 0xfd, 0xff, 0x30, 0xe0, 0xfd, 0xff,
    0x30, 0xe0, 0xfd, 0xff, 0x30, 0xe0, 0xfd, 0xff, 0x30, 0xe0, 0xfd, 0xff, 0x30, 0xe0, 0xfd, 0xff,
    0x30, 0xe0, 0xfd, 0xff, 0x30, 0xe0, 0xfd, 0xff, 0x30, 0xe0, 0xfd, 0xff, 0x30, 0xe0, 0xfd, 0xff,
    0x30, 0xe0, 0xfd, 0xff, 0x30, 0xe0, 0xfd, 0xff, 0x2a, 0xc3, 0xdf, 0xff, 0x21, 0x91, 0xab, 0xff,
    0x22, 0x97, 0xb2, 0xff, 0x2d, 0xd0, 0xec, 0xff, 0x30, 0xe0, 0xfd, 0xff, 0x30, 0xe0, 0xfd, 0xff,
    0x30, 0xde, 0xfd, 0xff, 0x2f, 0xdc, 0xfc, 0xff, 0x2f, 0xd9, 0xfc, 0xff, 0x2e, 0xd6, 0xfb, 0xff,
    0x2e, 0xd4, 0xfb, 0xff, 0x2e, 0xd1, 0xfa, 0xff, 0x2d, 0xce, 0xfa, 0xff, 0x2d, 0xcc, 0xf9, 0xff,
    0x2c, 0xc9, 0xf9, 0xff, 0x2c, 0xc6, 0xf8, 0xff, 0x2c, 0xc3, 0xf8, 0xff, 0x2b, 0xc1, 0xf7, 0xff,
    0x28, 0xb5, 0xf6, 0xff, 0x1d, 0xa2, 0xf3, 0xff, 0x0b, 0x95, 0xef, 0xc1, 0x00, 0x00, 0x00, 0x00,
    0x00, 0x00, 0x00, 0x00, 0x00, 0x00, 0x00, 0x00, 0x00, 0x00, 0x00, 0x00, 0x00, 0x00, 0x00, 0x00,
    0x00, 0x00, 0x00, 0x00, 0x00, 0x00, 0x00, 0x00, 0x00, 0x00, 0x00, 0x00, 0x00, 0x00, 0x00, 0x00,
    0x23, 0xa2, 0xf3, 0x16, 0x23, 0xa2, 0xf4, 0xff, 0x27, 0xb0, 0xf5, 0xff, 0x2a, 0xbd, 0xf7, 0xff,
    0x2b, 0xc2, 0xf7, 0xff, 0x2c, 0xc5, 0xf8, 0xff, 0x2c, 0xc8, 0xf8, 0xff, 0x2d, 0xcb, 0xf9, 0xff,
    0x2d, 0xcd, 0xf9, 0xff, 0x2e, 0xd0, 0xfa, 0xff, 0x2e, 0xd3, 0xfb, 0xff, 0x2e, 0xd5, 0xfb, 0xff,
    0x2f, 0xd8, 0xfc, 0xff, 0x2f, 0xdb, 0xfc, 0xff, 0x30, 0xde, 0xfd, 0xff, 0x30, 0xe0, 0xfd, 0xff,
    0x30, 0xe0, 0xfd, 0xff, 0x30, 0xe0, 0xfd, 0xff, 0x30, 0xe0, 0xfd, 0xff, 0x30, 0xe0, 0xfd, 0xff,
    0x30, 0xe0, 0xfd, 0xff, 0x30, 0xe0, 0xfd, 0xff, 0x30, 0xe0, 0xfd, 0xff, 0x30, 0xe0, 0xfd, 0xff,
    0x30, 0xe0, 0xfd, 0xff, 0x30, 0xe0, 0xfd, 0xff, 0x30, 0xe0, 0xfd, 0xff, 0x30, 0xe0, 0xfd, 0xff,
    0x30, 0xe0, 0xfd, 0xff, 0x30, 0xe0, 0xfd, 0xff, 0x30, 0xe0, 0xfd, 0xff, 0x30, 0xe0, 0xfd, 0xff,
    0x30, 0xe0, 0xfd, 0xff, 0x30, 0xe0, 0xfd, 0xff, 0x30, 0xe0, 0xfd, 0xff, 0x30, 0xe0, 0xfd, 0xff,
    0x30, 0xe0, 0xfd, 0xff, 0x30, 0xe0, 0xfd, 0xff, 0x30, 0xe0, 0xfd, 0xff, 0x30, 0xe0, 0xfd, 0xff,
    0x30, 0xdf, 0xfd, 0xff, 0x2f, 0xdd, 0xfc, 0xff, 0x2f, 0xda, 0xfc, 0xff, 0x2f, 0xd7, 0xfb, 0xff,
    0x2e, 0xd5, 0xfb, 0xff, 0x2e, 0xd2, 0xfa, 0xff, 0x2d, 0xcf, 0xfa, 0xff, 0x2d, 0xcc, 0xf9, 0xff,
    0x2c, 0xca, 0xf9, 0xff, 0x2c, 0xc7, 0xf8, 0xff, 0x2c, 0xc4, 0xf8, 0xff, 0x2b, 0xc1, 0xf7, 0xff,
    0x29, 0xb8, 0xf6, 0xff, 0x23, 0xa9, 0xf5, 0xff, 0x08, 0x93, 0xec, 0xe7, 0x00, 0x00, 0x00, 0x00,
    0x00, 0x00, 0x00, 0x00, 0x00, 0x00, 0x00, 0x00, 0x00, 0x00, 0x00, 0x00, 0x00, 0x00, 0x00, 0x00,
    0x00, 0x00, 0x00, 0x00, 0x00, 0x00, 0x00, 0x00, 0x00, 0x00, 0x00, 0x00, 0x00, 0x00, 0x00, 0x00,
    0x25, 0xa2, 0xf6, 0x37, 0x24, 0xa4, 0xf4, 0xff, 0x27, 0xb2, 0xf6, 0xff, 0x2b, 0xc0, 0xf7, 0xff,
    0x2b, 0xc3, 0xf8, 0xff, 0x2c, 0xc6, 0xf8, 0xff, 0x2c, 0xc8, 0xf9, 0xff, 0x2d, 0xcb, 0xf9, 0xff,
    0x2d, 0xce, 0xfa, 0xff, 0x2e, 0xd1, 0xfa, 0xff, 0x2e, 0xd3, 0xfb, 0xff, 0x2e, 0xd6, 0xfb, 0xff,
    0x2f, 0xd9, 0xfc, 0xff, 0x2f, 0xdc, 0xfc, 0xff, 0x30, 0xde, 0xfd, 0xff, 0x30, 0xe0, 0xfd, 0xff,
    0x30, 0xe0, 0xfd, 0xff, 0x30, 0xe0, 0xfd, 0xff, 0x30, 0xe0, 0xfd, 0xff, 0x30, 0xe0, 0xfd, 0xff,
    0x30, 0xe0, 0xfd, 0xff, 0x30, 0xe0, 0xfd, 0xff, 0x30, 0xe0, 0xfd, 0xff, 0x30, 0xe0, 0xfd, 0xff,
    0x30, 0xe0, 0xfd, 0xff, 0x30, 0xe0, 0xfd, 0xff, 0x30, 0xe0, 0xfd, 0xff, 0x30, 0xe0, 0xfd, 0xff,
    0x30, 0xe0, 0xfd, 0xff, 0x30, 0xe0, 0xfd, 0xff, 0x30, 0xe0, 0xfd, 0xff, 0x30, 0xe0, 0xfd, 0xff,
    0x30, 0xe0, 0xfd, 0xff, 0x30, 0xe0, 0xfd, 0xff, 0x30, 0xe0, 0xfd, 0xff, 0x30, 0xe0, 0xfd, 0xff,
    0x30, 0xe0, 0xfd, 0xff, 0x30, 0xe0, 0xfd, 0xff, 0x30, 0xe0, 0xfd, 0xff, 0x30, 0xe0, 0xfd, 0xff,
    0x30, 0xe0, 0xfd, 0xff, 0x30, 0xde, 0xfd, 0xff, 0x2f, 0xdb, 0xfc, 0xff, 0x2f, 0xd8, 0xfc, 0xff,
    0x2e, 0xd5, 0xfb, 0xff, 0x2e, 0xd3, 0xfa, 0xff, 0x2d, 0xd0, 0xfa, 0xff, 0x2d, 0xcd, 0xf9, 0xff,
    0x2d, 0xca, 0xf9, 0xff, 0x2c, 0xc7, 0xf8, 0xff, 0x2c, 0xc5, 0xf8, 0xff, 0x2b, 0xc2, 0xf7, 0xff,
    0x2a, 0xbb, 0xf7, 0xff, 0x26, 0xad, 0xf5, 0xff, 0x04, 0x91, 0xec, 0xf8, 0x00, 0x00, 0x00, 0x00,
    0x00, 0x00, 0x00, 0x00, 0x00, 0x00, 0x00, 0x00, 0x00, 0x00, 0x00, 0x00, 0x00, 0x00, 0x00, 0x00,
    0x00, 0x00, 0x00, 0x00, 0x00, 0x00, 0x00, 0x00, 0x00, 0x00, 0x00, 0x00, 0x00, 0x00, 0x00, 0x00,
    0x24, 0xa2, 0xf3, 0x55, 0x24, 0xa6, 0xf4, 0xff, 0x28, 0xb4, 0xf6, 0xff, 0x2b, 0xc0, 0xf7, 0xff,
    0x2c, 0xc3, 0xf8, 0xff, 0x2c, 0xc6, 0xf8, 0xff, 0x2c, 0xc9, 0xf9, 0xff, 0x2d, 0xcc, 0xf9, 0xff,
    0x2d, 0xce, 0xfa, 0xff, 0x2e, 0xd1, 0xfa, 0xff, 0x2e, 0xd4, 0xfb, 0xff, 0x2f, 0xd7, 0xfb, 0xff,
    0x2f, 0xda, 0xfc, 0xff, 0x2f, 0xdc, 0xfc, 0xff, 0x30, 0xdf, 0xfd, 0xff, 0x30, 0xe0, 0xfd, 0xff,
    0x30, 0xe0, 0xfd, 0xff, 0x30, 0xe0, 0xfd, 0xff, 0x30, 0xe0, 0xfd, 0xff, 0x30, 0xe0, 0xfd, 0xff,
    0x30, 0xe0, 0xfd, 0xff, 0x30, 0xe0, 0xfd, 0xff, 0x2e, 0xda, 0xf7, 0xff, 0x2a, 0xc1, 0xdd, 0xff,
    0x27, 0xb2, 0xce, 0xff, 0x27, 0xb4, 0xce, 0xff, 0x2b, 0xc5, 0xe2, 0xff, 0x2f, 0xdd, 0xfa, 0xff,
    0x30, 0xe0, 0xfd, 0xff, 0x30, 0xe0, 0xfd, 0xff, 0x30, 0xe0, 0xfd, 0xff, 0x30, 0xe0, 0xfd, 0xff,
    0x30, 0xe0, 0xfd, 0xff, 0x30, 0xe0, 0xfd, 0xff, 0x30, 0xe0, 0xfd, 0xff, 0x30, 0xe0, 0xfd, 0xff,
    0x30, 0xe0, 0xfd, 0xff, 0x30, 0xe0, 0xfd, 0xff, 0x30, 0xe0, 0xfd, 0xff, 0x30, 0xe0, 0xfd, 0xff,
    0x30, 0xe0, 0xfd, 0xff, 0x30, 0xde, 0xfd, 0xff, 0x2f, 0xdb, 0xfc, 0xff, 0x2f, 0xd9, 0xfc, 0xff,
    0x2e, 0xd6, 0xfb, 0xff, 0x2e, 0xd3, 0xfb, 0xff, 0x2e, 0xd0, 0xfa, 0xff, 0x2d, 0xcd, 0xfa, 0xff,
    0x2d, 0xcb, 0xf9, 0xff, 0x2c, 0xc8, 0xf8, 0xff, 0x2c, 0xc5, 0xf8, 0xff, 0x2b, 0xc2, 0xf7, 0xff,
    0x2a, 0xbd, 0xf7, 0xff, 0x27, 0xaf, 0xf5, 0xff, 0x04, 0x92, 0xec, 0xfe, 0x00, 0x00, 0x00, 0x00,
    0x00, 0x00, 0x00, 0x00, 0x00, 0x00, 0x00, 0x00, 0x00, 0x00, 0x00, 0x00, 0x00, 0x00, 0x00, 0x00,
    0x00, 0x00, 0x00, 0x00, 0x00, 0x00, 0x00, 0x00, 0x00, 0x00, 0x00, 0x00, 0x00, 0x00, 0x00, 0x00,
    0x22, 0xa2, 0xf5, 0x68, 0x24, 0xa8, 0xf5, 0xff, 0x28, 0xb5, 0xf6, 0xff, 0x2b, 0xc1, 0xf7, 0xff,
    0x2c, 0xc4, 0xf8, 0xff, 0x2c, 0xc6, 0xf8, 0xff, 0x2c, 0xc9, 0xf9, 0xff, 0x2d, 0xcc, 0xf9, 0xff,
    0x2d, 0xcf, 0xfa, 0xff, 0x2e, 0xd2, 0xfa, 0xff, 0x2e, 0xd4, 0xfb, 0xff, 0x2f, 0xd7, 0xfb, 0xff,
    0x2f, 0xda, 0xfc, 0xff, 0x30, 0xdd, 0xfc, 0xff, 0x30, 0xe0, 0xfd, 0xff, 0x30, 0xe0, 0xfd, 0xff,
    0x30, 0xe0, 0xfd, 0xff, 0x30, 0xe0, 0xfd, 0xff, 0x30, 0xe0, 0xfd, 0xff, 0x2f, 0xd9, 0xf6, 0xff,
    0x21, 0x97, 0xb1, 0xff, 0x15, 0x56, 0x6e, 0xff, 0x0e, 0x2f, 0x46, 0xff, 0x0d, 0x2b, 0x42, 0xff,
    0x0d, 0x2b, 0x42, 0xff, 0x0d, 0x2b, 0x42, 0xff, 0x0d, 0x2b, 0x42, 0xff, 0x0e, 0x32, 0x49, 0xff,
    0x17, 0x60, 0x79, 0xff, 0x23, 0xa2, 0xbd, 0xff, 0x2f, 0xdd, 0xf9, 0xff, 0x30, 0xe0, 0xfd, 0xff,
    0x30, 0xe0, 0xfd, 0xff, 0x30, 0xe0, 0xfd, 0xff, 0x30, 0xe0, 0xfd, 0xff, 0x30, 0xe0, 0xfd, 0xff,
    0x30, 0xe0, 0xfd, 0xff, 0x30, 0xe0, 0xfd, 0xff, 0x30, 0xe0, 0xfd, 0xff, 0x30, 0xe0, 0xfd, 0xff,
    0x30, 0xe0, 0xfd, 0xff, 0x30, 0xdf, 0xfd, 0xff, 0x2f, 0xdc, 0xfc, 0xff, 0x2f, 0xd9, 0xfc, 0xff,
    0x2e, 0xd6, 0xfb, 0xff, 0x2e, 0xd3, 0xfb, 0xff, 0x2e, 0xd1, 0xfa, 0xff, 0x2d, 0xce, 0xfa, 0xff,
    0x2d, 0xcb, 0xf9, 0xff, 0x2c, 0xc8, 0xf9, 0xff, 0x2c, 0xc5, 0xf8, 0xff, 0x2b, 0xc3, 0xf7, 0xff,
    0x2b, 0xbf, 0xf7, 0xff, 0x27, 0xb1, 0xf5, 0xff, 0x05, 0x92, 0xed, 0xff, 0x0c, 0x97, 0xf3, 0x16,
    0x00, 0x00, 0x00, 0x00, 0x00, 0x00, 0x00, 0x00, 0x00, 0x00, 0x00, 0x00, 0x00, 0x00, 0x00, 0x00,
    0x00, 0x00, 0x00, 0x00, 0x00, 0x00, 0x00, 0x00, 0x00, 0x00, 0x00, 0x00, 0x00, 0x00, 0x00, 0x00,
    0x26, 0xa6, 0xf4, 0x73, 0x26, 0xaa, 0xf5, 0xff, 0x28, 0xb8, 0xf6, 0xff, 0x2b, 0xc2, 0xf7, 0xff,
    0x2c, 0xc5, 0xf8, 0xff, 0x2c, 0xc8, 0xf8, 0xff, 0x2c, 0xca, 0xf9, 0xff, 0x2d, 0xcd, 0xf9, 0xff,
    0x2d, 0xd0, 0xfa, 0xff, 0x2e, 0xd3, 0xfa, 0xff, 0x2e, 0xd6, 0xfb, 0xff, 0x2f, 0xd9, 0xfb, 0xff,
    0x2f, 0xda, 0xfc, 0xff, 0x30, 0xdd, 0xfc, 0xff, 0x30, 0xe0, 0xfd, 0xff, 0x30, 0xe0, 0xfd, 0xff,
    0x30, 0xe0, 0xfd, 0xff, 0x30, 0xe0, 0xfd, 0xff, 0x24, 0xa0, 0xbb, 0xff, 0x11, 0x3e, 0x55, 0xff,
    0x0d, 0x2b, 0x42, 0xff, 0x0d, 0x2b, 0x42, 0xff, 0x0d, 0x2b, 0x42, 0xff, 0x0d, 0x2b, 0x42, 0xff,
    0x0d, 0x2b, 0x42, 0xff, 0x0d, 0x2b, 0x42, 0xff, 0x0d, 0x2b, 0x42, 0xff, 0x0d, 0x2b, 0x42, 0xff,
    0x0d, 0x2b, 0x42, 0xff, 0x0d, 0x2b, 0x42, 0xff, 0x12, 0x44, 0x5c, 0xff, 0x26, 0xad, 0xc9, 0xff,
    0x30, 0xe0, 0xfd, 0xff, 0x30, 0xe0, 0xfd, 0xff, 0x30, 0xe0, 0xfd, 0xff, 0x30, 0xe0, 0xfd, 0xff,
    0x30, 0xe0, 0xfd, 0xff, 0x30, 0xe0, 0xfd, 0xff, 0x30, 0xe0, 0xfd, 0xff, 0x30, 0xe0, 0xfd, 0xff,
    0x30, 0xe0, 0xfd, 0xff, 0x30, 0xdf, 0xfd, 0xff, 0x2f, 0xdc, 0xfc, 0xff, 0x2f, 0xd9, 0xfc, 0xff,
    0x2f, 0xd8, 0xfb, 0xff, 0x2e, 0xd5, 0xfb, 0xff, 0x2e, 0xd2, 0xfa, 0xff, 0x2d, 0xcf, 0xfa, 0xff,
    0x2d, 0xcc, 0xf9, 0xff, 0x2c, 0xc9, 0xf9, 0xff, 0x2c, 0xc7, 0xf8, 0xff, 0x2b, 0xc4, 0xf8, 0xff,
    0x2b, 0xc1, 0xf7, 0xff, 0x27, 0xb3, 0xf6, 0xff, 0x06, 0x93, 0xec, 0xff, 0x12, 0x9a, 0xed, 0x2b,
    0x00, 0x00, 0x00, 0x00, 0x00, 0x00, 0x00, 0x00, 0x00, 0x00, 0x00, 0x00, 0x00, 0x00, 0x00, 0x00,
    0x00, 0x00, 0x00, 0x00, 0x00, 0x00, 0x00, 0x00, 0x00, 0x00, 0x00, 0x00, 0x00, 0x00, 0x00, 0x00,
    0x23, 0xa5, 0xf5, 0x7d, 0x26, 0xad, 0xf6, 0xff, 0x2a, 0xba, 0xf7, 0xff, 0x2b, 0xc3, 0xf8, 0xff,
    0x2c, 0xc6, 0xf9, 0xff, 0x2c, 0xc9, 0xf9, 0xff, 0x2c, 0xca, 0xf9, 0xff, 0x2d, 0xcd, 0xf9, 0xff,
    0x2d, 0xd0, 0xfa, 0xff, 0x2e, 0xd3, 0xfa, 0xff, 0x2e, 0xd5, 0xfb, 0xff, 0x2f, 0xd8, 0xfb, 0xff,
    0x2f, 0xdb, 0xfc, 0xff, 0x30, 0xdd, 0xfd, 0xff, 0x30, 0xe0, 0xfd, 0xff, 0x30, 0xe0, 0xfd, 0xff,
    0x30, 0xe0, 0xfd, 0xff, 0x1c, 0x7c, 0x95, 0xff, 0x0d, 0x2b, 0x42, 0xff, 0x0d, 0x2b, 0x42, 0xff,
    0x0d, 0x2b, 0x42, 0xff, 0x0d, 0x2b, 0x42, 0xff, 0x0f, 0x35, 0x4c, 0xff, 0x0f, 0x37, 0x4f, 0xff,
    0x0f, 0x37, 0x4f, 0xff, 0x0d, 0x2b, 0x42, 0xff, 0x0d, 0x2b, 0x42, 0xff, 0x0d, 0x2b, 0x42, 0xff,
    0x0d, 0x2b, 0x42, 0xff, 0x0d, 0x2b, 0x42, 0xff, 0x0d, 0x2b, 0x42, 0xff, 0x0d, 0x2c, 0x43, 0xff,
    0x1e, 0x83, 0x9d, 0xff, 0x30, 0xdf, 0xfc, 0xff, 0x30, 0xe0, 0xfd, 0xff, 0x30, 0xe0, 0xfd, 0xff,
    0x30, 0xe0, 0xfd, 0xff, 0x30, 0xe0, 0xfd, 0xff, 0x30, 0xe0, 0xfd, 0xff, 0x30, 0xe0, 0xfd, 0xff,
    0x30, 0xe0, 0xfd, 0xff, 0x30, 0xdf, 0xfd, 0xff, 0x2f, 0xdc, 0xfc, 0xff, 0x2f, 0xda, 0xfc, 0xff,
    0x2f, 0xd7, 0xfb, 0xff, 0x2e, 0xd5, 0xfb, 0xff, 0x2e, 0xd2, 0xfa, 0xff, 0x2d, 0xcf, 0xfa, 0xff,
    0x2d, 0xcc, 0xf9, 0xff, 0x2c, 0xca, 0xf9, 0xff, 0x2c, 0xc8, 0xf9, 0xff, 0x2b, 0xc5, 0xf9, 0xff,
    0x2b, 0xc2, 0xf8, 0xff, 0x28, 0xb5, 0xf7, 0xff, 0x04, 0x92, 0xec, 0xff, 0x11, 0x96, 0xf2, 0x3d,
    0x00, 0x00, 0x00, 0x00, 0x00, 0x00, 0x00, 0x00, 0x00, 0x00, 0x00, 0x00, 0x00, 0x00, 0x00, 0x00,
    0x00, 0x00, 0x00, 0x00, 0x00, 0x00, 0x00, 0x00, 0x00, 0x00, 0x00, 0x00, 0x00, 0x00, 0x00, 0x00,
    0x25, 0xa8, 0xf5, 0x7b, 0x27, 0xaf, 0xf6, 0xff, 0x29, 0xbb, 0xf7, 0xff, 0x2c, 0xc5, 0xf8, 0xff,
    0x2d, 0xc7, 0xf9, 0xff, 0x2d, 0xca, 0xf9, 0xff, 0x2d, 0xcc, 0xfa, 0xff, 0x2e, 0xce, 0xfa, 0xff,
    0x2e, 0xd1, 0xfb, 0xff, 0x2e, 0xd3, 0xfb, 0xff, 0x2e, 0xd6, 0xfb, 0xff, 0x2f, 0xd9, 0xfb, 0xff,
    0x2f, 0xda, 0xfc, 0xff, 0x30, 0xdd, 0xfc, 0xff, 0x30, 0xe0, 0xfd, 0xff, 0x30, 0xe0, 0xfd, 0xff,
    0x30, 0xe0, 0xfd, 0xff, 0x1b, 0x71, 0x8a, 0xff, 0x14, 0x50, 0x69, 0xff, 0x1f, 0x86, 0x9f, 0xff,
    0x28, 0xb4, 0xd0, 0xff, 0x2e, 0xd3, 0xf0, 0xff, 0x30, 0xe0, 0xfd, 0xff, 0x30, 0xe0, 0xfd, 0xff,
    0x30, 0xe0, 0xfd, 0xff, 0x2e, 0xda, 0xf7, 0xff, 0x2a, 0xc2, 0xde, 0xff, 0x23, 0x9c, 0xb7, 0xff,
    0x1a, 0x6d, 0x86, 0xff, 0x0e, 0x34, 0x4b, 0xff, 0x0d, 0x2b, 0x42, 0xff, 0x0d, 0x2b, 0x42, 0xff,
    0x0d, 0x2b, 0x42, 0xff, 0x1c, 0x7c, 0x95, 0xff, 0x30, 0xe0, 0xfd, 0xff, 0x30, 0xe0, 0xfd, 0xff,
    0x30, 0xe0, 0xfd, 0xff, 0x30, 0xe0, 0xfd, 0xff, 0x30, 0xe0, 0xfd, 0xff, 0x30, 0xe0, 0xfd, 0xff,
    0x30, 0xe0, 0xfd, 0xff, 0x30, 0xdf, 0xfd, 0xff, 0x2f, 0xdc, 0xfc, 0xff, 0x2f, 0xda, 0xfc, 0xff,
    0x2f, 0xd8, 0xfb, 0xff, 0x2e, 0xd5, 0xfb, 0xff, 0x2e, 0xd3, 0xfb, 0xff, 0x2e, 0xd0, 0xfb, 0xff,
    0x2e, 0xcd, 0xfa, 0xff, 0x2d, 0xcb, 0xfa, 0xff, 0x2d, 0xc9, 0xf9, 0xff, 0x2c, 0xc6, 0xf9, 0xff,
    0x2c, 0xc4, 0xf8, 0xff, 0x28, 0xb7, 0xf7, 0xff, 0x02, 0x90, 0xeb, 0xff, 0x16, 0x98, 0xef, 0x2f,
    0x00, 0x00, 0x00, 0x00, 0x00, 0x00, 0x00, 0x00, 0x00, 0x00, 0x00, 0x00, 0x00, 0x00, 0x00, 0x00,
    0x00, 0x00, 0x00, 0x00, 0x00, 0x00, 0x00, 0x00, 0x00, 0x00, 0x00, 0x00, 0x00, 0x00, 0x00, 0x00,
    0x25, 0xab, 0xf4, 0x74, 0x27, 0xb0, 0xf7, 0xff, 0x29, 0xbc, 0xf7, 0xff, 0x2c, 0xc5, 0xf8, 0xff,
    0x2d, 0xc8, 0xf9, 0xff, 0x2d, 0xc9, 0xf9, 0xff, 0x2d, 0xcc, 0xfa, 0xff, 0x2e, 0xce, 0xfa, 0xff,
    0x2e, 0xd1, 0xfb, 0xff, 0x2e, 0xd3, 0xfb, 0xff, 0x2e, 0xd6, 0xfc, 0xff, 0x2f, 0xd8, 0xfc, 0xff,
    0x2f, 0xda, 0xfc, 0xff, 0x30, 0xdd, 0xfc, 0xff, 0x30, 0xdf, 0xfd, 0xff, 0x30, 0xdf, 0xfd, 0xff,
    0x30, 0xdf, 0xfd, 0xff, 0x30, 0xdf, 0xfd, 0xff, 0x30, 0xdf, 0xfd, 0xff, 0x30, 0xdf, 0xfd, 0xff,
    0x30, 0xdf, 0xfd, 0xff, 0x30, 0xdf, 0xfd, 0xff, 0x30, 0xdf, 0xfd, 0xff, 0x30, 0xdf, 0xfd, 0xff,
    0x30, 0xdf, 0xfd, 0xff, 0x30, 0xdf, 0xfd, 0xff, 0x30, 0xdf, 0xfd, 0xff, 0x30, 0xdf, 0xfd, 0xff,
    0x30, 0xdf, 0xfd, 0xff, 0x2f, 0xd7, 0xf5, 0xff, 0x21, 0x94, 0xaf, 0xff, 0x11, 0x3e, 0x55, 0xff,
    0x0d, 0x2b, 0x42, 0xff, 0x0d, 0x2b, 0x42, 0xff, 0x23, 0x9e, 0xb9, 0xff, 0x30, 0xdf, 0xfd, 0xff,
    0x30, 0xdf, 0xfd, 0xff, 0x30, 0xdf, 0xfd, 0xff, 0x30, 0xdf, 0xfd, 0xff, 0x30, 0xdf, 0xfd, 0xff,
    0x30, 0xdf, 0xfd, 0xff, 0x30, 0xde, 0xfd, 0xff, 0x2f, 0xdc, 0xfc, 0xff, 0x2f, 0xd9, 0xfc, 0xff,
    0x2e, 0xd7, 0xfc, 0xff, 0x2e, 0xd5, 0xfc, 0xff, 0x2e, 0xd3, 0xfb, 0xff, 0x2e, 0xd0, 0xfb, 0xff,
    0x2e, 0xce, 0xfa, 0xff, 0x2d, 0xcb, 0xfa, 0xff, 0x2d, 0xc9, 0xf9, 0xff, 0x2c, 0xc7, 0xf8, 0xff,
    0x2c, 0xc4, 0xf8, 0xff, 0x28, 0xb7, 0xf6, 0xff, 0x00, 0x8f, 0xeb, 0xff, 0x16, 0xa6, 0xf4, 0x17,
    0x00, 0x00, 0x00, 0x00, 0x00, 0x00, 0x00, 0x00, 0x00, 0x00, 0x00, 0x00, 0x00, 0x00, 0x00, 0x00,
    0x00, 0x00, 0x00, 0x00, 0x00, 0x00, 0x00, 0x00, 0x00, 0x00, 0x00, 0x00, 0x00, 0x00, 0x00, 0x00,
    0x26, 0xad, 0xf5, 0x66, 0x27, 0xb1, 0xf5, 0xff, 0x2a, 0xbc, 0xf7, 0xff, 0x2c, 0xc5, 0xf8, 0xff,
    0x2d, 0xc7, 0xf8, 0xff, 0x2d, 0xca, 0xf8, 0xff, 0x2d, 0xcc, 0xf9, 0xff, 0x2e, 0xcf, 0xf9, 0xff,
    0x2e, 0xd1, 0xfa, 0xff, 0x2e, 0xd3, 0xfa, 0xff, 0x2e, 0xd5, 0xfb, 0xff, 0x2f, 0xd7, 0xfb, 0xff,
    0x2f, 0xda, 0xfc, 0xff, 0x2f, 0xdc, 0xfc, 0xff, 0x30, 0xde, 0xfc, 0xff, 0x30, 0xde, 0xfc, 0xff,
    0x30, 0xde, 0xfc, 0xff, 0x30, 0xde, 0xfc, 0xff, 0x30, 0xde, 0xfc, 0xff, 0x30, 0xde, 0xfc, 0xff,
    0x30, 0xde, 0xfc, 0xff, 0x30, 0xde, 0xfc, 0xff, 0x30, 0xde, 0xfc, 0xff, 0x30, 0xde, 0xfc, 0xff,
    0x30, 0xde, 0xfc, 0xff, 0x30, 0xde, 0xfc, 0xff, 0x30, 0xde, 0xfc, 0xff, 0x30, 0xde, 0xfc, 0xff,
    0x30, 0xde, 0xfc, 0xff, 0x30, 0xde, 0xfc, 0xff, 0x30, 0xde, 0xfc, 0xff, 0x2f, 0xd7, 0xf5, 0xff,
    0x1c, 0x7a, 0x94, 0xff, 0x0d, 0x2c, 0x43, 0xff, 0x0f, 0x38, 0x4f, 0xff, 0x30, 0xdc, 0xfb, 0xff,
    0x30, 0xde, 0xfc, 0xff, 0x30, 0xde, 0xfc, 0xff, 0x30, 0xde, 0xfc, 0xff, 0x30, 0xde, 0xfc, 0xff,
    0x30, 0xde, 0xfc, 0xff, 0x30, 0xdd, 0xfc, 0xff, 0x2f, 0xdb, 0xfc, 0xff, 0x2f, 0xd9, 0xfc, 0xff,
    0x2e, 0xd7, 0xfb, 0xff, 0x2e, 0xd4, 0xfb, 0xff, 0x2e, 0xd2, 0xfa, 0xff, 0x2e, 0xd0, 0xfa, 0xff,
    0x2e, 0xce, 0xf9, 0xff, 0x2d, 0xcb, 0xf8, 0xff, 0x2d, 0xc9, 0xf8, 0xff, 0x2c, 0xc7, 0xf8, 0xff,
    0x2b, 0xc3, 0xf8, 0xff, 0x23, 0xb1, 0xf4, 0xff, 0x01, 0x8f, 0xeb, 0xff, 0x00, 0xff, 0xff, 0x02,
    0x00, 0x00, 0x00, 0x00, 0x00, 0x00, 0x00, 0x00, 0x00, 0x00, 0x00, 0x00, 0x00, 0x00, 0x00, 0x00,
    0x00, 0x00, 0x00, 0x00, 0x00, 0x00, 0x00, 0x00, 0x00, 0x00, 0x00, 0x00, 0x00, 0x00, 0x00, 0x00,
    0x26, 0xaf, 0xf8, 0x49, 0x27, 0xb1, 0xf6, 0xff, 0x29, 0xbc, 0xf7, 0xff, 0x2c, 0xc6, 0xf8, 0xff,
    0x2c, 0xc8, 0xf9, 0xff, 0x2d, 0xca, 0xf9, 0xff, 0x2d, 0xcc, 0xf9, 0xff, 0x2e, 0xce, 0xf9, 0xff,
    0x2e, 0xd0, 0xfa, 0xff, 0x2f, 0xd2, 0xfa, 0xff, 0x2f, 0xd5, 0xfb, 0xff, 0x2f, 0xd6, 0xfb, 0xff,
    0x2f, 0xd8, 0xfc, 0xff, 0x2f, 0xdb, 0xfc, 0xff, 0x30, 0xdd, 0xfc, 0xff, 0x30, 0xde, 0xfc, 0xff,
    0x30, 0xde, 0xfc, 0xff, 0x30, 0xde, 0xfc, 0xff, 0x30, 0xde, 0xfc, 0xff, 0x30, 0xde, 0xfc, 0xff,
    0x30, 0xde, 0xfc, 0xff, 0x30, 0xde, 0xfc, 0xff, 0x30, 0xde, 0xfc, 0xff, 0x30, 0xde, 0xfc, 0xff,
    0x30, 0xde, 0xfc, 0xff, 0x30, 0xde, 0xfc, 0xff, 0x30, 0xde, 0xfc, 0xff, 0x30, 0xde, 0xfc, 0xff,
    0x30, 0xde, 0xfc, 0xff, 0x30, 0xde, 0xfc, 0xff, 0x30, 0xde, 0xfc, 0xff, 0x30, 0xde, 0xfc, 0xff,
    0x30, 0xde, 0xfc, 0xff, 0x26, 0xaf, 0xcb, 0xff, 0x22, 0x92, 0xad, 0xff, 0x30, 0xde, 0xfc, 0xff,
    0x30, 0xde, 0xfc, 0xff, 0x30, 0xde, 0xfc, 0xff, 0x30, 0xde, 0xfc, 0xff, 0x30, 0xde, 0xfc, 0xff,
    0x30, 0xde, 0xfc, 0xff, 0x30, 0xdc, 0xfc, 0xff, 0x2f, 0xda, 0xfc, 0xff, 0x2f, 0xd8, 0xfc, 0xff,
    0x2f, 0xd5, 0xfb, 0xff, 0x2f, 0xd4, 0xfa, 0xff, 0x2e, 0xd2, 0xfa, 0xff, 0x2e, 0xcf, 0xf9, 0xff,
    0x2e, 0xcd, 0xf9, 0xff, 0x2d, 0xcc, 0xf9, 0xff, 0x2d, 0xc9, 0xf9, 0xff, 0x2c, 0xc7, 0xf8, 0xff,
    0x2c, 0xc3, 0xf8, 0xff, 0x1d, 0xac, 0xf3, 0xff, 0x05, 0x93, 0xed, 0xfb, 0x00, 0x00, 0x00, 0x00,
    0x00, 0x00, 0x00, 0x00, 0x00, 0x00, 0x00, 0x00, 0x00, 0x00, 0x00, 0x00, 0x00, 0x00, 0x00, 0x00,
    0x00, 0x00, 0x00, 0x00, 0x00, 0x00, 0x00, 0x00, 0x00, 0x00, 0x00, 0x00, 0x00, 0x00, 0x00, 0x00,
    0x10, 0x96, 0xef, 0x4e, 0x0b, 0x99, 0xee, 0xff, 0x06, 0x95, 0xec, 0xff, 0x0a, 0x9c, 0xee, 0xff,
    0x1b, 0xb2, 0xf3, 0xff, 0x2c, 0xca, 0xf9, 0xff, 0x2c, 0xcc, 0xf9, 0xff, 0x2d, 0xce, 0xfa, 0xff,
    0x2d, 0xd0, 0xfa, 0xff, 0x2e, 0xd2, 0xfa, 0xff, 0x2e, 0xd4, 0xfb, 0xff, 0x2e, 0xd6, 0xfb, 0xff,
    0x2e, 0xd7, 0xfc, 0xff, 0x2e, 0xd9, 0xfc, 0xff, 0x2f, 0xdc, 0xfd, 0xff, 0x2f, 0xdd, 0xfd, 0xff,
    0x2f, 0xdd, 0xfd, 0xff, 0x2f, 0xdd, 0xfd, 0xff, 0x2f, 0xdd, 0xfd, 0xff, 0x2f, 0xdd, 0xfd, 0xff,
    0x2f, 0xdd, 0xfd, 0xff, 0x2f, 0xdd, 0xfd, 0xff, 0x2f, 0xdd, 0xfd, 0xff, 0x2f, 0xdd, 0xfd, 0xff,
    0x2f, 0xdd, 0xfd, 0xff, 0x2f, 0xdd, 0xfd, 0xff, 0x2f, 0xdd, 0xfd, 0xff, 0x2f, 0xdd, 0xfd, 0xff,
    0x2f, 0xdd, 0xfd, 0xff, 0x2f, 0xdd, 0xfd, 0xff, 0x2f, 0xdd, 0xfd, 0xff, 0x2f, 0xdd, 0xfd, 0xff,
    0x2f, 0xdd, 0xfd, 0xff, 0x2f, 0xdd, 0xfd, 0xff, 0x2f, 0xdd, 0xfd, 0xff, 0x2f, 0xdd, 0xfd, 0xff,
    0x2f, 0xdd, 0xfd, 0xff, 0x2f, 0xdd, 0xfd, 0xff, 0x2f, 0xdd, 0xfd, 0xff, 0x2f, 0xdd, 0xfd, 0xff,
    0x2f, 0xdc, 0xfd, 0xff, 0x2f, 0xdb, 0xfc, 0xff, 0x2e, 0xd9, 0xfc, 0xff, 0x2e, 0xd7, 0xfb, 0xff,
    0x2e, 0xd5, 0xfb, 0xff, 0x2e, 0xd3, 0xfa, 0xff, 0x2d, 0xd1, 0xfa, 0xff, 0x2d, 0xcf, 0xfa, 0xff,
    0x2d, 0xcd, 0xfa, 0xff, 0x2c, 0xcb, 0xf9, 0xff, 0x2c, 0xc9, 0xf9, 0xff, 0x2c, 0xc7, 0xf8, 0xff,
    0x2a, 0xc1, 0xf8, 0xff, 0x13, 0xa3, 0xf1, 0xff, 0x09, 0x97, 0xee, 0xee, 0x00, 0x00, 0x00, 0x00,
    0x00, 0x00, 0x00, 0x00, 0x00, 0x00, 0x00, 0x00, 0x00, 0x00, 0x00, 0x00, 0x00, 0x00, 0x00, 0x00,
    0x00, 0x00, 0x00, 0x00, 0x00, 0x00, 0x00, 0x00, 0x00, 0x00, 0x00, 0x00, 0x00, 0x00, 0x00, 0x00,
    0x05, 0x95, 0xed, 0xbb, 0x13, 0xa5, 0xf1, 0xff, 0x36, 0xca, 0xfa, 0xff, 0x2e, 0xbe, 0xf7, 0xff,
    0x05, 0x95, 0xed, 0xff, 0x1b, 0xb2, 0xf3, 0xff, 0x2d, 0xcb, 0xf9, 0xff, 0x2d, 0xcd, 0xfa, 0xff,
    0x2d, 0xcf, 0xfa, 0xff, 0x2d, 0xd1, 0xfb, 0xff, 0x2e, 0xd3, 0xfb, 0xff, 0x2e, 0xd5, 0xfb, 0xff,
    0x2f, 0xd6, 0xfb, 0xff, 0x2f, 0xd8, 0xfc, 0xff, 0x2f, 0xda, 0xfc, 0xff, 0x2f, 0xdc, 0xfd, 0xff,
    0x2f, 0xdc, 0xfd, 0xff, 0x2f, 0xdc, 0xfd, 0xff, 0x2f, 0xdc, 0xfd, 0xff, 0x2f, 0xdc, 0xfd, 0xff,
    0x2f, 0xdc, 0xfd, 0xff, 0x2f, 0xdc, 0xfd, 0xff, 0x29, 0xd3, 0xfa, 0xff, 0x20, 0xc4, 0xf8, 0xff,
    0x1c, 0xbc, 0xf6, 0xff, 0x1d, 0xbe, 0xf6, 0xff, 0x27, 0xd0, 0xfa, 0xff, 0x2f, 0xdc, 0xfd, 0xff,
    0x2f, 0xdc, 0xfd, 0xff, 0x2f, 0xdc, 0xfd, 0xff, 0x2f, 0xdc, 0xfd, 0xff, 0x2f, 0xdc, 0xfd, 0xff,
    0x2f, 0xdc, 0xfd, 0xff, 0x2f, 0xdc, 0xfd, 0xff, 0x2f, 0xdc, 0xfd, 0xff, 0x2f, 0xdc, 0xfd, 0xff,
    0x2f, 0xdc, 0xfd, 0xff, 0x2f, 0xdc, 0xfd, 0xff, 0x2f, 0xdc, 0xfd, 0xff, 0x2f, 0xdc, 0xfd, 0xff,
    0x2f, 0xdb, 0xfd, 0xff, 0x2f, 0xda, 0xfc, 0xff, 0x2f, 0xd8, 0xfc, 0xff, 0x2f, 0xd6, 0xfb, 0xff,
    0x2e, 0xd4, 0xfb, 0xff, 0x2e, 0xd2, 0xfb, 0xff, 0x2d, 0xd0, 0xfb, 0xff, 0x2d, 0xcf, 0xfa, 0xff,
    0x2d, 0xcd, 0xfa, 0xff, 0x2d, 0xcb, 0xf9, 0xff, 0x2d, 0xc9, 0xf9, 0xff, 0x2c, 0xc7, 0xf9, 0xff,
    0x2a, 0xc0, 0xf8, 0xff, 0x0a, 0x99, 0xee, 0xff, 0x0d, 0x9a, 0xee, 0xd4, 0x00, 0x00, 0x00, 0x00,
    0x00, 0x00, 0x00, 0x00, 0x00, 0x00, 0x00, 0x00, 0x00, 0x00, 0x00, 0x00, 0x00, 0x00, 0x00, 0x00,
    0x00, 0x00, 0x00, 0x00, 0x00, 0x00, 0x00, 0x00, 0x00, 0x00, 0x00, 0x00, 0x00, 0x00, 0x00, 0x00,
    0x09, 0x9a, 0xee, 0xc0, 0x1c, 0xb0, 0xf3, 0xff, 0x4a, 0xe0, 0xff, 0xff, 0x50, 0xe2, 0xff, 0xff,
    0x41, 0xcf, 0xfa, 0xff, 0x04, 0x93, 0xec, 0xff, 0x2b, 0xc8, 0xf8, 0xff, 0x2d, 0xcd, 0xf9, 0xff,
    0x2d, 0xcf, 0xf9, 0xff, 0x2d, 0xd0, 0xfa, 0xff, 0x2e, 0xd2, 0xfa, 0xff, 0x2e, 0xd4, 0xfa, 0xff,
    0x2e, 0xd5, 0xfa, 0xff, 0x2e, 0xd7, 0xfb, 0xff, 0x2e, 0xd8, 0xfb, 0xff, 0x2f, 0xda, 0xfc, 0xff,
    0x2f, 0xdc, 0xfc, 0xff, 0x2f, 0xdc, 0xfc, 0xff, 0x2f, 0xdc, 0xfc, 0xff, 0x26, 0xcd, 0xf9, 0xff,
    0x15, 0xb1, 0xf3, 0xff, 0x06, 0x98, 0xed, 0xff, 0x07, 0x97, 0xed, 0xff, 0x16, 0xa6, 0xef, 0xff,
    0x1f, 0xaf, 0xf2, 0xff, 0x15, 0xa5, 0xf0, 0xff, 0x02, 0x91, 0xec, 0xff, 0x18, 0xb6, 0xf3, 0xff,
    0x2f, 0xdc, 0xfc, 0xff, 0x2f, 0xdc, 0xfc, 0xff, 0x2f, 0xdc, 0xfc, 0xff, 0x2f, 0xdc, 0xfc, 0xff,
    0x2f, 0xdc, 0xfc, 0xff, 0x2f, 0xdc, 0xfc, 0xff, 0x2f, 0xdc, 0xfc, 0xff, 0x2f, 0xdc, 0xfc, 0xff,
    0x2f, 0xdc, 0xfc, 0xff, 0x2f, 0xdc, 0xfc, 0xff, 0x2f, 0xdc, 0xfc, 0xff, 0x2f, 0xdc, 0xfc, 0xff,
    0x2f, 0xda, 0xfb, 0xff, 0x2e, 0xd8, 0xfb, 0xff, 0x2e, 0xd7, 0xfb, 0xff, 0x2e, 0xd5, 0xfa, 0xff,
    0x2e, 0xd3, 0xfa, 0xff, 0x2e, 0xd2, 0xfa, 0xff, 0x2d, 0xd0, 0xfa, 0xff, 0x2d, 0xce, 0xf9, 0xff,
    0x2d, 0xcc, 0xf9, 0xff, 0x2d, 0xcb, 0xf9, 0xff, 0x2c, 0xc9, 0xf9, 0xff, 0x2c, 0xc7, 0xf8, 0xff,
    0x27, 0xbd, 0xf6, 0xff, 0x01, 0x91, 0xec, 0xff, 0x12, 0x9f, 0xf1, 0x90, 0x00, 0x00, 0x00, 0x00,
    0x00, 0x00, 0x00, 0x00, 0x00, 0x00, 0x00, 0x00, 0x00, 0x00, 0x00, 0x00, 0x00, 0x00, 0x00, 0x00,
    0x00, 0x00, 0x00, 0x00, 0x00, 0x00, 0x00, 0x00, 0x00, 0x00, 0x00, 0x00, 0x00, 0x00, 0x00, 0x00,
    0x06, 0x95, 0xec, 0x52, 0x0a, 0x9a, 0xee, 0xfe, 0x4b, 0xe1, 0xff, 0xff, 0x51, 0xe3, 0xff, 0xff,
    0x56, 0xe5, 0xff, 0xff, 0x10, 0x9e, 0xef, 0xff, 0x20, 0xb9, 0xf5, 0xff, 0x2d, 0xcd, 0xf9, 0xff,
    0x2d, 0xce, 0xf9, 0xff, 0x2d, 0xd0, 0xfa, 0xff, 0x2d, 0xd1, 0xfa, 0xff, 0x2e, 0xd3, 0xfa, 0xff,
    0x2e, 0xd4, 0xfb, 0xff, 0x2f, 0xd6, 0xfb, 0xff, 0x2f, 0xd7, 0xfb, 0xff, 0x2f, 0xd9, 0xfb, 0xff,
    0x2f, 0xd9, 0xfc, 0xff, 0x1d, 0xbe, 0xf5, 0xff, 0x09, 0x9d, 0xee, 0xff, 0x0a, 0x9a, 0xee, 0xff,
    0x34, 0xbe, 0xf4, 0xff, 0x63, 0xe1, 0xfc, 0xff, 0x76, 0xf1, 0xff, 0xff, 0x76, 0xf1, 0xff, 0xff,
    0x76, 0xf1, 0xff, 0xff, 0x71, 0xef, 0xff, 0xff, 0x57, 0xdb, 0xfb, 0xff, 0x04, 0x93, 0xec, 0xff,
    0x2e, 0xda, 0xfc, 0xff, 0x2f, 0xdb, 0xfc, 0xff, 0x2f, 0xdb, 0xfc, 0xff, 0x2f, 0xdb, 0xfc, 0xff,
    0x2f, 0xdb, 0xfc, 0xff, 0x2f, 0xdb, 0xfc, 0xff, 0x2f, 0xdb, 0xfc, 0xff, 0x2f, 0xdb, 0xfc, 0xff,
    0x2f, 0xdb, 0xfc, 0xff, 0x2f, 0xdb, 0xfc, 0xff, 0x2f, 0xdb, 0xfc, 0xff, 0x2f, 0xda, 0xfc, 0xff,
    0x2f, 0xd8, 0xfb, 0xff, 0x2f, 0xd7, 0xfb, 0xff, 0x2f, 0xd5, 0xfb, 0xff, 0x2e, 0xd4, 0xfb, 0xff,
    0x2e, 0xd3, 0xfa, 0xff, 0x2d, 0xd1, 0xfa, 0xff, 0x2d, 0xcf, 0xf9, 0xff, 0x2d, 0xce, 0xf9, 0xff,
    0x2d, 0xcc, 0xf9, 0xff, 0x2d, 0xcb, 0xf9, 0xff, 0x2c, 0xc9, 0xf8, 0xff, 0x2c, 0xc6, 0xf8, 0xff,
    0x1a, 0xad, 0xf3, 0xff, 0x00, 0x8f, 0xeb, 0xff, 0x14, 0x9a, 0xeb, 0x26, 0x00, 0x00, 0x00, 0x00,
    0x00, 0x00, 0x00, 0x00, 0x00, 0x00, 0x00, 0x00, 0x00, 0x00, 0x00, 0x00, 0x00, 0x00, 0x00, 0x00,
    0x00, 0x00, 0x00, 0x00, 0x00, 0x00, 0x00, 0x00, 0x00, 0x00, 0x00, 0x00, 0x00, 0x00, 0x00, 0x00,
    0x00, 0x80, 0xff, 0x02, 0x04, 0x94, 0xec, 0xf8, 0x40, 0xd5, 0xfc, 0xff, 0x51, 0xe3, 0xff, 0xff,
    0x57, 0xe5, 0xff, 0xff, 0x2c, 0xb9, 0xf4, 0xff, 0x17, 0xaa, 0xf2, 0xff, 0x2d, 0xcb, 0xf9, 0xff,
    0x2e, 0xcd, 0xfa, 0xff, 0x2e, 0xce, 0xfa, 0xff, 0x2e, 0xd0, 0xfa, 0xff, 0x2e, 0xd1, 0xfa, 0xff,
    0x2e, 0xd3, 0xfb, 0xff, 0x2e, 0xd4, 0xfb, 0xff, 0x2f, 0xd5, 0xfb, 0xff, 0x22, 0xc2, 0xf6, 0xff,
    0x0a, 0x9c, 0xee, 0xff, 0x0c, 0x9b, 0xee, 0xff, 0x49, 0xcd, 0xf8, 0xff, 0x75, 0xf0, 0xff, 0xff,
    0x76, 0xf1, 0xff, 0xff, 0x76, 0xf1, 0xff, 0xff, 0x76, 0xf1, 0xff, 0xff, 0x76, 0xf1, 0xff, 0xff,
    0x76, 0xf1, 0xff, 0xff, 0x72, 0xf0, 0xff, 0xff, 0x69, 0xea, 0xfe, 0xff, 0x03, 0x92, 0xec, 0xff,
    0x2d, 0xd6, 0xfb, 0xff, 0x2f, 0xd9, 0xfc, 0xff, 0x2f, 0xd9, 0xfc, 0xff, 0x2f, 0xd9, 0xfc, 0xff,
    0x2f, 0xd9, 0xfc, 0xff, 0x2f, 0xd9, 0xfc, 0xff, 0x2f, 0xd9, 0xfc, 0xff, 0x2f, 0xd9, 0xfc, 0xff,
    0x2f, 0xd9, 0xfc, 0xff, 0x2f, 0xd9, 0xfc, 0xff, 0x2f, 0xd9, 0xfc, 0xff, 0x2f, 0xd7, 0xfb, 0xff,
    0x2f, 0xd6, 0xfb, 0xff, 0x2f, 0xd5, 0xfb, 0xff, 0x2e, 0xd3, 0xfb, 0xff, 0x2e, 0xd2, 0xfb, 0xff,
    0x2e, 0xd0, 0xfa, 0xff, 0x2e, 0xcf, 0xfa, 0xff, 0x2e, 0xce, 0xfa, 0xff, 0x2d, 0xcd, 0xfa, 0xff,
    0x2d, 0xcb, 0xf9, 0xff, 0x2d, 0xca, 0xf9, 0xff, 0x2c, 0xc8, 0xf9, 0xff, 0x2b, 0xc3, 0xf8, 0xff,
    0x0c, 0x9c, 0xef, 0xff, 0x08, 0x97, 0xed, 0xf3, 0x00, 0x00, 0x00, 0x00, 0x00, 0x00, 0x00, 0x00,
    0x00, 0x00, 0x00, 0x00, 0x00, 0x00, 0x00, 0x00, 0x00, 0x00, 0x00, 0x00, 0x00, 0x00, 0x00, 0x00,
    0x00, 0x00, 0x00, 0x00, 0x00, 0x00, 0x00, 0x00, 0x00, 0x00, 0x00, 0x00, 0x00, 0x00, 0x00, 0x00,
    0x00, 0x00, 0x00, 0x00, 0x09, 0x99, 0xee, 0xb4, 0x31, 0xc4, 0xf8, 0xff, 0x51, 0xe3, 0xff, 0xff,
    0x57, 0xe5, 0xff, 0xff, 0x44, 0xcf, 0xfa, 0xff, 0x06, 0x95, 0xed, 0xff, 0x15, 0xaa, 0xf1, 0xff,
    0x2c, 0xcb, 0xfa, 0xff, 0x2e, 0xce, 0xfa, 0xff, 0x2e, 0xcf, 0xfa, 0xff, 0x2e, 0xd0, 0xfa, 0xff,
    0x2e, 0xd1, 0xfa, 0xff, 0x25, 0xc7, 0xf8, 0xff, 0x0f, 0xa4, 0xf0, 0xff, 0x0a, 0x99, 0xed, 0xff,
    0x47, 0xcb, 0xf7, 0xff, 0x74, 0xef, 0xff, 0xff, 0x76, 0xf1, 0xff, 0xff, 0x76, 0xf1, 0xff, 0xff,
    0x76, 0xf1, 0xff, 0xff, 0x76, 0xf1, 0xff, 0xff, 0x76, 0xf1, 0xff, 0xff, 0x76, 0xf1, 0xff, 0xff,
    0x76, 0xf1, 0xff, 0xff, 0x6c, 0xea, 0xfe, 0xff, 0x23, 0xad, 0xf1, 0xff, 0x0d, 0x9e, 0xef, 0xff,
    0x2f, 0xd8, 0xfc, 0xff, 0x2f, 0xd8, 0xfc, 0xff, 0x2f, 0xd8, 0xfc, 0xff, 0x2f, 0xd8, 0xfc, 0xff,
    0x2f, 0xd8, 0xfc, 0xff, 0x2f, 0xd8, 0xfc, 0xff, 0x2f, 0xd8, 0xfc, 0xff, 0x2f, 0xd8, 0xfc, 0xff,
    0x2f, 0xd8, 0xfc, 0xff, 0x2f, 0xd8, 0xfc, 0xff, 0x2f, 0xd7, 0xfb, 0xff, 0x2f, 0xd6, 0xfb, 0xff,
    0x2f, 0xd4, 0xfb, 0xff, 0x2e, 0xd3, 0xfb, 0xff, 0x2e, 0xd2, 0xfb, 0xff, 0x2e, 0xd1, 0xfa, 0xff,
    0x2e, 0xd0, 0xfa, 0xff, 0x2e, 0xcf, 0xfa, 0xff, 0x2e, 0xcd, 0xfa, 0xff, 0x2d, 0xcc, 0xf9, 0xff,
    0x2d, 0xcb, 0xf9, 0xff, 0x2d, 0xc9, 0xf9, 0xff, 0x2d, 0xc8, 0xf9, 0xff, 0x25, 0xba, 0xf6, 0xff,
    0x01, 0x90, 0xeb, 0xff, 0x12, 0xa0, 0xf0, 0xae, 0x00, 0x00, 0x00, 0x00, 0x00, 0x00, 0x00, 0x00,
    0x00, 0x00, 0x00, 0x00, 0x00, 0x00, 0x00, 0x00, 0x00, 0x00, 0x00, 0x00, 0x00, 0x00, 0x00, 0x00,
    0x00, 0x00, 0x00, 0x00, 0x00, 0x00, 0x00, 0x00, 0x00, 0x00, 0x00, 0x00, 0x00, 0x00, 0x00, 0x00,
    0x00, 0x00, 0x00, 0x00, 0x00, 0x8f, 0xeb, 0x59, 0x1f, 0xb0, 0xf4, 0xf8, 0x51, 0xe3, 0xff, 0xff,
    0x57, 0xe5, 0xff, 0xff, 0x5a, 0xe4, 0xfe, 0xff, 0x05, 0x94, 0xeb, 0xff, 0x00, 0x8f, 0xeb, 0xff,
    0x07, 0x99, 0xed, 0xff, 0x17, 0xaf, 0xf2, 0xff, 0x1c, 0xb6, 0xf4, 0xff, 0x17, 0xae, 0xf3, 0xff,
    0x0a, 0x9e, 0xee, 0xff, 0x03, 0x94, 0xeb, 0xff, 0x35, 0xbd, 0xf5, 0xff, 0x71, 0xee, 0xfe, 0xff,
    0x76, 0xf1, 0xff, 0xff, 0x76, 0xf1, 0xff, 0xff, 0x76, 0xf1, 0xff, 0xff, 0x76, 0xf1, 0xff, 0xff,
    0x76, 0xf1, 0xff, 0xff, 0x76, 0xf1, 0xff, 0xff, 0x76, 0xf1, 0xff, 0xff, 0x63, 0xe1, 0xfc, 0xff,
    0x33, 0xba, 0xf4, 0xff, 0x05, 0x94, 0xec, 0xff, 0x09, 0x9c, 0xed, 0xff, 0x27, 0xcd, 0xf9, 0xff,
    0x2e, 0xd7, 0xfb, 0xff, 0x2e, 0xd7, 0xfb, 0xff, 0x2e, 0xd7, 0xfb, 0xff, 0x2e, 0xd7, 0xfb, 0xff,
    0x2e, 0xd7, 0xfb, 0xff, 0x2e, 0xd7, 0xfb, 0xff, 0x2e, 0xd7, 0xfb, 0xff, 0x2e, 0xd7, 0xfb, 0xff,
    0x2e, 0xd6, 0xfb, 0xff, 0x2e, 0xd5, 0xfb, 0xff, 0x2e, 0xd4, 0xfb, 0xff, 0x2e, 0xd3, 0xfb, 0xff,
    0x2e, 0xd2, 0xfa, 0xff, 0x2d, 0xd1, 0xfa, 0xff, 0x2d, 0xd0, 0xfa, 0xff, 0x2d, 0xcf, 0xfa, 0xff,
    0x2d, 0xce, 0xfa, 0xff, 0x2d, 0xcd, 0xf9, 0xff, 0x2c, 0xcc, 0xf9, 0xff, 0x2c, 0xcb, 0xf9, 0xff,
    0x2c, 0xca, 0xf9, 0xff, 0x2c, 0xc8, 0xf8, 0xff, 0x2b, 0xc5, 0xf8, 0xff, 0x10, 0xa2, 0xf0, 0xff,
    0x02, 0x91, 0xeb, 0xff, 0x18, 0x9f, 0xef, 0x20, 0x00, 0x00, 0x00, 0x00, 0x00, 0x00, 0x00, 0x00,
    0x00, 0x00, 0x00, 0x00, 0x00, 0x00, 0x00, 0x00, 0x00, 0x00, 0x00, 0x00, 0x00, 0x00, 0x00, 0x00,
    0x00, 0x00, 0x00, 0x00, 0x00, 0x00, 0x00, 0x00, 0x00, 0x00, 0x00, 0x00, 0x00, 0x00, 0x00, 0x00,
    0x00, 0x00, 0x00, 0x00, 0x00, 0x8f, 0xea, 0x30, 0x11, 0xa0, 0xf0, 0xe7, 0x50, 0xe3, 0xff, 0xff,
    0x56, 0xe5, 0xff, 0xff, 0x5c, 0xe7, 0xff, 0xff, 0x2c, 0xb8, 0xf4, 0xff, 0x02, 0x91, 0xec, 0xff,
    0x00, 0x8f, 0xeb, 0xff, 0x00, 0x8f, 0xeb, 0xff, 0x01, 0x91, 0xeb, 0xff, 0x03, 0x93, 0xec, 0xff,
    0x24, 0xae, 0xf2, 0xff, 0x64, 0xe2, 0xfc, 0xff, 0x76, 0xf1, 0xff, 0xff, 0x76, 0xf1, 0xff, 0xff,
    0x76, 0xf1, 0xff, 0xff, 0x76, 0xf1, 0xff, 0xff, 0x76, 0xf1, 0xff, 0xff, 0x76, 0xf1, 0xff, 0xff,
    0x6f, 0xeb, 0xfe, 0xff, 0x40, 0xc6, 0xf6, 0xff, 0x12, 0xa1, 0xef, 0xff, 0x03, 0x92, 0xec, 0xff,
    0x10, 0xa8, 0xf1, 0xff, 0x20, 0xc1, 0xf6, 0xff, 0x2d, 0xd5, 0xfb, 0xff, 0x2e, 0xd6, 0xfb, 0xff,
    0x2e, 0xd6, 0xfb, 0xff, 0x2e, 0xd6, 0xfb, 0xff, 0x2e, 0xd6, 0xfb, 0xff, 0x2e, 0xd6, 0xfb, 0xff,
    0x2e, 0xd6, 0xfb, 0xff, 0x2e, 0xd6, 0xfb, 0xff, 0x2e, 0xd5, 0xfb, 0xff, 0x2e, 0xd5, 0xfb, 0xff,
    0x2e, 0xd4, 0xfb, 0xff, 0x2e, 0xd4, 0xfb, 0xff, 0x2e, 0xd3, 0xfb, 0xff, 0x2e, 0xd2, 0xfa, 0xff,
    0x2d, 0xd1, 0xfa, 0xff, 0x2d, 0xd0, 0xfa, 0xff, 0x2d, 0xcf, 0xfa, 0xff, 0x2d, 0xce, 0xfa, 0xff,
    0x2d, 0xcd, 0xf9, 0xff, 0x2d, 0xcd, 0xf9, 0xff, 0x2d, 0xcb, 0xf9, 0xff, 0x2d, 0xca, 0xf9, 0xff,
    0x2c, 0xc9, 0xf9, 0xff, 0x2c, 0xc8, 0xf9, 0xff, 0x25, 0xbb, 0xf6, 0xff, 0x01, 0x90, 0xeb, 0xff,
    0x10, 0x9d, 0xef, 0xd5, 0x00, 0x00, 0x00, 0x00, 0x00, 0x00, 0x00, 0x00, 0x00, 0x00, 0x00, 0x00,
    0x00, 0x00, 0x00, 0x00, 0x00, 0x00, 0x00, 0x00, 0x00, 0x00, 0x00, 0x00, 0x00, 0x00, 0x00, 0x00,
    0x00, 0x00, 0x00, 0x00, 0x00, 0x00, 0x00, 0x00, 0x00, 0x00, 0x00, 0x00, 0x00, 0x00, 0x00, 0x00,
    0x00, 0x00, 0x00, 0x00, 0x00, 0x95, 0xea, 0x0c, 0x0a, 0x9a, 0xee, 0xe1, 0x4f, 0xe2, 0xff, 0xff,
    0x55, 0xe4, 0xff, 0xff, 0x5a, 0xe6, 0xff, 0xff, 0x5c, 0xe4, 0xfe, 0xff, 0x27, 0xb2, 0xf3, 0xff,
    0x05, 0x94, 0xec, 0xff, 0x0a, 0x98, 0xed, 0xff, 0x2e, 0xb6, 0xf4, 0xff, 0x67, 0xe5, 0xfc, 0xff,
    0x76, 0xf1, 0xff, 0xff, 0x76, 0xf1, 0xff, 0xff, 0x76, 0xf1, 0xff, 0xff, 0x76, 0xf1, 0xff, 0xff,
    0x76, 0xf1, 0xff, 0xff, 0x76, 0xf1, 0xff, 0xff, 0x6a, 0xe6, 0xfd, 0xff, 0x32, 0xba, 0xf4, 0xff,
    0x04, 0x92, 0xec, 0xff, 0x05, 0x97, 0xec, 0xff, 0x09, 0x9d, 0xee, 0xff, 0x28, 0xc9, 0xf9, 0xff,
    0x2e, 0xd3, 0xfa, 0xff, 0x2e, 0xd3, 0xfa, 0xff, 0x2e, 0xd3, 0xfa, 0xff, 0x2e, 0xd3, 0xfa, 0xff,
    0x2e, 0xd3, 0xfa, 0xff, 0x2e, 0xd3, 0xfa, 0xff, 0x2e, 0xd3, 0xfa, 0xff, 0x2e, 0xd3, 0xfa, 0xff,
    0x2e, 0xd3, 0xfa, 0xff, 0x2e, 0xd2, 0xfa, 0xff, 0x2e, 0xd2, 0xfa, 0xff, 0x2e, 0xd1, 0xfa, 0xff,
    0x2e, 0xd1, 0xfa, 0xff, 0x2e, 0xd0, 0xfa, 0xff, 0x2e, 0xd0, 0xf9, 0xff, 0x2d, 0xcf, 0xf9, 0xff,
    0x2d, 0xce, 0xf9, 0xff, 0x2d, 0xce, 0xf9, 0xff, 0x2d, 0xcd, 0xf9, 0xff, 0x2d, 0xcc, 0xf9, 0xff,
    0x2d, 0xcb, 0xf9, 0xff, 0x2d, 0xca, 0xf8, 0xff, 0x2d, 0xc9, 0xf8, 0xff, 0x2d, 0xc8, 0xf8, 0xff,
    0x2c, 0xc7, 0xf8, 0xff, 0x2c, 0xc4, 0xf8, 0xff, 0x0b, 0x9c, 0xee, 0xff, 0x02, 0x91, 0xeb, 0xff,
    0x17, 0xa8, 0xf3, 0x2c, 0x00, 0x00, 0x00, 0x00, 0x00, 0x00, 0x00, 0x00, 0x00, 0x00, 0x00, 0x00,
    0x00, 0x00, 0x00, 0x00, 0x00, 0x00, 0x00, 0x00, 0x00, 0x00, 0x00, 0x00, 0x00, 0x00, 0x00, 0x00,
    0x00, 0x00, 0x00, 0x00, 0x00, 0x00, 0x00, 0x00, 0x00, 0x00, 0x00, 0x00, 0x00, 0x00, 0x00, 0x00,
    0x00, 0x00, 0x00, 0x00, 0x00, 0x00, 0x00, 0x00, 0x0d, 0x9e, 0xee, 0xd7, 0x4d, 0xe1, 0xff, 0xff,
    0x53, 0xe4, 0xff, 0xff, 0x58, 0xe6, 0xff, 0xff, 0x5e, 0xe8, 0xff, 0xff, 0x63, 0xea, 0xff, 0xff,
    0x68, 0xec, 0xff, 0xff, 0x6d, 0xee, 0xff, 0xff, 0x72, 0xf0, 0xff, 0xff, 0x76, 0xf1, 0xff, 0xff,
    0x76, 0xf1, 0xff, 0xff, 0x76, 0xf1, 0xff, 0xff, 0x76, 0xf1, 0xff, 0xff, 0x76, 0xf1, 0xff, 0xff,
    0x6e, 0xea, 0xfe, 0xff, 0x2f, 0xb5, 0xf3, 0xff, 0x02, 0x91, 0xeb, 0xff, 0x00, 0x8f, 0xeb, 0xff,
    0x00, 0x8f, 0xeb, 0xff, 0x05, 0x97, 0xed, 0xff, 0x2a, 0xcc, 0xf9, 0xff, 0x2e, 0xd1, 0xfb, 0xff,
    0x2e, 0xd2, 0xfb, 0xff, 0x2e, 0xd2, 0xfb, 0xff, 0x2e, 0xd2, 0xfb, 0xff, 0x2e, 0xd2, 0xfb, 0xff,
    0x2e, 0xd2, 0xfb, 0xff, 0x2e, 0xd2, 0xfb, 0xff, 0x2e, 0xd2, 0xfb, 0xff, 0x2e, 0xd1, 0xfb, 0xff,
    0x2e, 0xd1, 0xfb, 0xff, 0x2e, 0xd1, 0xfb, 0xff, 0x2e, 0xd0, 0xfb, 0xff, 0x2e, 0xd0, 0xfb, 0xff,
    0x2e, 0xd0, 0xfb, 0xff, 0x2e, 0xcf, 0xfb, 0xff, 0x2e, 0xce, 0xfb, 0xff, 0x2e, 0xce, 0xfa, 0xff,
    0x2e, 0xcd, 0xfa, 0xff, 0x2d, 0xcd, 0xfa, 0xff, 0x2d, 0xcc, 0xfa, 0xff, 0x2d, 0xcb, 0xfa, 0xff,
    0x2d, 0xca, 0xfa, 0xff, 0x2d, 0xca, 0xfa, 0xff, 0x2d, 0xc9, 0xfa, 0xff, 0x2d, 0xc8, 0xf9, 0xff,
    0x2c, 0xc6, 0xf9, 0xff, 0x1a, 0xae, 0xf3, 0xff, 0x00, 0x8f, 0xeb, 0xff, 0x12, 0xa1, 0xf1, 0xc5,
    0x00, 0x00, 0x00, 0x00, 0x00, 0x00, 0x00, 0x00, 0x00, 0x00, 0x00, 0x00, 0x00, 0x00, 0x00, 0x00,
    0x00, 0x00, 0x00, 0x00, 0x00, 0x00, 0x00, 0x00, 0x00, 0x00, 0x00, 0x00, 0x00, 0x00, 0x00, 0x00,
    0x00, 0x00, 0x00, 0x00, 0x00, 0x00, 0x00, 0x00, 0x00, 0x00, 0x00, 0x00, 0x00, 0x00, 0x00, 0x00,
    0x00, 0x00, 0x00, 0x00, 0x00, 0x00, 0x00, 0x00, 0x17, 0xa9, 0xf2, 0xd3, 0x4b, 0xe1, 0xff, 0xff,
    0x51, 0xe3, 0xff, 0xff, 0x56, 0xe5, 0xff, 0xff, 0x5b, 0xe7, 0xff, 0xff, 0x60, 0xe9, 0xff, 0xff,
    0x65, 0xeb, 0xff, 0xff, 0x6a, 0xec, 0xff, 0xff, 0x6f, 0xee, 0xff, 0xff, 0x73, 0xf0, 0xff, 0xff,
    0x76, 0xf1, 0xff, 0xff, 0x76, 0xf1, 0xff, 0xff, 0x76, 0xf1, 0xff, 0xff, 0x56, 0xd6, 0xfa, 0xff,
    0x0b, 0x99, 0xed, 0xff, 0x17, 0xa2, 0xef, 0xff, 0x4d, 0xcf, 0xf8, 0xff, 0x16, 0xa2, 0xf0, 0xff,
    0x07, 0x99, 0xed, 0xff, 0x22, 0xbf, 0xf6, 0xff, 0x2d, 0xce, 0xfa, 0xff, 0x2d, 0xce, 0xfa, 0xff,
    0x2d, 0xce, 0xfa, 0xff, 0x2d, 0xce, 0xfa, 0xff, 0x2d, 0xcf, 0xfa, 0xff, 0x2d, 0xcf, 0xfa, 0xff,
    0x2d, 0xcf, 0xfa, 0xff, 0x2d, 0xcf, 0xfa, 0xff, 0x2d, 0xce, 0xfa, 0xff, 0x2d, 0xce, 0xfa, 0xff,
    0x2d, 0xce, 0xfa, 0xff, 0x2d, 0xce, 0xfa, 0xff, 0x2d, 0xcd, 0xfa, 0xff, 0x2d, 0xcd, 0xfa, 0xff,
    0x2d, 0xcc, 0xfa, 0xff, 0x2d, 0xcc, 0xfa, 0xff, 0x2d, 0xcc, 0xfa, 0xff, 0x2d, 0xcb, 0xfa, 0xff,
    0x2c, 0xcb, 0xfa, 0xff, 0x2c, 0xca, 0xf9, 0xff, 0x2c, 0xca, 0xf9, 0xff, 0x2c, 0xc9, 0xf9, 0xff,
    0x2c, 0xc8, 0xf9, 0xff, 0x2c, 0xc7, 0xf9, 0xff, 0x2c, 0xc7, 0xf9, 0xff, 0x2c, 0xc6, 0xf9, 0xff,
    0x23, 0xb9, 0xf5, 0xff, 0x02, 0x90, 0xec, 0xff, 0x08, 0x97, 0xee, 0xfa, 0x00, 0xbf, 0xff, 0x08,
    0x00, 0x00, 0x00, 0x00, 0x00, 0x00, 0x00, 0x00, 0x00, 0x00, 0x00, 0x00, 0x00, 0x00, 0x00, 0x00,
    0x00, 0x00, 0x00, 0x00, 0x00, 0x00, 0x00, 0x00, 0x00, 0x00, 0x00, 0x00, 0x00, 0x00, 0x00, 0x00,
    0x00, 0x00, 0x00, 0x00, 0x00, 0x00, 0x00, 0x00, 0x00, 0x00, 0x00, 0x00, 0x00, 0x00, 0x00, 0x00,
    0x00, 0x00, 0x00, 0x00, 0x00, 0x00, 0x00, 0x00, 0x22, 0xb8, 0xf5, 0xd3, 0x49, 0xe0, 0xff, 0xff,
    0x4e, 0xe2, 0xff, 0xff, 0x53, 0xe4, 0xff, 0xff, 0x58, 0xe6, 0xff, 0xff, 0x5d, 0xe7, 0xff, 0xff,
    0x62, 0xe9, 0xff, 0xff, 0x66, 0xeb, 0xff, 0xff, 0x6a, 0xed, 0xff, 0xff, 0x6e, 0xee, 0xff, 0xff,
    0x72, 0xf0, 0xff, 0xff, 0x75, 0xf1, 0xff, 0xff, 0x4e, 0xd0, 0xf8, 0xff, 0x1d, 0xa7, 0xf0, 0xff,
    0x53, 0xd4, 0xf9, 0xff, 0x76, 0xf1, 0xff, 0xff, 0x76, 0xf1, 0xff, 0xff, 0x51, 0xd2, 0xf9, 0xff,
    0x04, 0x93, 0xec, 0xff, 0x2d, 0xcb, 0xf9, 0xff, 0x2d, 0xcc, 0xf9, 0xff, 0x2d, 0xcc, 0xf9, 0xff,
    0x2d, 0xcc, 0xf9, 0xff, 0x2d, 0xcc, 0xf9, 0xff, 0x2d, 0xcc, 0xf9, 0xff, 0x2d, 0xcc, 0xf9, 0xff,
    0x2d, 0xcc, 0xf9, 0xff, 0x2d, 0xcc, 0xf9, 0xff, 0x2d, 0xcc, 0xf9, 0xff, 0x2d, 0xcc, 0xf9, 0xff,
    0x2d, 0xcc, 0xf9, 0xff, 0x2d, 0xcc, 0xf9, 0xff, 0x2d, 0xcb, 0xf9, 0xff, 0x2d, 0xcb, 0xf9, 0xff,
    0x2d, 0xcb, 0xf9, 0xff, 0x2d, 0xca, 0xf9, 0xff, 0x2c, 0xca, 0xf9, 0xff, 0x2c, 0xca, 0xf9, 0xff,
    0x2c, 0xc9, 0xf8, 0xff, 0x2c, 0xc9, 0xf8, 0xff, 0x2c, 0xc8, 0xf8, 0xff, 0x2c, 0xc8, 0xf8, 0xff,
    0x2c, 0xc7, 0xf8, 0xff, 0x2c, 0xc7, 0xf8, 0xff, 0x2c, 0xc6, 0xf8, 0xff, 0x27, 0xbf, 0xf7, 0xff,
    0x05, 0x95, 0xec, 0xff, 0x02, 0x91, 0xeb, 0xff, 0x15, 0xa1, 0xf2, 0x5f, 0x00, 0x00, 0x00, 0x00,
    0x00, 0x00, 0x00, 0x00, 0x00, 0x00, 0x00, 0x00, 0x00, 0x00, 0x00, 0x00, 0x00, 0x00, 0x00, 0x00,
    0x00, 0x00, 0x00, 0x00, 0x00, 0x00, 0x00, 0x00, 0x00, 0x00, 0x00, 0x00, 0x00, 0x00, 0x00, 0x00,
    0x00, 0x00, 0x00, 0x00, 0x00, 0x00, 0x00, 0x00, 0x00, 0x00, 0x00, 0x00, 0x00, 0x00, 0x00, 0x00,
    0x00, 0x00, 0x00, 0x00, 0x00, 0x00, 0x00, 0x00, 0x32, 0xca, 0xfa, 0xd3, 0x46, 0xdf, 0xff, 0xff,
    0x4b, 0xe1, 0xff, 0xff, 0x50, 0xe2, 0xff, 0xff, 0x55, 0xe4, 0xff, 0xff, 0x59, 0xe6, 0xff, 0xff,
    0x5e, 0xe8, 0xff, 0xff, 0x62, 0xe9, 0xff, 0xff, 0x66, 0xeb, 0xff, 0xff, 0x6a, 0xec, 0xff, 0xff,
    0x6d, 0xee, 0xff, 0xff, 0x70, 0xef, 0xff, 0xff, 0x6d, 0xec, 0xfe, 0xff, 0x74, 0xf0, 0xff, 0xff,
    0x75, 0xf1, 0xff, 0xff, 0x75, 0xf1, 0xff, 0xff, 0x75, 0xf1, 0xff, 0xff, 0x42, 0xc6, 0xf6, 0xff,
    0x06, 0x95, 0xed, 0xff, 0x2d, 0xca, 0xf9, 0xff, 0x2d, 0xca, 0xf9, 0xff, 0x2d, 0xca, 0xf9, 0xff,
    0x2d, 0xca, 0xf9, 0xff, 0x2d, 0xca, 0xf9, 0xff, 0x2d, 0xca, 0xf9, 0xff, 0x2d, 0xca, 0xf9, 0xff,
    0x2d, 0xca, 0xf9, 0xff, 0x2d, 0xca, 0xf9, 0xff, 0x2d, 0xca, 0xf9, 0xff, 0x2d, 0xca, 0xf9, 0xff,
    0x2d, 0xca, 0xf9, 0xff, 0x2d, 0xca, 0xf9, 0xff, 0x2d, 0xc9, 0xf9, 0xff, 0x2d, 0xc9, 0xf9, 0xff,
    0x2d, 0xc9, 0xf9, 0xff, 0x2d, 0xc9, 0xf9, 0xff, 0x2d, 0xc8, 0xf9, 0xff, 0x2d, 0xc8, 0xf9, 0xff,
    0x2d, 0xc8, 0xf9, 0xff, 0x2c, 0xc7, 0xf9, 0xff, 0x2c, 0xc7, 0xf8, 0xff, 0x2c, 0xc6, 0xf8, 0xff,
    0x2c, 0xc6, 0xf8, 0xff, 0x2c, 0xc6, 0xf8, 0xff, 0x28, 0xc0, 0xf7, 0xff, 0x08, 0x98, 0xee, 0xff,
    0x00, 0x8f, 0xeb, 0xff, 0x15, 0xa3, 0xf2, 0xa0, 0x00, 0x00, 0x00, 0x00, 0x00, 0x00, 0x00, 0x00,
    0x00, 0x00, 0x00, 0x00, 0x00, 0x00, 0x00, 0x00, 0x00, 0x00, 0x00, 0x00, 0x00, 0x00, 0x00, 0x00,
    0x00, 0x00, 0x00, 0x00, 0x00, 0x00, 0x00, 0x00, 0x00, 0x00, 0x00, 0x00, 0x00, 0x00, 0x00, 0x00,
    0x00, 0x00, 0x00, 0x00, 0x00, 0x00, 0x00, 0x00, 0x00, 0x00, 0x00, 0x00, 0x00, 0x00, 0x00, 0x00,
    0x00, 0x00, 0x00, 0x00, 0x00, 0x00, 0x00, 0x00, 0x3d, 0xdc, 0xff, 0xd9, 0x43, 0xdd, 0xff, 0xff,
    0x48, 0xdf, 0xff, 0xff, 0x4c, 0xe1, 0xff, 0xff, 0x51, 0xe3, 0xff, 0xff, 0x55, 0xe5, 0xff, 0xff,
    0x5a, 0xe6, 0xff, 0xff, 0x5e, 0xe8, 0xff, 0xff, 0x61, 0xe9, 0xff, 0xff, 0x65, 0xea, 0xff, 0xff,
    0x68, 0xec, 0xff, 0xff, 0x6a, 0xed, 0xff, 0xff, 0x6c, 0xed, 0xff, 0xff, 0x6e, 0xee, 0xff, 0xff,
    0x6f, 0xee, 0xff, 0xff, 0x6f, 0xee, 0xff, 0xff, 0x48, 0xcc, 0xf8, 0xff, 0x03, 0x91, 0xec, 0xff,
    0x08, 0x99, 0xee, 0xff, 0x2c, 0xc6, 0xf8, 0xff, 0x2c, 0xc7, 0xf8, 0xff, 0x2c, 0xc7, 0xf8, 0xff,
    0x2c, 0xc7, 0xf8, 0xff, 0x2c, 0xc7, 0xf8, 0xff, 0x2c, 0xc7, 0xf8, 0xff, 0x2c, 0xc7, 0xf8, 0xff,
    0x2c, 0xc7, 0xf8, 0xff, 0x2c, 0xc7, 0xf8, 0xff, 0x2c, 0xc7, 0xf8, 0xff, 0x2c, 0xc7, 0xf8, 0xff,
    0x2c, 0xc7, 0xf8, 0xff, 0x2c, 0xc7, 0xf8, 0xff, 0x2c, 0xc7, 0xf8, 0xff, 0x2c, 0xc7, 0xf8, 0xff,
    0x2c, 0xc7, 0xf8, 0xff, 0x2c, 0xc6, 0xf8, 0xff, 0x2c, 0xc6, 0xf8, 0xff, 0x2c, 0xc6, 0xf8, 0xff,
    0x2c, 0xc6, 0xf8, 0xff, 0x2c, 0xc5, 0xf8, 0xff, 0x2c, 0xc5, 0xf8, 0xff, 0x2b, 0xc4, 0xf8, 0xff,
    0x2b, 0xc4, 0xf8, 0xff, 0x27, 0xbe, 0xf6, 0xff, 0x07, 0x98, 0xed, 0xff, 0x00, 0x8f, 0xeb, 0xff,
    0x12, 0xa1, 0xf0, 0xc9, 0x00, 0x00, 0x00, 0x00, 0x00, 0x00, 0x00, 0x00, 0x00, 0x00, 0x00, 0x00,
    0x00, 0x00, 0x00, 0x00, 0x00, 0x00, 0x00, 0x00, 0x00, 0x00, 0x00, 0x00, 0x00, 0x00, 0x00, 0x00,
    0x00, 0x00, 0x00, 0x00, 0x00, 0x00, 0x00, 0x00, 0x00, 0x00, 0x00, 0x00, 0x00, 0x00, 0x00, 0x00,
    0x00, 0x00, 0x00, 0x00, 0x00, 0x00, 0x00, 0x00, 0x00, 0x00, 0x00, 0x00, 0x00, 0x00, 0x00, 0x00,
    0x00, 0x00, 0x00, 0x00, 0x00, 0x00, 0x00, 0x00, 0x3b, 0xda, 0xff, 0xd3, 0x3f, 0xdc, 0xff, 0xff,
    0x44, 0xde, 0xff, 0xff, 0x49, 0xe0, 0xff, 0xff, 0x4d, 0xe1, 0xff, 0xff, 0x51, 0xe3, 0xff, 0xff,
    0x55, 0xe4, 0xff, 0xff, 0x59, 0xe6, 0xff, 0xff, 0x5c, 0xe7, 0xff, 0xff, 0x60, 0xe8, 0xff, 0xff,
    0x62, 0xea, 0xff, 0xff, 0x65, 0xea, 0xff, 0xff, 0x67, 0xeb, 0xff, 0xff, 0x68, 0xec, 0xff, 0xff,
    0x58, 0xdd, 0xfc, 0xff, 0x1e, 0xaa, 0xf1, 0xff, 0x04, 0x92, 0xec, 0xff, 0x29, 0xb4, 0xf3, 0xff,
    0x00, 0x90, 0xeb, 0xff, 0x21, 0xb8, 0xf5, 0xff, 0x2c, 0xc5, 0xf8, 0xff, 0x2c, 0xc6, 0xf8, 0xff,
    0x2c, 0xc6, 0xf8, 0xff, 0x2c, 0xc6, 0xf8, 0xff, 0x2c, 0xc6, 0xf8, 0xff, 0x2c, 0xc6, 0xf8, 0xff,
    0x2c, 0xc6, 0xf8, 0xff, 0x2c, 0xc6, 0xf8, 0xff, 0x2c, 0xc6, 0xf8, 0xff, 0x2c, 0xc6, 0xf8, 0xff,
    0x2c, 0xc6, 0xf8, 0xff, 0x2c, 0xc5, 0xf8, 0xff, 0x2c, 0xc5, 0xf8, 0xff, 0x2c, 0xc5, 0xf8, 0xff,
    0x2c, 0xc5, 0xf8, 0xff, 0x2c, 0xc5, 0xf8, 0xff, 0x2c, 0xc5, 0xf8, 0xff, 0x2c, 0xc5, 0xf8, 0xff,
    0x2c, 0xc4, 0xf8, 0xff, 0x2c, 0xc4, 0xf8, 0xff, 0x2c, 0xc4, 0xf8, 0xff, 0x2c, 0xc4, 0xf8, 0xff,
    0x21, 0xb6, 0xf5, 0xff, 0x04, 0x94, 0xec, 0xff, 0x00, 0x8f, 0xeb, 0xff, 0x13, 0xa1, 0xf0, 0xcc,
    0x00, 0x00, 0x00, 0x00, 0x00, 0x00, 0x00, 0x00, 0x00, 0x00, 0x00, 0x00, 0x00, 0x00, 0x00, 0x00,
    0x00, 0x00, 0x00, 0x00, 0x00, 0x00, 0x00, 0x00, 0x00, 0x00, 0x00, 0x00, 0x00, 0x00, 0x00, 0x00,
    0x00, 0x00, 0x00, 0x00, 0x00, 0x00, 0x00, 0x00, 0x00, 0x00, 0x00, 0x00, 0x00, 0x00, 0x00, 0x00,
    0x00, 0x00, 0x00, 0x00, 0x00, 0x00, 0x00, 0x00, 0x00, 0x00, 0x00, 0x00, 0x00, 0x00, 0x00, 0x00,
    0x00, 0x00, 0x00, 0x00, 0x00, 0x00, 0x00, 0x00, 0x37, 0xd9, 0xff, 0xc2, 0x3c, 0xdb, 0xff, 0xff,
    0x40, 0xdc, 0xff, 0xff, 0x45, 0xde, 0xff, 0xff, 0x49, 0xe0, 0xff, 0xff, 0x4d, 0xe1, 0xff, 0xff,
    0x51, 0xe3, 0xff, 0xff, 0x54, 0xe4, 0xff, 0xff, 0x57, 0xe5, 0xff, 0xff, 0x5a, 0xe6, 0xff, 0xff,
    0x5d, 0xe7, 0xff, 0xff, 0x5f, 0xe8, 0xff, 0xff, 0x56, 0xdf, 0xfd, 0xff, 0x22, 0xae, 0xf2, 0xff,
    0x18, 0xa5, 0xf0, 0xff, 0x34, 0xbf, 0xf6, 0xff, 0x5a, 0xe1, 0xfd, 0xff, 0x62, 0xe9, 0xff, 0xff,
    0x0d, 0x9c, 0xed, 0xff, 0x1b, 0xb1, 0xf3, 0xff, 0x2b, 0xc3, 0xf7, 0xff, 0x2b, 0xc3, 0xf7, 0xff,
    0x2b, 0xc3, 0xf7, 0xff, 0x2b, 0xc3, 0xf7, 0xff, 0x2b, 0xc3, 0xf8, 0xff, 0x2b, 0xc4, 0xf8, 0xff,
    0x2b, 0xc4, 0xf8, 0xff, 0x2b, 0xc3, 0xf8, 0xff, 0x2b, 0xc3, 0xf7, 0xff, 0x2b, 0xc3, 0xf7, 0xff,
    0x2b, 0xc3, 0xf7, 0xff, 0x2b, 0xc3, 0xf7, 0xff, 0x2b, 0xc3, 0xf7, 0xff, 0x2b, 0xc3, 0xf7, 0xff,
    0x2b, 0xc3, 0xf7, 0xff, 0x2b, 0xc3, 0xf7, 0xff, 0x2b, 0xc3, 0xf7, 0xff, 0x2b, 0xc3, 0xf7, 0xff,
    0x2b, 0xc3, 0xf7, 0xff, 0x2b, 0xc2, 0xf7, 0xff, 0x2a, 0xc0, 0xf7, 0xff, 0x16, 0xa9, 0xf1, 0xff,
    0x01, 0x90, 0xeb, 0xff, 0x02, 0x90, 0xec, 0xff, 0x15, 0xa3, 0xf0, 0xb9, 0x00, 0x00, 0x00, 0x00,
    0x00, 0x00, 0x00, 0x00, 0x00, 0x00, 0x00, 0x00, 0x00, 0x00, 0x00, 0x00, 0x00, 0x00, 0x00, 0x00,
    0x00, 0x00, 0x00, 0x00, 0x00, 0x00, 0x00, 0x00, 0x00, 0x00, 0x00, 0x00, 0x00, 0x00, 0x00, 0x00,
    0x00, 0x00, 0x00, 0x00, 0x00, 0x00, 0x00, 0x00, 0x00, 0x00, 0x00, 0x00, 0x00, 0x00, 0x00, 0x00,
    0x00, 0x00, 0x00, 0x00, 0x00, 0x00, 0x00, 0x00, 0x00, 0x00, 0x00, 0x00, 0x00, 0x00, 0x00, 0x00,
    0x00, 0x00, 0x00, 0x00, 0x00, 0x00, 0x00, 0x00, 0x33, 0xd9, 0xff, 0x9f, 0x38, 0xd9, 0xff, 0xff,
    0x3c, 0xdb, 0xff, 0xff, 0x40, 0xdd, 0xff, 0xff, 0x44, 0xde, 0xff, 0xff, 0x48, 0xdf, 0xff, 0xff,
    0x4c, 0xe1, 0xff, 0xff, 0x4f, 0xe2, 0xff, 0xff, 0x52, 0xe3, 0xff, 0xff, 0x55, 0xe4, 0xff, 0xff,
    0x57, 0xe5, 0xff, 0xff, 0x59, 0xe6, 0xff, 0xff, 0x5b, 0xe7, 0xff, 0xff, 0x5c, 0xe7, 0xff, 0xff,
    0x5c, 0xe7, 0xff, 0xff, 0x5d, 0xe7, 0xff, 0xff, 0x5c, 0xe7, 0xff, 0xff, 0x54, 0xdf, 0xfd, 0xff,
    0x02, 0x91, 0xec, 0xff, 0x22, 0xb7, 0xf5, 0xff, 0x2b, 0xc2, 0xf8, 0xff, 0x2b, 0xc2, 0xf8, 0xff,
    0x2b, 0xc2, 0xf8, 0xff, 0x2b, 0xc2, 0xf8, 0xff, 0x2b, 0xc2, 0xf8, 0xff, 0x2b, 0xc2, 0xf8, 0xff,
    0x2b, 0xc2, 0xf8, 0xff, 0x2b, 0xc2, 0xf8, 0xff, 0x2b, 0xc2, 0xf8, 0xff, 0x2b, 0xc2, 0xf8, 0xff,
    0x2b, 0xc2, 0xf8, 0xff, 0x2b, 0xc2, 0xf8, 0xff, 0x2b, 0xc2, 0xf8, 0xff, 0x2b, 0xc2, 0xf8, 0xff,
    0x2b, 0xc2, 0xf8, 0xff, 0x2b, 0xc2, 0xf8, 0xff, 0x2b, 0xc2, 0xf8, 0xff, 0x2b, 0xc2, 0xf8, 0xff,
    0x2b, 0xc2, 0xf8, 0xff, 0x20, 0xb5, 0xf5, 0xff, 0x07, 0x97, 0xed, 0xff, 0x00, 0x8f, 0xeb, 0xff,
    0x06, 0x96, 0xed, 0xfe, 0x18, 0xa3, 0xed, 0x74, 0x00, 0x00, 0x00, 0x00, 0x00, 0x00, 0x00, 0x00,
    0x00, 0x00, 0x00, 0x00, 0x00, 0x00, 0x00, 0x00, 0x00, 0x00, 0x00, 0x00, 0x00, 0x00, 0x00, 0x00,
    0x00, 0x00, 0x00, 0x00, 0x00, 0x00, 0x00, 0x00, 0x00, 0x00, 0x00, 0x00, 0x00, 0x00, 0x00, 0x00,
    0x00, 0x00, 0x00, 0x00, 0x00, 0x00, 0x00, 0x00, 0x00, 0x00, 0x00, 0x00, 0x00, 0x00, 0x00, 0x00,
    0x00, 0x00, 0x00, 0x00, 0x00, 0x00, 0x00, 0x00, 0x00, 0x00, 0x00, 0x00, 0x00, 0x00, 0x00, 0x00,
    0x00, 0x00, 0x00, 0x00, 0x00, 0x00, 0x00, 0x00, 0x30, 0xd7, 0xff, 0x5a, 0x34, 0xd8, 0xff, 0xff,
    0x38, 0xd9, 0xff, 0xff, 0x3c, 0xdb, 0xff, 0xff, 0x40, 0xdc, 0xff, 0xff, 0x43, 0xde, 0xff, 0xff,
    0x47, 0xdf, 0xff, 0xff, 0x4a, 0xe0, 0xff, 0xff, 0x4d, 0xe1, 0xff, 0xff, 0x4f, 0xe2, 0xff, 0xff,
    0x51, 0xe3, 0xff, 0xff, 0x53, 0xe4, 0xff, 0xff, 0x55, 0xe4, 0xff, 0xff, 0x56, 0xe5, 0xff, 0xff,
    0x56, 0xe5, 0xff, 0xff, 0x57, 0xe5, 0xff, 0xff, 0x51, 0xe0, 0xfe, 0xff, 0x15, 0xa4, 0xf0, 0xff,
    0x04, 0x93, 0xec, 0xff, 0x2b, 0xc0, 0xf7, 0xff, 0x2b, 0xc1, 0xf7, 0xff, 0x2b, 0xc1, 0xf7, 0xff,
    0x2b, 0xc1, 0xf7, 0xff, 0x2b, 0xc1, 0xf7, 0xff, 0x2b, 0xc1, 0xf7, 0xff, 0x2b, 0xc1, 0xf7, 0xff,
    0x2b, 0xc1, 0xf7, 0xff, 0x2b, 0xc1, 0xf7, 0xff, 0x2b, 0xc1, 0xf7, 0xff, 0x2b, 0xc1, 0xf7, 0xff,
    0x2b, 0xc1, 0xf7, 0xff, 0x2b, 0xc1, 0xf7, 0xff, 0x2b, 0xc1, 0xf7, 0xff, 0x2b, 0xc1, 0xf7, 0xff,
    0x2b, 0xc1, 0xf7, 0xff, 0x2b, 0xc1, 0xf7, 0xff, 0x2b, 0xc1, 0xf7, 0xff, 0x21, 0xb5, 0xf5, 0xff,
    0x0c, 0x9d, 0xee, 0xff, 0x00, 0x8f, 0xeb, 0xff, 0x01, 0x90, 0xeb, 0xff, 0x11, 0xa0, 0xef, 0xe3,
    0x16, 0xa6, 0xf4, 0x17, 0x00, 0x00, 0x00, 0x00, 0x00, 0x00, 0x00, 0x00, 0x00, 0x00, 0x00, 0x00,
    0x00, 0x00, 0x00, 0x00, 0x00, 0x00, 0x00, 0x00, 0x00, 0x00, 0x00, 0x00, 0x00, 0x00, 0x00, 0x00,
    0x00, 0x00, 0x00, 0x00, 0x00, 0x00, 0x00, 0x00, 0x00, 0x00, 0x00, 0x00, 0x00, 0x00, 0x00, 0x00,
    0x00, 0x00, 0x00, 0x00, 0x00, 0x00, 0x00, 0x00, 0x00, 0x00, 0x00, 0x00, 0x00, 0x00, 0x00, 0x00,
    0x00, 0x00, 0x00, 0x00, 0x00, 0x00, 0x00, 0x00, 0x00, 0x00, 0x00, 0x00, 0x00, 0x00, 0x00, 0x00,
    0x00, 0x00, 0x00, 0x00, 0x00, 0x00, 0x00, 0x00, 0x2b, 0xd5, 0xff, 0x12, 0x2f, 0xd6, 0xff, 0xf4,
    0x33, 0xd8, 0xff, 0xff, 0x37, 0xd9, 0xff, 0xff, 0x3b, 0xda, 0xff, 0xff, 0x3e, 0xdc, 0xff, 0xff,
    0x42, 0xdd, 0xff, 0xff, 0x44, 0xde, 0xff, 0xff, 0x47, 0xdf, 0xff, 0xff, 0x4a, 0xe0, 0xff, 0xff,
    0x4c, 0xe1, 0xff, 0xff, 0x4d, 0xe1, 0xff, 0xff, 0x4f, 0xe2, 0xff, 0xff, 0x50, 0xe2, 0xff, 0xff,
    0x4e, 0xe1, 0xfe, 0xff, 0x32, 0xc4, 0xf7, 0xff, 0x08, 0x98, 0xed, 0xff, 0x0f, 0x9f, 0xef, 0xff,
    0x00, 0x8f, 0xeb, 0xff, 0x21, 0xb2, 0xf4, 0xff, 0x29, 0xba, 0xf6, 0xff, 0x29, 0xba, 0xf6, 0xff,
    0x29, 0xba, 0xf6, 0xff, 0x29, 0xba, 0xf6, 0xff, 0x29, 0xba, 0xf6, 0xff, 0x29, 0xba, 0xf6, 0xff,
    0x29, 0xba, 0xf6, 0xff, 0x29, 0xba, 0xf6, 0xff, 0x29, 0xba, 0xf6, 0xff, 0x29, 0xba, 0xf6, 0xff,
    0x29, 0xba, 0xf6, 0xff, 0x29, 0xba, 0xf6, 0xff, 0x29, 0xba, 0xf6, 0xff, 0x29, 0xba, 0xf6, 0xff,
    0x26, 0xb8, 0xf6, 0xff, 0x19, 0xa9, 0xf2, 0xff, 0x08, 0x97, 0xed, 0xff, 0x00, 0x8f, 0xeb, 0xff,
    0x00, 0x8f, 0xeb, 0xff, 0x0c, 0x9b, 0xee, 0xf5, 0x17, 0xa1, 0xf2, 0x62, 0x00, 0x00, 0x00, 0x00,
    0x00, 0x00, 0x00, 0x00, 0x00, 0x00, 0x00, 0x00, 0x00, 0x00, 0x00, 0x00, 0x00, 0x00, 0x00, 0x00,
    0x00, 0x00, 0x00, 0x00, 0x00, 0x00, 0x00, 0x00, 0x00, 0x00, 0x00, 0x00, 0x00, 0x00, 0x00, 0x00,
    0x00, 0x00, 0x00, 0x00, 0x00, 0x00, 0x00, 0x00, 0x00, 0x00, 0x00, 0x00, 0x00, 0x00, 0x00, 0x00,
    0x00, 0x00, 0x00, 0x00, 0x00, 0x00, 0x00, 0x00, 0x00, 0x00, 0x00, 0x00, 0x00, 0x00, 0x00, 0x00,
    0x00, 0x00, 0x00, 0x00, 0x00, 0x00, 0x00, 0x00, 0x00, 0x00, 0x00, 0x00, 0x00, 0x00, 0x00, 0x00,
    0x00, 0x00, 0x00, 0x00, 0x00, 0x00, 0x00, 0x00, 0x00, 0x00, 0x00, 0x00, 0x2b, 0xd4, 0xff, 0x82,
    0x2f, 0xd6, 0xff, 0xff, 0x32, 0xd7, 0xff, 0xff, 0x36, 0xd9, 0xff, 0xff, 0x39, 0xda, 0xff, 0xff,
    0x3c, 0xdb, 0xff, 0xff, 0x3f, 0xdc, 0xff, 0xff, 0x42, 0xdd, 0xff, 0xff, 0x44, 0xde, 0xff, 0xff,
    0x46, 0xdf, 0xff, 0xff, 0x47, 0xdf, 0xff, 0xff, 0x49, 0xe0, 0xff, 0xff, 0x2b, 0xbe, 0xf7, 0xff,
    0x09, 0x99, 0xee, 0xff, 0x11, 0xa2, 0xf0, 0xff, 0x30, 0xc3, 0xf8, 0xff, 0x48, 0xdf, 0xff, 0xff,
    0x00, 0x8f, 0xeb, 0xff, 0x18, 0xa4, 0xf1, 0xff, 0x28, 0xb3, 0xf6, 0xff, 0x28, 0xb3, 0xf6, 0xff,
    0x28, 0xb3, 0xf6, 0xff, 0x28, 0xb3, 0xf6, 0xff, 0x28, 0xb3, 0xf6, 0xff, 0x28, 0xb3, 0xf6, 0xff,
    0x28, 0xb3, 0xf6, 0xff, 0x28, 0xb3, 0xf6, 0xff, 0x28, 0xb3, 0xf6, 0xff, 0x28, 0xb3, 0xf6, 0xff,
    0x27, 0xb1, 0xf5, 0xff, 0x1f, 0xab, 0xf3, 0xff, 0x16, 0xa3, 0xf1, 0xff, 0x0b, 0x98, 0xee, 0xff,
    0x01, 0x90, 0xeb, 0xff, 0x00, 0x8f, 0xeb, 0xff, 0x02, 0x91, 0xeb, 0xff, 0x0e, 0x9b, 0xee, 0xed,
    0x17, 0x9d, 0xef, 0x6d, 0x00, 0x00, 0x00, 0x00, 0x00, 0x00, 0x00, 0x00, 0x00, 0x00, 0x00, 0x00,
    0x00, 0x00, 0x00, 0x00, 0x00, 0x00, 0x00, 0x00, 0x00, 0x00, 0x00, 0x00, 0x00, 0x00, 0x00, 0x00,
    0x00, 0x00, 0x00, 0x00, 0x00, 0x00, 0x00, 0x00, 0x00, 0x00, 0x00, 0x00, 0x00, 0x00, 0x00, 0x00,
    0x00, 0x00, 0x00, 0x00, 0x00, 0x00, 0x00, 0x00, 0x00, 0x00, 0x00, 0x00, 0x00, 0x00, 0x00, 0x00,
    0x00, 0x00, 0x00, 0x00, 0x00, 0x00, 0x00, 0x00, 0x00, 0x00, 0x00, 0x00, 0x00, 0x00, 0x00, 0x00,
    0x00, 0x00, 0x00, 0x00, 0x00, 0x00, 0x00, 0x00, 0x00, 0x00, 0x00, 0x00, 0x00, 0x00, 0x00, 0x00,
    0x00, 0x00, 0x00, 0x00, 0x00, 0x00, 0x00, 0x00, 0x00, 0x00, 0x00, 0x00, 0x2b, 0xd5, 0xff, 0x06,
    0x29, 0xd2, 0xff, 0xbc, 0x2e, 0xd5, 0xff, 0xff, 0x31, 0xd7, 0xff, 0xff, 0x34, 0xd8, 0xff, 0xff,
    0x37, 0xd9, 0xff, 0xff, 0x3a, 0xda, 0xff, 0xff, 0x3c, 0xdb, 0xff, 0xff, 0x3e, 0xdc, 0xff, 0xff,
    0x40, 0xdc, 0xff, 0xff, 0x41, 0xdd, 0xff, 0xff, 0x43, 0xdd, 0xff, 0xff, 0x43, 0xde, 0xff, 0xff,
    0x44, 0xde, 0xff, 0xff, 0x44, 0xde, 0xff, 0xff, 0x44, 0xde, 0xff, 0xff, 0x27, 0xbc, 0xf6, 0xff,
    0x00, 0x8f, 0xeb, 0xff, 0x01, 0x8f, 0xeb, 0xff, 0x07, 0x95, 0xed, 0xff, 0x0b, 0x98, 0xee, 0xff,
    0x10, 0x9b, 0xef, 0xff, 0x12, 0x9c, 0xef, 0xff, 0x13, 0x9e, 0xf0, 0xff, 0x12, 0x9d, 0xf0, 0xff,
    0x11, 0x9c, 0xf0, 0xff, 0x0f, 0x9a, 0xef, 0xff, 0x0b, 0x97, 0xee, 0xff, 0x06, 0x93, 0xec, 0xff,
    0x01, 0x8f, 0xeb, 0xff, 0x00, 0x8f, 0xeb, 0xff, 0x00, 0x8f, 0xeb, 0xff, 0x02, 0x91, 0xeb, 0xff,
    0x0b, 0x98, 0xed, 0xf5, 0x14, 0x9d, 0xf1, 0xb6, 0x1e, 0xa5, 0xf0, 0x22, 0x00, 0x00, 0x00, 0x00,
    0x00, 0x00, 0x00, 0x00, 0x00, 0x00, 0x00, 0x00, 0x00, 0x00, 0x00, 0x00, 0x00, 0x00, 0x00, 0x00,
    0x00, 0x00, 0x00, 0x00, 0x00, 0x00, 0x00, 0x00, 0x00, 0x00, 0x00, 0x00, 0x00, 0x00, 0x00, 0x00,
    0x00, 0x00, 0x00, 0x00, 0x00, 0x00, 0x00, 0x00, 0x00, 0x00, 0x00, 0x00, 0x00, 0x00, 0x00, 0x00,
    0x00, 0x00, 0x00, 0x00, 0x00, 0x00, 0x00, 0x00, 0x00, 0x00, 0x00, 0x00, 0x00, 0x00, 0x00, 0x00,
    0x00, 0x00, 0x00, 0x00, 0x00, 0x00, 0x00, 0x00, 0x00, 0x00, 0x00, 0x00, 0x00, 0x00, 0x00, 0x00,
    0x00, 0x00, 0x00, 0x00, 0x00, 0x00, 0x00, 0x00, 0x00, 0x00, 0x00, 0x00, 0x00, 0x00, 0x00, 0x00,
    0x00, 0x00, 0x00, 0x00, 0x00, 0x00, 0x00, 0x00, 0x00, 0x00, 0x00, 0x00, 0x00, 0x00, 0x00, 0x00,
    0x0d, 0xa6, 0xf2, 0x14, 0x13, 0xae, 0xf5, 0xc7, 0x21, 0xc4, 0xfa, 0xff, 0x2f, 0xd6, 0xff, 0xff,
    0x31, 0xd7, 0xff, 0xff, 0x34, 0xd8, 0xff, 0xff, 0x36, 0xd9, 0xff, 0xff, 0x38, 0xd9, 0xff, 0xff,
    0x3a, 0xda, 0xff, 0xff, 0x3b, 0xdb, 0xff, 0xff, 0x3d, 0xdb, 0xff, 0xff, 0x3d, 0xdb, 0xff, 0xff,
    0x3e, 0xdc, 0xff, 0xff, 0x3e, 0xdb, 0xff, 0xf7, 0x1f, 0xb4, 0xf6, 0xbc, 0x00, 0x8f, 0xeb, 0xf6,
    0x02, 0x91, 0xec, 0x9d, 0x15, 0x9d, 0xf0, 0x87, 0x10, 0x99, 0xef, 0xcb, 0x0d, 0x98, 0xef, 0xee,
    0x0a, 0x96, 0xee, 0xf9, 0x06, 0x93, 0xee, 0xfc, 0x05, 0x92, 0xed, 0xfe, 0x03, 0x91, 0xec, 0xff,
    0x04, 0x91, 0xeb, 0xff, 0x05, 0x93, 0xed, 0xfe, 0x07, 0x94, 0xec, 0xfd, 0x0a, 0x96, 0xec, 0xf7,
    0x0e, 0x98, 0xef, 0xe8, 0x12, 0x9a, 0xef, 0xc5, 0x15, 0x9a, 0xef, 0x6d, 0x00, 0x80, 0xff, 0x06,
    0x00, 0x00, 0x00, 0x00, 0x00, 0x00, 0x00, 0x00, 0x00, 0x00, 0x00, 0x00, 0x00, 0x00, 0x00, 0x00,
    0x00, 0x00, 0x00, 0x00, 0x00, 0x00, 0x00, 0x00, 0x00, 0x00, 0x00, 0x00, 0x00, 0x00, 0x00, 0x00,
    0x00, 0x00, 0x00, 0x00, 0x00, 0x00, 0x00, 0x00, 0x00, 0x00, 0x00, 0x00, 0x00, 0x00, 0x00, 0x00,
    0x00, 0x00, 0x00, 0x00, 0x00, 0x00, 0x00, 0x00, 0x00, 0x00, 0x00, 0x00, 0x00, 0x00, 0x00, 0x00,
    0x00, 0x00, 0x00, 0x00, 0x00, 0x00, 0x00, 0x00, 0x00, 0x00, 0x00, 0x00, 0x00, 0x00, 0x00, 0x00,
    0x00, 0x00, 0x00, 0x00, 0x00, 0x00, 0x00, 0x00, 0x00, 0x00, 0x00, 0x00, 0x00, 0x00, 0x00, 0x00,
    0x00, 0x00, 0x00, 0x00, 0x00, 0x00, 0x00, 0x00, 0x00, 0x00, 0x00, 0x00, 0x00, 0x00, 0x00, 0x00,
    0x00, 0x00, 0x00, 0x00, 0x00, 0x00, 0x00, 0x00, 0x00, 0x00, 0x00, 0x00, 0x00, 0x00, 0x00, 0x00,
    0x00, 0x00, 0x00, 0x00, 0x00, 0xff, 0xff, 0x01, 0x0c, 0xa1, 0xf2, 0x85, 0x0a, 0x9f, 0xf0, 0xef,
    0x16, 0xb1, 0xf5, 0xff, 0x24, 0xc6, 0xfb, 0xff, 0x2f, 0xd4, 0xfe, 0xff, 0x32, 0xd7, 0xff, 0xff,
    0x34, 0xd8, 0xff, 0xff, 0x35, 0xd8, 0xff, 0xff, 0x30, 0xd2, 0xfd, 0xff, 0x27, 0xc4, 0xf9, 0xdf,
    0x11, 0xa7, 0xf2, 0xc0, 0x01, 0x90, 0xeb, 0xdc, 0x00, 0x8f, 0xeb, 0xf0, 0x00, 0x8f, 0xeb, 0x72,
    0x00, 0xff, 0xff, 0x01, 0x00, 0x00, 0x00, 0x00, 0x00, 0x00, 0x00, 0x00, 0x00, 0x00, 0x00, 0x00,
    0x00, 0x00, 0x00, 0x00, 0x00, 0x00, 0x00, 0x00, 0x00, 0x00, 0x00, 0x00, 0x00, 0x00, 0x00, 0x00,
    0x00, 0x00, 0x00, 0x00, 0x00, 0x00, 0x00, 0x00, 0x00, 0x00, 0x00, 0x00, 0x00, 0x00, 0x00, 0x00,
    0x00, 0x00, 0x00, 0x00, 0x00, 0x00, 0x00, 0x00, 0x00, 0x00, 0x00, 0x00, 0x00, 0x00, 0x00, 0x00,
    0x00, 0x00, 0x00, 0x00, 0x00, 0x00, 0x00, 0x00, 0x00, 0x00, 0x00, 0x00, 0x00, 0x00, 0x00, 0x00,
    0x00, 0x00, 0x00, 0x00, 0x00, 0x00, 0x00, 0x00, 0x00, 0x00, 0x00, 0x00, 0x00, 0x00, 0x00, 0x00,
    0x00, 0x00, 0x00, 0x00, 0x00, 0x00, 0x00, 0x00, 0x00, 0x00, 0x00, 0x00, 0x00, 0x00, 0x00, 0x00,
    0x00, 0x00, 0x00, 0x00, 0x00, 0x00, 0x00, 0x00, 0x00, 0x00, 0x00, 0x00, 0x00, 0x00, 0x00, 0x00,
    0x00, 0x00, 0x00, 0x00, 0x00, 0x00, 0x00, 0x00, 0x00, 0x00, 0x00, 0x00, 0x00, 0x00, 0x00, 0x00,
    0x00, 0x00, 0x00, 0x00, 0x00, 0x00, 0x00, 0x00, 0x00, 0x00, 0x00, 0x00, 0x00, 0x00, 0x00, 0x00,
    0x00, 0x00, 0x00, 0x00, 0x00, 0x00, 0x00, 0x00, 0x00, 0x00, 0x00, 0x00, 0x00, 0x00, 0x00, 0x00,
    0x00, 0x00, 0x00, 0x00, 0x00, 0x00, 0x00, 0x00, 0x00, 0x00, 0x00, 0x00, 0x00, 0x00, 0x00, 0x00,
    0x00, 0x00, 0x00, 0x00, 0x00, 0x00, 0x00, 0x00, 0x00, 0x00, 0x00, 0x00, 0x00, 0xaa, 0xff, 0x03,
    0x0c, 0x9f, 0xf1, 0x58, 0x0b, 0x9f, 0xf0, 0xc0, 0x08, 0x9b, 0xee, 0xe4, 0x05, 0x98, 0xee, 0xf0,
    0x03, 0x94, 0xed, 0xf0, 0x01, 0x90, 0xec, 0xfa, 0x00, 0x8f, 0xec, 0xf9, 0x00, 0x8f, 0xeb, 0xdd,
    0x00, 0x8f, 0xeb, 0xa9, 0x00, 0x90, 0xeb, 0x65, 0x00, 0x89, 0xeb, 0x0d, 0x00, 0x00, 0x00, 0x00,
    0x00, 0x00, 0x00, 0x00, 0x00, 0x00, 0x00, 0x00, 0x00, 0x00, 0x00, 0x00, 0x00, 0x00, 0x00, 0x00,
    0x00, 0x00, 0x00, 0x00, 0x00, 0x00, 0x00, 0x00, 0x00, 0x00, 0x00, 0x00, 0x00, 0x00, 0x00, 0x00,
    0x00, 0x00, 0x00, 0x00, 0x00, 0x00, 0x00, 0x00, 0x00, 0x00, 0x00, 0x00, 0x00, 0x00, 0x00, 0x00,
    0x00, 0x00, 0x00, 0x00, 0x00, 0x00, 0x00, 0x00, 0x00, 0x00, 0x00, 0x00, 0x00, 0x00, 0x00, 0x00,
    0x00, 0x00, 0x00, 0x00, 0x00, 0x00, 0x00, 0x00, 0x00, 0x00, 0x00, 0x00, 0x00, 0x00, 0x00, 0x00,
    0x00, 0x00, 0x00, 0x00, 0x00, 0x00, 0x00, 0x00, 0x00, 0x00, 0x00, 0x00, 0x00, 0x00, 0x00, 0x00,
    0x00, 0x00, 0x00, 0x00, 0x00, 0x00, 0x00, 0x00, 0x00, 0x00, 0x00, 0x00, 0x00, 0x00, 0x00, 0x00,
    0x00, 0x00, 0x00, 0x00, 0x00, 0x00, 0x00, 0x00, 0x00, 0x00, 0x00, 0x00, 0x00, 0x00, 0x00, 0x00,
    0x00, 0x00, 0x00, 0x00, 0x00, 0x00, 0x00, 0x00, 0x00, 0x00, 0x00, 0x00, 0x00, 0x00, 0x00, 0x00,
    0x00, 0x00, 0x00, 0x00, 0x00, 0x00, 0x00, 0x00, 0x00, 0x00, 0x00, 0x00, 0x00, 0x00, 0x00, 0x00,
    0x00, 0x00, 0x00, 0x00, 0x00, 0x00, 0x00, 0x00, 0x00, 0x00, 0x00, 0x00, 0x00, 0x00, 0x00, 0x00,
    0x00, 0x00, 0x00, 0x00, 0x00, 0x00, 0x00, 0x00, 0x00, 0x00, 0x00, 0x00, 0x00, 0x00, 0x00, 0x00,
    0x00, 0x00, 0x00, 0x00, 0x00, 0x00, 0x00, 0x00, 0x00, 0x00, 0x00, 0x00, 0x00, 0x00, 0x00, 0x00,
    0x00, 0x00, 0x00, 0x00, 0x00, 0x00, 0x00, 0x00, 0x00, 0x00, 0x00, 0x00, 0x00, 0x00, 0x00, 0x00,
    0x00, 0x00, 0x00, 0x00, 0x00, 0xff, 0xff, 0x01, 0x00, 0x00, 0x00, 0x00, 0x00, 0x00, 0x00, 0x00,
    0x00, 0x00, 0x00, 0x00, 0x00, 0x00, 0x00, 0x00, 0x00, 0x00, 0x00, 0x00, 0x00, 0x00, 0x00, 0x00,
    0x00, 0x00, 0x00, 0x00, 0x00, 0x00, 0x00, 0x00, 0x00, 0x00, 0x00, 0x00, 0x00, 0x00, 0x00, 0x00,
    0x00, 0x00, 0x00, 0x00, 0x00, 0x00, 0x00, 0x00, 0x00, 0x00, 0x00, 0x00, 0x00, 0x00, 0x00, 0x00,
    0x00, 0x00, 0x00, 0x00, 0x00, 0x00, 0x00, 0x00, 0x00, 0x00, 0x00, 0x00, 0x00, 0x00, 0x00, 0x00,
    0x00, 0x00, 0x00, 0x00, 0x00, 0x00, 0x00, 0x00, 0x00, 0x00, 0x00, 0x00, 0x00, 0x00, 0x00, 0x00,
    0x00, 0x00, 0x00, 0x00, 0x00, 0x00, 0x00, 0x00, 0x00, 0x00, 0x00, 0x00, 0x00, 0x00, 0x00, 0x00,
    0x00, 0x00, 0x00, 0x00, 0x00, 0x00, 0x00, 0x00, 0x00, 0x00, 0x00, 0x00, 0x00, 0x00, 0x00, 0x00,
    0x00, 0x00, 0x00, 0x00, 0x00, 0x00, 0x00, 0x00, 0x00, 0x00, 0x00, 0x00, 0x00, 0x00, 0x00, 0x00,
    0x00, 0x00, 0x00, 0x00, 0x00, 0x00, 0x00, 0x00, 0x00, 0x00, 0x00, 0x00, 0x00, 0x00, 0x00, 0x00,
    0x00, 0x00, 0x00, 0x00, 0x00, 0x00, 0x00, 0x00, 0x00, 0x00, 0x00, 0x00, 0x00, 0x00, 0x00, 0x00,
    0x00, 0x00, 0x00, 0x00, 0x00, 0x00, 0x00, 0x00, 0x00, 0x00, 0x00, 0x00, 0x00, 0x00, 0x00, 0x00,
    0x00, 0x00, 0x00, 0x00, 0x00, 0x00, 0x00, 0x00, 0x00, 0x00, 0x00, 0x00, 0x00, 0x00, 0x00, 0x00,
    0x00, 0x00, 0x00, 0x00, 0x00, 0x00, 0x00, 0x00, 0x00, 0x00, 0x00, 0x00, 0x00, 0x00, 0x00, 0x00,
    0x00, 0x00, 0x00, 0x00, 0x00, 0x00, 0x00, 0x00, 0x00, 0x00, 0x00, 0x00, 0x00, 0x00, 0x00, 0x00,
    0x00, 0x00, 0x00, 0x00, 0x00, 0x00, 0x00, 0x00, 0x00, 0x00, 0x00, 0x00, 0x00, 0x00, 0x00, 0x00,
    0x00, 0x00, 0x00, 0x00, 0x00, 0x00, 0x00, 0x00, 0x00, 0x00, 0x00, 0x00, 0x00, 0x00, 0x00, 0x00,
    0x00, 0x00, 0x00, 0x00, 0x00, 0x00, 0x00, 0x00, 0x00, 0x00, 0x00, 0x00, 0x00, 0x00, 0x00, 0x00,
    0x00, 0x00, 0x00, 0x00, 0x00, 0x00, 0x00, 0x00, 0x00, 0x00, 0x00, 0x00, 0x00, 0x00, 0x00, 0x00,
    0x00, 0x00, 0x00, 0x00, 0x00, 0x00, 0x00, 0x00, 0x00, 0x00, 0x00, 0x00, 0x00, 0x00, 0x00, 0x00,
    0x00, 0x00, 0x00, 0x00, 0x00, 0x00, 0x00, 0x00, 0x00, 0x00, 0x00, 0x00, 0x00, 0x00, 0x00, 0x00,
    0x00, 0x00, 0x00, 0x00, 0x00, 0x00, 0x00, 0x00, 0x00, 0x00, 0x00, 0x00, 0x00, 0x00, 0x00, 0x00,
    0x00, 0x00, 0x00, 0x00, 0x00, 0x00, 0x00, 0x00, 0x00, 0x00, 0x00, 0x00, 0x00, 0x00, 0x00, 0x00,
    0x00, 0x00, 0x00, 0x00, 0x00, 0x00, 0x00, 0x00, 0x00, 0x00, 0x00, 0x00, 0x00, 0x00, 0x00, 0x00,
    0x00, 0x00, 0x00, 0x00, 0x00, 0x00, 0x00, 0x00, 0x00, 0x00, 0x00, 0x00, 0x00, 0x00, 0x00, 0x00,
    0x00, 0x00, 0x00, 0x00, 0x00, 0x00, 0x00, 0x00, 0x00, 0x00, 0x00, 0x00, 0x00, 0x00, 0x00, 0x00,
    0x00, 0x00, 0x00, 0x00, 0x00, 0x00, 0x00, 0x00, 0x00, 0x00, 0x00, 0x00, 0x00, 0x00, 0x00, 0x00,
    0x00, 0x00, 0x00, 0x00, 0x00, 0x00, 0x00, 0x00, 0x00, 0x00, 0x00, 0x00, 0x00, 0x00, 0x00, 0x00,
    0x00, 0x00, 0x00, 0x00, 0x00, 0x00, 0x00, 0x00, 0x00, 0x00, 0x00, 0x00, 0x00, 0x00, 0x00, 0x00,
    0x00, 0x00, 0x00, 0x00, 0x00, 0x00, 0x00, 0x00, 0x00, 0x00, 0x00, 0x00, 0x00, 0x00, 0x00, 0x00,
    0x00, 0x00, 0x00, 0x00, 0x00, 0x00, 0x00, 0x00, 0x00, 0x00, 0x00, 0x00, 0x00, 0x00, 0x00, 0x00,
    0x00, 0x00, 0x00, 0x00, 0x00, 0x00, 0x00, 0x00, 0x00, 0x00, 0x00, 0x00, 0x00, 0x00, 0x00, 0x00,
    0x00, 0x00, 0x00, 0x00, 0x00, 0x00, 0x00, 0x00, 0x00, 0x00, 0x00, 0x00, 0x00, 0x00, 0x00, 0x00,
    0x00, 0x00, 0x00, 0x00, 0x00, 0x00, 0x00, 0x00, 0x00, 0x00, 0x00, 0x00, 0x00, 0x00, 0x00, 0x00,
    0x00, 0x00, 0x00, 0x00, 0x00, 0x00, 0x00, 0x00, 0x00, 0x00, 0x00, 0x00, 0x00, 0x00, 0x00, 0x00,
    0x00, 0x00, 0x00, 0x00, 0x00, 0x00, 0x00, 0x00, 0x00, 0x00, 0x00, 0x00, 0x00, 0x00, 0x00, 0x00,
    0x00, 0x00, 0x00, 0x00, 0x00, 0x00, 0x00, 0x00, 0x00, 0x00, 0x00, 0x00, 0x00, 0x00, 0x00, 0x00,
    0x00, 0x00, 0x00, 0x00, 0x00, 0x00, 0x00, 0x00, 0x00, 0x00, 0x00, 0x00, 0x00, 0x00, 0x00, 0x00,
    0x00, 0x00, 0x00, 0x00, 0x00, 0x00, 0x00, 0x00, 0x00, 0x00, 0x00, 0x00, 0x00, 0x00, 0x00, 0x00,
    0x00, 0x00, 0x00, 0x00, 0x00, 0x00, 0x00, 0x00, 0x00, 0x00, 0x00, 0x00, 0x00, 0x00, 0x00, 0x00,
    0x00, 0x00, 0x00, 0x00, 0x00, 0x00, 0x00, 0x00, 0x00, 0x00, 0x00, 0x00, 0x00, 0x00, 0x00, 0x00,
    0x00, 0x00, 0x00, 0x00, 0x00, 0x00, 0x00, 0x00, 0x00, 0x00, 0x00, 0x00, 0x00, 0x00, 0x00, 0x00,
    0x00, 0x00, 0x00, 0x00, 0x00, 0x00, 0x00, 0x00, 0x00, 0x00, 0x00, 0x00, 0x00, 0x00, 0x00, 0x00,
    0x00, 0x00, 0x00, 0x00, 0x00, 0x00, 0x00, 0x00, 0x00, 0x00, 0x00, 0x00, 0x00, 0x00, 0x00, 0x00,
    0x00, 0x00, 0x00, 0x00, 0x00, 0x00, 0x00, 0x00, 0x00, 0x00, 0x00, 0x00, 0x00, 0x00, 0x00, 0x00,
    0x00, 0x00, 0x00, 0x00, 0x00, 0x00, 0x00, 0x00, 0x00, 0x00, 0x00, 0x00, 0x00, 0x00, 0x00, 0x00,
    0x00, 0x00, 0x00, 0x00, 0x00, 0x00, 0x00, 0x00, 0x00, 0x00, 0x00, 0x00, 0x00, 0x00, 0x00, 0x00,
    0x00, 0x00, 0x00, 0x00, 0x00, 0x00, 0x00, 0x00, 0x00, 0x00, 0x00, 0x00, 0x00, 0x00, 0x00, 0x00,
    0x00, 0x00, 0x00, 0x00, 0x00, 0x00, 0x00, 0x00, 0x00, 0x00, 0x00, 0x00, 0x00, 0x00, 0x00, 0x00,
    0x00, 0x00, 0x00, 0x00, 0x00, 0x00, 0x00, 0x00, 0x00, 0x00, 0x00, 0x00, 0x00, 0x00, 0x00, 0x00,
    0x00, 0x00, 0x00, 0x00, 0x00, 0x00, 0x00, 0x00, 0x00, 0x00, 0x00, 0x00, 0x00, 0x00, 0x00, 0x00,
    0x00, 0x00, 0x00, 0x00, 0x00, 0x00, 0x00, 0x00, 0x00, 0x00, 0x00, 0x00, 0x00, 0x00, 0x00, 0x00,
    0x00, 0x00, 0x00, 0x00, 0x00, 0x00, 0x00, 0x00, 0x00, 0x00, 0x00, 0x00, 0x00, 0x00, 0x00, 0x00,
    0x00, 0x00, 0x00, 0x00, 0x00, 0x00, 0x00, 0x00, 0x00, 0x00, 0x00, 0x00, 0x00, 0x00, 0x00, 0x00,
    0x00, 0x00, 0x00, 0x00, 0x00, 0x00, 0x00, 0x00, 0x00, 0x00, 0x00, 0x00, 0x00, 0x00, 0x00, 0x00,
    0x00, 0x00, 0x00, 0x00, 0x00, 0x00, 0x00, 0x00, 0x00, 0x00, 0x00, 0x00, 0x00, 0x00, 0x00, 0x00,
    0x00, 0x00, 0x00, 0x00, 0x00, 0x00, 0x00, 0x00, 0x00, 0x00, 0x00, 0x00, 0x00, 0x00, 0x00, 0x00,
    0x00, 0x00, 0x00, 0x00, 0x00, 0x00, 0x00, 0x00, 0x00, 0x00, 0x00, 0x00, 0x00, 0x00, 0x00, 0x00,
    0x00, 0x00, 0x00, 0x00, 0x00, 0x00, 0x00, 0x00, 0x00, 0x00, 0x00, 0x00, 0x00, 0x00, 0x00, 0x00,
    0x00, 0x00, 0x00, 0x00, 0x00, 0x00, 0x00, 0x00, 0x00, 0x00, 0x00, 0x00, 0x00, 0x00, 0x00, 0x00,
    0x00, 0x00, 0x00, 0x00, 0x00, 0x00, 0x00, 0x00, 0x00, 0x00, 0x00, 0x00, 0x00, 0x00, 0x00, 0x00,
    0x00, 0x00, 0x00, 0x00, 0x00, 0x00, 0x00, 0x00, 0x00, 0x00, 0x00, 0x00, 0x00, 0x00, 0x00, 0x00,
    0x00, 0x00, 0x00, 0x00, 0x00, 0x00, 0x00, 0x00, 0x00, 0x00, 0x00, 0x00, 0x00, 0x00, 0x00, 0x00,
    0x00, 0x00, 0x00, 0x00, 0x00, 0x00, 0x00, 0x00, 0x00, 0x00, 0x00, 0x00, 0x00, 0x00, 0x00, 0x00,
    0x00, 0x00, 0x00, 0x00, 0x00, 0x00, 0x00, 0x00, 0x00, 0x00, 0x00, 0x00, 0x00, 0x00, 0x00, 0x00,
    0x00, 0x00, 0x00, 0x00, 0x00, 0x00, 0x00, 0x00, 0x00, 0x00, 0x00, 0x00, 0x00, 0x00, 0x00, 0x00,
    0x00, 0x00, 0x00, 0x00, 0x00, 0x00, 0x00, 0x00, 0x00, 0x00, 0x00, 0x00, 0x00, 0x00, 0x00, 0x00,
    0x00, 0x00, 0x00, 0x00, 0x00, 0x00, 0x00, 0x00, 0x00, 0x00, 0x00, 0x00, 0x00, 0x00, 0x00, 0x00,
    0x00, 0x00, 0x00, 0x00, 0x00, 0x00, 0x00, 0x00, 0x00, 0x00, 0x00, 0x00, 0x00, 0x00, 0x00, 0x00,
    0x00, 0x00, 0x00, 0x00, 0x00, 0x00, 0x00, 0x00, 0x00, 0x00, 0x00, 0x00, 0x00, 0x00, 0x00, 0x00,
    0x00, 0x00, 0x00, 0x00, 0x00, 0x00, 0x00, 0x00, 0x00, 0x00, 0x00, 0x00, 0x00, 0x00, 0x00, 0x00,
    0x00, 0x00, 0x00, 0x00, 0x00, 0x00, 0x00, 0x00, 0x00, 0x00, 0x00, 0x00, 0x00, 0x00, 0x00, 0x00,
    0x00, 0x00, 0x00, 0x00, 0x00, 0x00, 0x00, 0x00, 0x00, 0x00, 0x00, 0x00, 0x00, 0x00, 0x00, 0x00,
    0x00, 0x00, 0x00, 0x00, 0x00, 0x00, 0x00, 0x00, 0x00, 0x00, 0x00, 0x00, 0x00, 0x00, 0x00, 0x00,
    0x00, 0x00, 0x00, 0x00, 0x00, 0x00, 0x00, 0x00, 0x00, 0x00, 0x00, 0x00, 0x00, 0x00, 0x00, 0x00,
    0x00, 0x00, 0x00, 0x00, 0x00, 0x00, 0x00, 0x00, 0x00, 0x00, 0x00, 0x00, 0x00, 0x00, 0x00, 0x00,
};

static const lv_image_dsc_t emoji_images[MYBOT_UI_EMOJI_COUNT] = {
    [MYBOT_UI_EMOJI_NEUTRAL] =
        {
            .header =
                {
                    .magic = LV_IMAGE_HEADER_MAGIC,
                    .cf = LV_COLOR_FORMAT_ARGB8888,
                    .flags = 0,
                    .w = 64,
                    .h = 64,
                    .stride = 256,
                },
            .data_size = sizeof(neutral_pixels),
            .data = neutral_pixels,
        },
    [MYBOT_UI_EMOJI_HAPPY] =
        {
            .header =
                {
                    .magic = LV_IMAGE_HEADER_MAGIC,
                    .cf = LV_COLOR_FORMAT_ARGB8888,
                    .flags = 0,
                    .w = 64,
                    .h = 64,
                    .stride = 256,
                },
            .data_size = sizeof(happy_pixels),
            .data = happy_pixels,
        },
    [MYBOT_UI_EMOJI_RELAXED] =
        {
            .header =
                {
                    .magic = LV_IMAGE_HEADER_MAGIC,
                    .cf = LV_COLOR_FORMAT_ARGB8888,
                    .flags = 0,
                    .w = 64,
                    .h = 64,
                    .stride = 256,
                },
            .data_size = sizeof(relaxed_pixels),
            .data = relaxed_pixels,
        },
    [MYBOT_UI_EMOJI_THINKING] =
        {
            .header =
                {
                    .magic = LV_IMAGE_HEADER_MAGIC,
                    .cf = LV_COLOR_FORMAT_ARGB8888,
                    .flags = 0,
                    .w = 64,
                    .h = 64,
                    .stride = 256,
                },
            .data_size = sizeof(thinking_pixels),
            .data = thinking_pixels,
        },
};

const lv_image_dsc_t *mybot_lvgl_ui_emoji(mybot_ui_emoji_t emoji) {
    if ((unsigned)emoji >= MYBOT_UI_EMOJI_COUNT) {
        emoji = MYBOT_UI_EMOJI_NEUTRAL;
    }
    return &emoji_images[emoji];
}
