/* SPDX-License-Identifier: OFL-1.1 */
/* CoreS3 UI Sans: 20 px, 4 bpp subset of Source Han Sans SC Normal.
 * Copyright 2014-2021 Adobe (http://www.adobe.com/).
 * See CORES3_FONT_LICENSE.txt. Generated by scripts/generate-cores3-lvgl-font.py.
 * Input SHA256: 1ee89e1669362dee13851129c0a8a791a87521eb4148e5efbf5d26596738e25b
 * Pillow 10.2.0; FreeType 2.13.2; 161 glyphs.
 */
#include "lvgl.h"

static const uint8_t glyph_bitmap[] = {
    0x00, 0x23, 0x00, 0x00, 0xae, 0x00, 0x00, 0xae, 0x00, 0x00, 0x9d, 0x00, 0x00, 0x9d, 0x00, 0x00,
    0x9d, 0x00, 0x00, 0x8c, 0x00, 0x00, 0x8c, 0x00, 0x00, 0x7b, 0x00, 0x00, 0x7b, 0x00, 0x00, 0x7b,
    0x00, 0x00, 0x34, 0x00, 0x00, 0x00, 0x00, 0x00, 0x46, 0x00, 0x00, 0xef, 0x40, 0x00, 0xad, 0x10,
    0x02, 0x84, 0x04, 0x82, 0x00, 0x3f, 0x80, 0x7f, 0x40, 0x02, 0xf7, 0x06, 0xf3, 0x00, 0x1f, 0x60,
    0x5f, 0x20, 0x00, 0xf5, 0x04, 0xf1, 0x00, 0x0d, 0x30, 0x2e, 0x00, 0x00, 0x00, 0x00, 0x00, 0x00,
    0x00, 0x00, 0x00, 0x00, 0x00, 0x00, 0x00, 0x00, 0x00, 0x00, 0x00, 0x00, 0x00, 0x00, 0x00, 0x00,
    0x00, 0x00, 0x00, 0x00, 0x00, 0x00, 0x00, 0x00, 0x00, 0x00, 0x00, 0x00, 0x00, 0x00, 0x00, 0x00,
    0x00, 0x00, 0x00, 0x00, 0x00, 0x00, 0x00, 0x00, 0x00, 0x01, 0x40, 0x00, 0x40, 0x00, 0x00, 0x5c,
    0x00, 0x2e, 0x00, 0x00, 0x07, 0xa0, 0x04, 0xc0, 0x00, 0x00, 0x88, 0x00, 0x6a, 0x00, 0x02, 0x2b,
    0x82, 0x29, 0xa2, 0x10, 0xbf, 0xff, 0xff, 0xff, 0xf5, 0x00, 0x0e, 0x20, 0x0c, 0x40, 0x00, 0x01,
    0xf0, 0x00, 0xe2, 0x00, 0x00, 0x3d, 0x00, 0x1f, 0x00, 0x03, 0xff, 0xff, 0xff, 0xff, 0xd0, 0x03,
    0x8a, 0x33, 0x7c, 0x32, 0x00, 0x09, 0x80, 0x07, 0xa0, 0x00, 0x00, 0xa6, 0x00, 0x88, 0x00, 0x00,
    0x0c, 0x40, 0x0a, 0x60, 0x00, 0x00, 0xe2, 0x00, 0xc5, 0x00, 0x00, 0x00, 0x00, 0x0f, 0x30, 0x00,
    0x00, 0x00, 0x00, 0xf3, 0x00, 0x00, 0x00, 0x03, 0x9f, 0xd9, 0x20, 0x00, 0x05, 0xfd, 0x9b, 0xfe,
    0x20, 0x00, 0xec, 0x00, 0x03, 0x90, 0x00, 0x2f, 0x60, 0x00, 0x00, 0x00, 0x02, 0xf8, 0x00, 0x00,
    0x00, 0x00, 0x0c, 0xe3, 0x00, 0x00, 0x00, 0x00, 0x3d, 0xf9, 0x20, 0x00, 0x00, 0x00, 0x08, 0xfe,
    0x60, 0x00, 0x00, 0x00, 0x03, 0xcf, 0xa0, 0x00, 0x00, 0x00, 0x00, 0xaf, 0x40, 0x00, 0x00, 0x00,
    0x02, 0xf8, 0x00, 0x00, 0x00, 0x00, 0x0f, 0x90, 0x04, 0x70, 0x00, 0x05, 0xf6, 0x00, 0x6f, 0xc8,
    0x68, 0xec, 0x00, 0x00, 0x39, 0xdf, 0xd9, 0x10, 0x00, 0x00, 0x00, 0xf3, 0x00, 0x00, 0x00, 0x00,
    0x0f, 0x30, 0x00, 0x00, 0x00, 0x7d, 0xe9, 0x00, 0x00, 0x00, 0xa7, 0x00, 0x00, 0x07, 0xd3, 0x2c,
    0x90, 0x00, 0x03, 0xd0, 0x00, 0x00, 0x0d, 0x60, 0x04, 0xf1, 0x00, 0x0c, 0x60, 0x00, 0x00, 0x1f,
    0x20, 0x00, 0xf3, 0x00, 0x5d, 0x00, 0x00, 0x00, 0x3f, 0x10, 0x00, 0xe5, 0x00, 0xd5, 0x00, 0x00,
    0x00, 0x1f, 0x20, 0x00, 0xf4, 0x06, 0xc0, 0x00, 0x00, 0x00, 0x0e, 0x50, 0x03, 0xf1, 0x1d, 0x30,
    0x7d, 0xea, 0x10, 0x07, 0xd2, 0x2b, 0xa0, 0x7a, 0x06, 0xd3, 0x1a, 0xb0, 0x00, 0x8e, 0xea, 0x11,
    0xe2, 0x0c, 0x60, 0x01, 0xf3, 0x00, 0x00, 0x00, 0x08, 0x90, 0x0f, 0x30, 0x00, 0xd5, 0x00, 0x00,
    0x00, 0x2e, 0x20, 0x1f, 0x30, 0x00, 0xc7, 0x00, 0x00, 0x00, 0xa8, 0x00, 0x0e, 0x40, 0x00, 0xd5,
    0x00, 0x00, 0x03, 0xe1, 0x00, 0x0b, 0x80, 0x02, 0xf2, 0x00, 0x00, 0x0b, 0x70, 0x00, 0x05, 0xe4,
    0x2b, 0xa0, 0x00, 0x00, 0x4d, 0x00, 0x00, 0x00, 0x6d, 0xea, 0x10, 0x00, 0x01, 0x9e, 0xe8, 0x00,
    0x00, 0x00, 0x00, 0x0b, 0xd4, 0x5f, 0x60, 0x00, 0x00, 0x00, 0x2f, 0x40, 0x0b, 0xa0, 0x00, 0x00,
    0x00, 0x4f, 0x20, 0x0c, 0x90, 0x00, 0x00, 0x00, 0x2f, 0x40, 0x6f, 0x30, 0x00, 0x00, 0x00, 0x0d,
    0x98, 0xf5, 0x00, 0x00, 0x00, 0x00, 0x07, 0xfe, 0x30, 0x00, 0x00, 0x00, 0x00, 0x3e, 0xfb, 0x00,
    0x00, 0x0d, 0xa0, 0x04, 0xea, 0x5f, 0x70, 0x00, 0x3f, 0x40, 0x0d, 0xc0, 0x08, 0xf4, 0x00, 0xad,
    0x00, 0x3f, 0x60, 0x00, 0xbf, 0x54, 0xf5, 0x00, 0x3f, 0x60, 0x00, 0x0b, 0xfd, 0xb0, 0x00, 0x0e,
    0xd1, 0x00, 0x02, 0xef, 0xb2, 0x00, 0x05, 0xfd, 0x76, 0x9e, 0xc7, 0xee, 0x90, 0x00, 0x3b, 0xde,
    0xb7, 0x00, 0x28, 0xb0, 0x02, 0x84, 0x00, 0x3f, 0x80, 0x02, 0xf7, 0x00, 0x1f, 0x60, 0x00, 0xf5,
    0x00, 0x0d, 0x30, 0x00, 0x00, 0x00, 0x00, 0x00, 0x00, 0x00, 0x00, 0x00, 0x00, 0x00, 0x00, 0x00,
    0x00, 0x00, 0x00, 0x00, 0x00, 0x00, 0x00, 0x00, 0x00, 0x00, 0x00, 0x00, 0x00, 0x00, 0x10, 0x00,
    0x00, 0x09, 0x90, 0x00, 0x02, 0xf3, 0x00, 0x00, 0x9a, 0x00, 0x00, 0x1e, 0x50, 0x00, 0x05, 0xe1,
    0x00, 0x00, 0x9b, 0x00, 0x00, 0x0c, 0x80, 0x00, 0x00, 0xf6, 0x00, 0x00, 0x1f, 0x50, 0x00, 0x02,
    0xf4, 0x00, 0x00, 0x1f, 0x40, 0x00, 0x00, 0xf5, 0x00, 0x00, 0x0e, 0x60, 0x00, 0x00, 0xc9, 0x00,
    0x00, 0x08, 0xc0, 0x00, 0x00, 0x4f, 0x10, 0x00, 0x00, 0xe6, 0x00, 0x00, 0x08, 0xb0, 0x00, 0x00,
    0x1e, 0x40, 0x00, 0x00, 0x78, 0x00, 0x01, 0x00, 0x00, 0x01, 0xe3, 0x00, 0x00, 0x08, 0xb0, 0x00,
    0x00, 0x1f, 0x30, 0x00, 0x00, 0xb9, 0x00, 0x00, 0x06, 0xe0, 0x00, 0x00, 0x2f, 0x30, 0x00, 0x00,
    0xe6, 0x00, 0x00, 0x0c, 0x90, 0x00, 0x00, 0xba, 0x00, 0x00, 0x0a, 0xb0, 0x00, 0x00, 0xab, 0x00,
    0x00, 0x0b, 0x90, 0x00, 0x00, 0xc8, 0x00, 0x00, 0x0e, 0x60, 0x00, 0x02, 0xf2, 0x00, 0x00, 0x7d,
    0x00, 0x00, 0x0c, 0x80, 0x00, 0x02, 0xf2, 0x00, 0x00, 0xa9, 0x00, 0x00, 0x1c, 0x20, 0x00, 0x00,
    0x00, 0x00, 0xe2, 0x00, 0x00, 0x10, 0x1f, 0x30, 0x10, 0x07, 0xeb, 0xfc, 0xea, 0x00, 0x03, 0xcf,
    0xe4, 0x00, 0x00, 0x2e, 0xbf, 0x30, 0x00, 0x08, 0xa0, 0x8b, 0x00, 0x00, 0x11, 0x00, 0x10, 0x00,
    0x00, 0x00, 0x00, 0x00, 0x00, 0x00, 0x00, 0x00, 0x00, 0x00, 0x00, 0x00, 0x00, 0x00, 0x00, 0x00,
    0x00, 0x00, 0x00, 0x00, 0x00, 0x00, 0x00, 0x00, 0x00, 0x00, 0x00, 0x00, 0x00, 0x00, 0x00, 0x00,
    0x00, 0x00, 0x00, 0x00, 0x00, 0x00, 0x00, 0x00, 0x00, 0x00, 0x16, 0x10, 0x00, 0x00, 0x00, 0x03,
    0xf2, 0x00, 0x00, 0x00, 0x00, 0x3f, 0x20, 0x00, 0x00, 0x00, 0x03, 0xf2, 0x00, 0x00, 0x00, 0x00,
    0x3f, 0x20, 0x00, 0x04, 0xff, 0xff, 0xff, 0xff, 0xf3, 0x14, 0x44, 0x6f, 0x54, 0x44, 0x10, 0x00,
    0x03, 0xf2, 0x00, 0x00, 0x00, 0x00, 0x3f, 0x20, 0x00, 0x00, 0x00, 0x03, 0xf2, 0x00, 0x00, 0x00,
    0x00, 0x29, 0x10, 0x00, 0x00, 0x00, 0x00, 0x00, 0x00, 0x00, 0x00, 0x00, 0x00, 0x00, 0x00, 0x00,
    0x00, 0x42, 0x00, 0x5f, 0xe0, 0x03, 0xdf, 0x30, 0x03, 0xf1, 0x00, 0x9b, 0x00, 0xae, 0x20, 0x06,
    0x10, 0x00, 0x04, 0x44, 0x44, 0x01, 0xff, 0xff, 0xf0, 0x00, 0x00, 0x00, 0x00, 0x00, 0x00, 0x00,
    0x00, 0x00, 0x00, 0x00, 0x00, 0x00, 0x00, 0x00, 0x00, 0x00, 0x00, 0x01, 0x73, 0x00, 0x6f, 0xc0,
    0x03, 0xd7, 0x00, 0x00, 0x00, 0x00, 0xc6, 0x00, 0x00, 0x01, 0xf2, 0x00, 0x00, 0x06, 0xc0, 0x00,
    0x00, 0x0b, 0x70, 0x00, 0x00, 0x1f, 0x20, 0x00, 0x00, 0x5d, 0x00, 0x00, 0x00, 0xa8, 0x00, 0x00,
    0x01, 0xe3, 0x00, 0x00, 0x05, 0xd0, 0x00, 0x00, 0x09, 0x90, 0x00, 0x00, 0x0e, 0x40, 0x00, 0x00,
    0x4e, 0x00, 0x00, 0x00, 0x99, 0x00, 0x00, 0x00, 0xd5, 0x00, 0x00, 0x03, 0xe1, 0x00, 0x00, 0x08,
    0xa0, 0x00, 0x00, 0x0d, 0x50, 0x00, 0x00, 0x3f, 0x10, 0x00, 0x00, 0x7b, 0x00, 0x00, 0x00, 0x43,
    0x00, 0x00, 0x00, 0x00, 0x05, 0xbe, 0xb5, 0x00, 0x00, 0x06, 0xfa, 0x6a, 0xf6, 0x00, 0x01, 0xfa,
    0x00, 0x0a, 0xe1, 0x00, 0x6f, 0x20, 0x00, 0x3f, 0x60, 0x0b, 0xd0, 0x00, 0x00, 0xda, 0x00, 0xcb,
    0x00, 0x00, 0x0b, 0xc0, 0x0d, 0xa0, 0x00, 0x00, 0xad, 0x00, 0xe9, 0x00, 0x00, 0x09, 0xe0, 0x0d,
    0xa0, 0x00, 0x00, 0xad, 0x00, 0xcb, 0x00, 0x00, 0x0c, 0xc0, 0x0a, 0xd0, 0x00, 0x00, 0xea, 0x00,
    0x6f, 0x30, 0x00, 0x3f, 0x60, 0x01, 0xea, 0x00, 0x0a, 0xe1, 0x00, 0x06, 0xfa, 0x6a, 0xf6, 0x00,
    0x00, 0x05, 0xbe, 0xb5, 0x00, 0x00, 0x00, 0x04, 0x9e, 0xa0, 0x00, 0x00, 0x08, 0xff, 0xfa, 0x00,
    0x00, 0x00, 0x01, 0x1e, 0xa0, 0x00, 0x00, 0x00, 0x00, 0xea, 0x00, 0x00, 0x00, 0x00, 0x0e, 0xa0,
    0x00, 0x00, 0x00, 0x00, 0xea, 0x00, 0x00, 0x00, 0x00, 0x0e, 0xa0, 0x00, 0x00, 0x00, 0x00, 0xea,
    0x00, 0x00, 0x00, 0x00, 0x0e, 0xa0, 0x00, 0x00, 0x00, 0x00, 0xea, 0x00, 0x00, 0x00, 0x00, 0x0e,
    0xa0, 0x00, 0x00, 0x00, 0x00, 0xea, 0x00, 0x00, 0x00, 0x00, 0x0e, 0xa0, 0x00, 0x00, 0x16, 0x66,
    0xec, 0x66, 0x40, 0x03, 0xff, 0xff, 0xff, 0xfa, 0x00, 0x00, 0x4b, 0xee, 0xb4, 0x00, 0x00, 0x6f,
    0xb7, 0x7d, 0xf5, 0x00, 0x1c, 0x70, 0x00, 0x1d, 0xd0, 0x00, 0x00, 0x00, 0x00, 0x7f, 0x20, 0x00,
    0x00, 0x00, 0x06, 0xf3, 0x00, 0x00, 0x00, 0x00, 0x9f, 0x10, 0x00, 0x00, 0x00, 0x0c, 0xc0, 0x00,
    0x00, 0x00, 0x05, 0xf5, 0x00, 0x00, 0x00, 0x01, 0xdc, 0x00, 0x00, 0x00, 0x00, 0xae, 0x30, 0x00,
    0x00, 0x00, 0x8f, 0x60, 0x00, 0x00, 0x00, 0x7f, 0x80, 0x00, 0x00, 0x00, 0x7f, 0x80, 0x00, 0x00,
    0x00, 0x8f, 0xc5, 0x66, 0x66, 0x60, 0x2f, 0xff, 0xff, 0xff, 0xff, 0x00, 0x00, 0x39, 0xde, 0xc6,
    0x00, 0x00, 0x7f, 0xc7, 0x6b, 0xf8, 0x00, 0x04, 0x70, 0x00, 0x0b, 0xf1, 0x00, 0x00, 0x00, 0x00,
    0x6f, 0x40, 0x00, 0x00, 0x00, 0x07, 0xf3, 0x00, 0x00, 0x00, 0x01, 0xdc, 0x00, 0x00, 0x02, 0x68,
    0xed, 0x20, 0x00, 0x00, 0x7f, 0xfe, 0x60, 0x00, 0x00, 0x00, 0x13, 0x8e, 0xb0, 0x00, 0x00, 0x00,
    0x00, 0x4f, 0x70, 0x00, 0x00, 0x00, 0x00, 0xec, 0x00, 0x00, 0x00, 0x00, 0x0e, 0xb0, 0x1b, 0x30,
    0x00, 0x06, 0xf7, 0x01, 0xbf, 0xb8, 0x6a, 0xfc, 0x00, 0x00, 0x6c, 0xee, 0xc7, 0x00, 0x00, 0x00,
    0x00, 0x00, 0xbf, 0x50, 0x00, 0x00, 0x00, 0x5f, 0xf5, 0x00, 0x00, 0x00, 0x1e, 0xaf, 0x50, 0x00,
    0x00, 0x09, 0xe3, 0xf5, 0x00, 0x00, 0x03, 0xf6, 0x3f, 0x50, 0x00, 0x00, 0xcc, 0x03, 0xf5, 0x00,
    0x00, 0x7f, 0x30, 0x3f, 0x50, 0x00, 0x2e, 0x80, 0x03, 0xf5, 0x00, 0x0b, 0xd0, 0x00, 0x3f, 0x50,
    0x05, 0xf8, 0x44, 0x47, 0xf8, 0x41, 0x9f, 0xff, 0xff, 0xff, 0xff, 0x50, 0x00, 0x00, 0x03, 0xf5,
    0x00, 0x00, 0x00, 0x00, 0x3f, 0x50, 0x00, 0x00, 0x00, 0x03, 0xf5, 0x00, 0x00, 0x00, 0x00, 0x3f,
    0x50, 0x00, 0x00, 0xdf, 0xff, 0xff, 0xf3, 0x00, 0x0e, 0xc6, 0x66, 0x66, 0x10, 0x00, 0xf8, 0x00,
    0x00, 0x00, 0x00, 0x1f, 0x70, 0x00, 0x00, 0x00, 0x02, 0xf5, 0x00, 0x00, 0x00, 0x00, 0x3f, 0xad,
    0xed, 0x81, 0x00, 0x03, 0xea, 0x65, 0x9f, 0xc0, 0x00, 0x01, 0x00, 0x00, 0x7f, 0x70, 0x00, 0x00,
    0x00, 0x00, 0xeb, 0x00, 0x00, 0x00, 0x00, 0x0c, 0xd0, 0x00, 0x00, 0x00, 0x00, 0xdc, 0x00, 0x00,
    0x00, 0x00, 0x1f, 0x90, 0x2c, 0x30, 0x00, 0x0a, 0xf3, 0x01, 0xbf, 0xa6, 0x7c, 0xf8, 0x00, 0x00,
    0x6c, 0xee, 0xb4, 0x00, 0x00, 0x00, 0x01, 0x8c, 0xec, 0x70, 0x00, 0x01, 0xdf, 0x96, 0x9f, 0x80,
    0x00, 0xae, 0x30, 0x00, 0x31, 0x00, 0x2f, 0x80, 0x00, 0x00, 0x00, 0x07, 0xf1, 0x00, 0x00, 0x00,
    0x00, 0xad, 0x00, 0x12, 0x00, 0x00, 0x0c, 0xb2, 0xcf, 0xfe, 0x60, 0x00, 0xdd, 0xd6, 0x12, 0x9f,
    0x50, 0x0c, 0xe2, 0x00, 0x00, 0xdc, 0x00, 0xac, 0x00, 0x00, 0x09, 0xf0, 0x09, 0xe0, 0x00, 0x00,
    0x8f, 0x10, 0x4f, 0x40, 0x00, 0x0a, 0xd0, 0x00, 0xcb, 0x00, 0x02, 0xe9, 0x00, 0x03, 0xec, 0x66,
    0xdd, 0x10, 0x00, 0x02, 0xad, 0xd9, 0x10, 0x00, 0x0f, 0xff, 0xff, 0xff, 0xff, 0x00, 0x66, 0x66,
    0x66, 0x7f, 0xb0, 0x00, 0x00, 0x00, 0x08, 0xe2, 0x00, 0x00, 0x00, 0x02, 0xf6, 0x00, 0x00, 0x00,
    0x00, 0xad, 0x00, 0x00, 0x00, 0x00, 0x2f, 0x70, 0x00, 0x00, 0x00, 0x07, 0xf1, 0x00, 0x00, 0x00,
    0x00, 0xda, 0x00, 0x00, 0x00, 0x00, 0x2f, 0x70, 0x00, 0x00, 0x00, 0x05, 0xf4, 0x00, 0x00, 0x00,
    0x00, 0x8f, 0x10, 0x00, 0x00, 0x00, 0x0a, 0xe0, 0x00, 0x00, 0x00, 0x00, 0xcd, 0x00, 0x00, 0x00,
    0x00, 0x0d, 0xc0, 0x00, 0x00, 0x00, 0x00, 0xeb, 0x00, 0x00, 0x00, 0x00, 0x06, 0xce, 0xd8, 0x10,
    0x00, 0x09, 0xf8, 0x47, 0xeb, 0x00, 0x02, 0xf7, 0x00, 0x04, 0xf4, 0x00, 0x5f, 0x30, 0x00, 0x0e,
    0x70, 0x04, 0xf5, 0x00, 0x01, 0xf6, 0x00, 0x0c, 0xd2, 0x00, 0x5f, 0x20, 0x00, 0x1c, 0xf9, 0x4e,
    0x60, 0x00, 0x01, 0xcc, 0xef, 0xc0, 0x00, 0x02, 0xd8, 0x01, 0x8f, 0xb1, 0x00, 0xbb, 0x00, 0x00,
    0x4f, 0x90, 0x0f, 0x70, 0x00, 0x00, 0xae, 0x01, 0xf7, 0x00, 0x00, 0x09, 0xf0, 0x0c, 0xd1, 0x00,
    0x01, 0xdb, 0x00, 0x2e, 0xd6, 0x46, 0xde, 0x20, 0x00, 0x29, 0xde, 0xd9, 0x20, 0x00, 0x00, 0x19,
    0xdd, 0xa3, 0x00, 0x00, 0x1d, 0xd6, 0x6b, 0xe4, 0x00, 0x09, 0xe1, 0x00, 0x0b, 0xd0, 0x00, 0xe9,
    0x00, 0x00, 0x3f, 0x50, 0x1f, 0x70, 0x00, 0x00, 0xe9, 0x00, 0xf8, 0x00, 0x00, 0x0c, 0xb0, 0x0c,
    0xc0, 0x00, 0x02, 0xec, 0x00, 0x5f, 0x92, 0x26, 0xdd, 0xd0, 0x00, 0x7e, 0xff, 0xc2, 0xbc, 0x00,
    0x00, 0x02, 0x10, 0x0d, 0xa0, 0x00, 0x00, 0x00, 0x02, 0xf7, 0x00, 0x00, 0x00, 0x00, 0x8f, 0x20,
    0x01, 0x30, 0x00, 0x3e, 0xa0, 0x00, 0x8f, 0x96, 0x9e, 0xd1, 0x00, 0x00, 0x7c, 0xec, 0x81, 0x00,
    0x00, 0x01, 0x73, 0x00, 0x6f, 0xc0, 0x03, 0xd8, 0x00, 0x00, 0x00, 0x00, 0x00, 0x00, 0x00, 0x00,
    0x00, 0x00, 0x00, 0x00, 0x00, 0x01, 0x73, 0x00, 0x6f, 0xc0, 0x03, 0xd8, 0x00, 0x01, 0x73, 0x00,
    0x6f, 0xc0, 0x03, 0xd8, 0x00, 0x00, 0x00, 0x00, 0x00, 0x00, 0x00, 0x00, 0x00, 0x00, 0x00, 0x00,
    0x00, 0x00, 0x42, 0x00, 0x5f, 0xe0, 0x03, 0xdf, 0x30, 0x03, 0xf1, 0x00, 0x9b, 0x00, 0xae, 0x20,
    0x06, 0x10, 0x00, 0x00, 0x00, 0x00, 0x00, 0x28, 0x30, 0x00, 0x00, 0x05, 0xbf, 0xd2, 0x00, 0x02,
    0x8e, 0xea, 0x40, 0x00, 0x6b, 0xfb, 0x61, 0x00, 0x00, 0x4f, 0xc3, 0x00, 0x00, 0x00, 0x01, 0x8e,
    0xe9, 0x30, 0x00, 0x00, 0x00, 0x05, 0xbf, 0xc7, 0x10, 0x00, 0x00, 0x00, 0x28, 0xef, 0xb2, 0x00,
    0x00, 0x00, 0x00, 0x5b, 0x30, 0x00, 0x00, 0x00, 0x00, 0x00, 0x00, 0x00, 0x00, 0x00, 0x00, 0x00,
    0x00, 0x00, 0x00, 0x00, 0x00, 0x13, 0x33, 0x33, 0x33, 0x33, 0x14, 0xff, 0xff, 0xff, 0xff, 0xf3,
    0x00, 0x00, 0x00, 0x00, 0x00, 0x00, 0x00, 0x00, 0x00, 0x00, 0x00, 0x00, 0x00, 0x00, 0x00, 0x00,
    0x04, 0xff, 0xff, 0xff, 0xff, 0xf3, 0x14, 0x44, 0x44, 0x44, 0x44, 0x10, 0x00, 0x00, 0x00, 0x00,
    0x00, 0x00, 0x00, 0x00, 0x00, 0x00, 0x00, 0x00, 0x00, 0x00, 0x00, 0x00, 0x00, 0x00, 0x00, 0x00,
    0x00, 0x00, 0x37, 0x20, 0x00, 0x00, 0x00, 0x02, 0xdf, 0xb5, 0x00, 0x00, 0x00, 0x00, 0x4a, 0xee,
    0x82, 0x00, 0x00, 0x00, 0x01, 0x6c, 0xfb, 0x50, 0x00, 0x00, 0x00, 0x03, 0xdf, 0x30, 0x00, 0x00,
    0x39, 0xee, 0x81, 0x00, 0x17, 0xcf, 0xb5, 0x00, 0x02, 0xbf, 0xe8, 0x20, 0x00, 0x00, 0x4b, 0x50,
    0x00, 0x00, 0x00, 0x00, 0x00, 0x00, 0x00, 0x00, 0x00, 0x00, 0x00, 0x00, 0x00, 0x00, 0x00, 0x00,
    0x00, 0x00, 0x00, 0x00, 0x00, 0x03, 0x53, 0x00, 0x00, 0x2c, 0xff, 0xfd, 0x30, 0x0d, 0xb3, 0x14,
    0xed, 0x00, 0x20, 0x00, 0x07, 0xf2, 0x00, 0x00, 0x00, 0x6f, 0x30, 0x00, 0x00, 0x0a, 0xe1, 0x00,
    0x00, 0x05, 0xf6, 0x00, 0x00, 0x02, 0xea, 0x00, 0x00, 0x00, 0xbe, 0x10, 0x00, 0x00, 0x3f, 0x50,
    0x00, 0x00, 0x06, 0xf1, 0x00, 0x00, 0x00, 0x37, 0x00, 0x00, 0x00, 0x00, 0x00, 0x00, 0x00, 0x00,
    0x37, 0x10, 0x00, 0x00, 0x0b, 0xf7, 0x00, 0x00, 0x00, 0x7d, 0x30, 0x00, 0x00, 0x00, 0x00, 0x00,
    0x00, 0x10, 0x00, 0x00, 0x00, 0x00, 0x00, 0x00, 0x03, 0x9d, 0xff, 0xfc, 0x60, 0x00, 0x00, 0x00,
    0x00, 0x1a, 0xe9, 0x41, 0x14, 0x6d, 0xc2, 0x00, 0x00, 0x00, 0x2d, 0xb2, 0x00, 0x00, 0x00, 0x1a,
    0xd1, 0x00, 0x00, 0x0c, 0xb0, 0x00, 0x00, 0x00, 0x00, 0x0c, 0x80, 0x00, 0x08, 0xe2, 0x00, 0x00,
    0x10, 0x00, 0x00, 0x4f, 0x20, 0x01, 0xe7, 0x00, 0x04, 0xdf, 0xe8, 0xd0, 0x00, 0xe5, 0x00, 0x6e,
    0x00, 0x04, 0xf7, 0x14, 0xea, 0x00, 0x0c, 0x70, 0x0a, 0x90, 0x00, 0xd8, 0x00, 0x0d, 0x70, 0x00,
    0xa8, 0x00, 0xc7, 0x00, 0x4f, 0x10, 0x01, 0xf4, 0x00, 0x0c, 0x50, 0x0d, 0x60, 0x07, 0xd0, 0x00,
    0x3f, 0x10, 0x01, 0xe3, 0x00, 0xc8, 0x00, 0x6e, 0x00, 0x07, 0xe0, 0x00, 0x8b, 0x00, 0x0a, 0xa0,
    0x02, 0xf8, 0x38, 0xcf, 0x63, 0x9e, 0x20, 0x00, 0x6e, 0x10, 0x05, 0xdd, 0x80, 0x6c, 0xea, 0x20,
    0x00, 0x00, 0xd9, 0x00, 0x00, 0x00, 0x00, 0x00, 0x00, 0x00, 0x00, 0x03, 0xf7, 0x00, 0x00, 0x00,
    0x00, 0x00, 0x00, 0x00, 0x00, 0x04, 0xdd, 0x63, 0x11, 0x37, 0xa0, 0x00, 0x00, 0x00, 0x00, 0x00,
    0x7b, 0xef, 0xfe, 0xa4, 0x00, 0x00, 0x00, 0x00, 0x00, 0x00, 0x00, 0x11, 0x00, 0x00, 0x00, 0x00,
    0x00, 0x00, 0x00, 0x1f, 0xf1, 0x00, 0x00, 0x00, 0x00, 0x6e, 0xe6, 0x00, 0x00, 0x00, 0x00, 0xb9,
    0xab, 0x00, 0x00, 0x00, 0x01, 0xf5, 0x5f, 0x10, 0x00, 0x00, 0x06, 0xf1, 0x1f, 0x60, 0x00, 0x00,
    0x0b, 0xb0, 0x0c, 0xb0, 0x00, 0x00, 0x1f, 0x70, 0x07, 0xf1, 0x00, 0x00, 0x6f, 0x20, 0x03, 0xf6,
    0x00, 0x00, 0xbc, 0x00, 0x00, 0xdb, 0x00, 0x01, 0xff, 0xff, 0xff, 0xff, 0x10, 0x06, 0xf6, 0x55,
    0x55, 0x7f, 0x60, 0x0b, 0xd0, 0x00, 0x00, 0x0e, 0xb0, 0x1f, 0x80, 0x00, 0x00, 0x09, 0xf2, 0x6f,
    0x30, 0x00, 0x00, 0x04, 0xf6, 0xbe, 0x00, 0x00, 0x00, 0x00, 0xec, 0x00, 0xff, 0xff, 0xfd, 0xb4,
    0x00, 0x00, 0x0f, 0xc5, 0x56, 0x7d, 0xf7, 0x00, 0x00, 0xfa, 0x00, 0x00, 0x0c, 0xf0, 0x00, 0x0f,
    0xa0, 0x00, 0x00, 0x7f, 0x30, 0x00, 0xfa, 0x00, 0x00, 0x07, 0xf3, 0x00, 0x0f, 0xa0, 0x00, 0x00,
    0xcd, 0x00, 0x00, 0xfc, 0x44, 0x57, 0xde, 0x40, 0x00, 0x0f, 0xff, 0xff, 0xff, 0xa3, 0x00, 0x00,
    0xfa, 0x00, 0x02, 0x5c, 0xf4, 0x00, 0x0f, 0xa0, 0x00, 0x00, 0x1d, 0xd0, 0x00, 0xfa, 0x00, 0x00,
    0x00, 0x9f, 0x10, 0x0f, 0xa0, 0x00, 0x00, 0x0a, 0xe0, 0x00, 0xfa, 0x00, 0x00, 0x03, 0xea, 0x00,
    0x0f, 0xc5, 0x55, 0x6a, 0xfd, 0x10, 0x00, 0xff, 0xff, 0xfd, 0xc7, 0x10, 0x00, 0x00, 0x00, 0x29,
    0xdf, 0xd9, 0x20, 0x00, 0x00, 0x5e, 0xeb, 0x8a, 0xee, 0x30, 0x00, 0x4f, 0xc2, 0x00, 0x01, 0x91,
    0x00, 0x0d, 0xe1, 0x00, 0x00, 0x00, 0x00, 0x05, 0xf7, 0x00, 0x00, 0x00, 0x00, 0x00, 0x8f, 0x20,
    0x00, 0x00, 0x00, 0x00, 0x0a, 0xf0, 0x00, 0x00, 0x00, 0x00, 0x00, 0xce, 0x00, 0x00, 0x00, 0x00,
    0x00, 0x0a, 0xf0, 0x00, 0x00, 0x00, 0x00, 0x00, 0x8f, 0x20, 0x00, 0x00, 0x00, 0x00, 0x05, 0xf7,
    0x00, 0x00, 0x00, 0x00, 0x00, 0x0d, 0xe0, 0x00, 0x00, 0x00, 0x00, 0x00, 0x5f, 0xb1, 0x00, 0x01,
    0xa8, 0x00, 0x00, 0x6f, 0xea, 0x8a, 0xee, 0x40, 0x00, 0x00, 0x3a, 0xef, 0xd9, 0x20, 0x00, 0x00,
    0xff, 0xff, 0xda, 0x71, 0x00, 0x00, 0x00, 0xfc, 0x66, 0x8b, 0xfd, 0x30, 0x00, 0x00, 0xfa, 0x00,
    0x00, 0x4e, 0xe1, 0x00, 0x00, 0xfa, 0x00, 0x00, 0x04, 0xf9, 0x00, 0x00, 0xfa, 0x00, 0x00, 0x00,
    0xbf, 0x10, 0x00, 0xfa, 0x00, 0x00, 0x00, 0x7f, 0x30, 0x00, 0xfa, 0x00, 0x00, 0x00, 0x5f, 0x50,
    0x00, 0xfa, 0x00, 0x00, 0x00, 0x4f, 0x60, 0x00, 0xfa, 0x00, 0x00, 0x00, 0x5f, 0x50, 0x00, 0xfa,
    0x00, 0x00, 0x00, 0x7f, 0x30, 0x00, 0xfa, 0x00, 0x00, 0x00, 0xcf, 0x10, 0x00, 0xfa, 0x00, 0x00,
    0x04, 0xf8, 0x00, 0x00, 0xfa, 0x00, 0x00, 0x5e, 0xe1, 0x00, 0x00, 0xfc, 0x66, 0x8b, 0xfd, 0x30,
    0x00, 0x00, 0xff, 0xff, 0xec, 0x71, 0x00, 0x00, 0x00, 0xff, 0xff, 0xff, 0xff, 0x60, 0x00, 0xfc,
    0x66, 0x66, 0x66, 0x20, 0x00, 0xfa, 0x00, 0x00, 0x00, 0x00, 0x00, 0xfa, 0x00, 0x00, 0x00, 0x00,
    0x00, 0xfa, 0x00, 0x00, 0x00, 0x00, 0x00, 0xfa, 0x00, 0x00, 0x00, 0x00, 0x00, 0xfc, 0x66, 0x66,
    0x62, 0x00, 0x00, 0xff, 0xff, 0xff, 0xf5, 0x00, 0x00, 0xfa, 0x00, 0x00, 0x00, 0x00, 0x00, 0xfa,
    0x00, 0x00, 0x00, 0x00, 0x00, 0xfa, 0x00, 0x00, 0x00, 0x00, 0x00, 0xfa, 0x00, 0x00, 0x00, 0x00,
    0x00, 0xfa, 0x00, 0x00, 0x00, 0x00, 0x00, 0xfc, 0x66, 0x66, 0x66, 0x30, 0x00, 0xff, 0xff, 0xff,
    0xff, 0x90, 0x00, 0xff, 0xff, 0xff, 0xff, 0x50, 0x0f, 0xc6, 0x66, 0x66, 0x62, 0x00, 0xfa, 0x00,
    0x00, 0x00, 0x00, 0x0f, 0xa0, 0x00, 0x00, 0x00, 0x00, 0xfa, 0x00, 0x00, 0x00, 0x00, 0x0f, 0xa0,
    0x00, 0x00, 0x00, 0x00, 0xfc, 0x66, 0x66, 0x62, 0x00, 0x0f, 0xff, 0xff, 0xff, 0x50, 0x00, 0xfa,
    0x00, 0x00, 0x00, 0x00, 0x0f, 0xa0, 0x00, 0x00, 0x00, 0x00, 0xfa, 0x00, 0x00, 0x00, 0x00, 0x0f,
    0xa0, 0x00, 0x00, 0x00, 0x00, 0xfa, 0x00, 0x00, 0x00, 0x00, 0x0f, 0xa0, 0x00, 0x00, 0x00, 0x00,
    0xfa, 0x00, 0x00, 0x00, 0x00, 0x00, 0x00, 0x19, 0xde, 0xeb, 0x40, 0x00, 0x00, 0x04, 0xef, 0xb8,
    0x9d, 0xf8, 0x00, 0x00, 0x3f, 0xd3, 0x00, 0x00, 0x76, 0x00, 0x00, 0xbe, 0x10, 0x00, 0x00, 0x00,
    0x00, 0x04, 0xf8, 0x00, 0x00, 0x00, 0x00, 0x00, 0x07, 0xf3, 0x00, 0x00, 0x00, 0x00, 0x00, 0x09,
    0xf1, 0x00, 0x00, 0x00, 0x00, 0x00, 0x0c, 0xe0, 0x00, 0x03, 0x66, 0x66, 0x10, 0x0b, 0xf0, 0x00,
    0x08, 0xff, 0xff, 0x30, 0x08, 0xf2, 0x00, 0x00, 0x00, 0x5f, 0x30, 0x06, 0xf6, 0x00, 0x00, 0x00,
    0x5f, 0x30, 0x01, 0xdd, 0x00, 0x00, 0x00, 0x5f, 0x30, 0x00, 0x5f, 0xb1, 0x00, 0x00, 0x7f, 0x30,
    0x00, 0x06, 0xee, 0xb8, 0x8b, 0xfc, 0x10, 0x00, 0x00, 0x29, 0xce, 0xda, 0x60, 0x00, 0x00, 0xfa,
    0x00, 0x00, 0x00, 0x4f, 0x60, 0x00, 0xfa, 0x00, 0x00, 0x00, 0x4f, 0x60, 0x00, 0xfa, 0x00, 0x00,
    0x00, 0x4f, 0x60, 0x00, 0xfa, 0x00, 0x00, 0x00, 0x4f, 0x60, 0x00, 0xfa, 0x00, 0x00, 0x00, 0x4f,
    0x60, 0x00, 0xfa, 0x00, 0x00, 0x00, 0x4f, 0x60, 0x00, 0xfc, 0x77, 0x77, 0x77, 0x9f, 0x60, 0x00,
    0xff, 0xff, 0xff, 0xff, 0xff, 0x60, 0x00, 0xfa, 0x00, 0x00, 0x00, 0x4f, 0x60, 0x00, 0xfa, 0x00,
    0x00, 0x00, 0x4f, 0x60, 0x00, 0xfa, 0x00, 0x00, 0x00, 0x4f, 0x60, 0x00, 0xfa, 0x00, 0x00, 0x00,
    0x4f, 0x60, 0x00, 0xfa, 0x00, 0x00, 0x00, 0x4f, 0x60, 0x00, 0xfa, 0x00, 0x00, 0x00, 0x4f, 0x60,
    0x00, 0xfa, 0x00, 0x00, 0x00, 0x4f, 0x60, 0x00, 0xfa, 0x00, 0x00, 0xfa, 0x00, 0x00, 0xfa, 0x00,
    0x00, 0xfa, 0x00, 0x00, 0xfa, 0x00, 0x00, 0xfa, 0x00, 0x00, 0xfa, 0x00, 0x00, 0xfa, 0x00, 0x00,
    0xfa, 0x00, 0x00, 0xfa, 0x00, 0x00, 0xfa, 0x00, 0x00, 0xfa, 0x00, 0x00, 0xfa, 0x00, 0x00, 0xfa,
    0x00, 0x00, 0xfa, 0x00, 0x00, 0x00, 0x00, 0x1f, 0x90, 0x00, 0x00, 0x00, 0x01, 0xf9, 0x00, 0x00,
    0x00, 0x00, 0x1f, 0x90, 0x00, 0x00, 0x00, 0x01, 0xf9, 0x00, 0x00, 0x00, 0x00, 0x1f, 0x90, 0x00,
    0x00, 0x00, 0x01, 0xf9, 0x00, 0x00, 0x00, 0x00, 0x1f, 0x90, 0x00, 0x00, 0x00, 0x01, 0xf9, 0x00,
    0x00, 0x00, 0x00, 0x1f, 0x90, 0x00, 0x00, 0x00, 0x01, 0xf9, 0x00, 0x00, 0x00, 0x00, 0x1f, 0x90,
    0x00, 0x00, 0x00, 0x03, 0xf7, 0x00, 0x1c, 0x60, 0x00, 0x8f, 0x40, 0x00, 0xaf, 0xb8, 0xaf, 0xb0,
    0x00, 0x00, 0x7d, 0xed, 0x81, 0x00, 0x00, 0x00, 0xfa, 0x00, 0x00, 0x05, 0xf8, 0x00, 0x0f, 0xa0,
    0x00, 0x03, 0xeb, 0x00, 0x00, 0xfa, 0x00, 0x01, 0xdd, 0x10, 0x00, 0x0f, 0xa0, 0x00, 0xce, 0x30,
    0x00, 0x00, 0xfa, 0x00, 0x9f, 0x50, 0x00, 0x00, 0x0f, 0xa0, 0x6f, 0x90, 0x00, 0x00, 0x00, 0xfa,
    0x4f, 0xfc, 0x00, 0x00, 0x00, 0x0f, 0xce, 0xd7, 0xf6, 0x00, 0x00, 0x00, 0xff, 0xe2, 0x0c, 0xe1,
    0x00, 0x00, 0x0f, 0xf4, 0x00, 0x4f, 0x80, 0x00, 0x00, 0xfb, 0x00, 0x00, 0xbf, 0x20, 0x00, 0x0f,
    0xa0, 0x00, 0x03, 0xfa, 0x00, 0x00, 0xfa, 0x00, 0x00, 0x09, 0xf4, 0x00, 0x0f, 0xa0, 0x00, 0x00,
    0x1e, 0xc0, 0x00, 0xfa, 0x00, 0x00, 0x00, 0x7f, 0x60, 0x00, 0xfa, 0x00, 0x00, 0x00, 0x00, 0x0f,
    0xa0, 0x00, 0x00, 0x00, 0x00, 0xfa, 0x00, 0x00, 0x00, 0x00, 0x0f, 0xa0, 0x00, 0x00, 0x00, 0x00,
    0xfa, 0x00, 0x00, 0x00, 0x00, 0x0f, 0xa0, 0x00, 0x00, 0x00, 0x00, 0xfa, 0x00, 0x00, 0x00, 0x00,
    0x0f, 0xa0, 0x00, 0x00, 0x00, 0x00, 0xfa, 0x00, 0x00, 0x00, 0x00, 0x0f, 0xa0, 0x00, 0x00, 0x00,
    0x00, 0xfa, 0x00, 0x00, 0x00, 0x00, 0x0f, 0xa0, 0x00, 0x00, 0x00, 0x00, 0xfa, 0x00, 0x00, 0x00,
    0x00, 0x0f, 0xc6, 0x66, 0x66, 0x61, 0x00, 0xff, 0xff, 0xff, 0xff, 0x30, 0x00, 0xff, 0x40, 0x00,
    0x00, 0x03, 0xff, 0x00, 0x00, 0xff, 0x90, 0x00, 0x00, 0x08, 0xff, 0x00, 0x00, 0xfb, 0xe0, 0x00,
    0x00, 0x0d, 0xbf, 0x00, 0x00, 0xf7, 0xf5, 0x00, 0x00, 0x4f, 0x7f, 0x00, 0x00, 0xf7, 0xaa, 0x00,
    0x00, 0x9b, 0x7f, 0x00, 0x00, 0xf8, 0x5f, 0x10, 0x00, 0xe5, 0x7f, 0x00, 0x00, 0xf8, 0x0e, 0x60,
    0x05, 0xe1, 0x7f, 0x00, 0x00, 0xf8, 0x09, 0xc0, 0x0a, 0x90, 0x7f, 0x00, 0x00, 0xf8, 0x03, 0xf2,
    0x1f, 0x40, 0x7f, 0x00, 0x00, 0xf8, 0x00, 0xd7, 0x6d, 0x00, 0x7f, 0x00, 0x00, 0xf8, 0x00, 0x7d,
    0xb8, 0x00, 0x7f, 0x00, 0x00, 0xf8, 0x00, 0x2f, 0xf2, 0x00, 0x7f, 0x00, 0x00, 0xf8, 0x00, 0x0b,
    0xc0, 0x00, 0x7f, 0x00, 0x00, 0xf8, 0x00, 0x00, 0x00, 0x00, 0x7f, 0x00, 0x00, 0xf8, 0x00, 0x00,
    0x00, 0x00, 0x7f, 0x00, 0x00, 0xfe, 0x10, 0x00, 0x00, 0x4f, 0x50, 0x00, 0xff, 0x90, 0x00, 0x00,
    0x4f, 0x50, 0x00, 0xfb, 0xf3, 0x00, 0x00, 0x4f, 0x50, 0x00, 0xf7, 0xcb, 0x00, 0x00, 0x4f, 0x50,
    0x00, 0xf7, 0x4f, 0x40, 0x00, 0x4f, 0x50, 0x00, 0xf8, 0x0b, 0xd0, 0x00, 0x4f, 0x50, 0x00, 0xf9,
    0x03, 0xf6, 0x00, 0x4f, 0x50, 0x00, 0xf9, 0x00, 0xae, 0x10, 0x4f, 0x50, 0x00, 0xf9, 0x00, 0x2e,
    0x90, 0x4f, 0x50, 0x00, 0xf9, 0x00, 0x08, 0xf2, 0x3f, 0x50, 0x00, 0xf9, 0x00, 0x01, 0xea, 0x2f,
    0x50, 0x00, 0xf9, 0x00, 0x00, 0x6f, 0x4f, 0x50, 0x00, 0xf9, 0x00, 0x00, 0x0c, 0xbf, 0x50, 0x00,
    0xf9, 0x00, 0x00, 0x04, 0xff, 0x50, 0x00, 0xf9, 0x00, 0x00, 0x00, 0xaf, 0x50, 0x00, 0x00, 0x3a,
    0xef, 0xd9, 0x10, 0x00, 0x00, 0x00, 0x7f, 0xea, 0x8b, 0xee, 0x40, 0x00, 0x00, 0x6f, 0xb1, 0x00,
    0x03, 0xdf, 0x20, 0x00, 0x0d, 0xd0, 0x00, 0x00, 0x03, 0xfa, 0x00, 0x06, 0xf6, 0x00, 0x00, 0x00,
    0x0a, 0xf2, 0x00, 0x8f, 0x20, 0x00, 0x00, 0x00, 0x6f, 0x40, 0x0a, 0xf0, 0x00, 0x00, 0x00, 0x04,
    0xf6, 0x00, 0xce, 0x00, 0x00, 0x00, 0x00, 0x3f, 0x80, 0x0a, 0xf0, 0x00, 0x00, 0x00, 0x04, 0xf6,
    0x00, 0x8f, 0x20, 0x00, 0x00, 0x00, 0x6f, 0x40, 0x05, 0xf7, 0x00, 0x00, 0x00, 0x0b, 0xf1, 0x00,
    0x0d, 0xd0, 0x00, 0x00, 0x03, 0xf9, 0x00, 0x00, 0x5f, 0xb1, 0x00, 0x03, 0xde, 0x20, 0x00, 0x00,
    0x6f, 0xea, 0x8b, 0xed, 0x30, 0x00, 0x00, 0x00, 0x3a, 0xef, 0xd9, 0x10, 0x00, 0x00, 0x00, 0xff,
    0xff, 0xed, 0xa4, 0x00, 0x00, 0x0f, 0xc6, 0x66, 0x8d, 0xf7, 0x00, 0x00, 0xfa, 0x00, 0x00, 0x0b,
    0xf2, 0x00, 0x0f, 0xa0, 0x00, 0x00, 0x4f, 0x50, 0x00, 0xfa, 0x00, 0x00, 0x03, 0xf7, 0x00, 0x0f,
    0xa0, 0x00, 0x00, 0x5f, 0x50, 0x00, 0xfa, 0x00, 0x00, 0x0c, 0xe1, 0x00, 0x0f, 0xc5, 0x56, 0x8d,
    0xf5, 0x00, 0x00, 0xff, 0xff, 0xed, 0xa3, 0x00, 0x00, 0x0f, 0xa0, 0x00, 0x00, 0x00, 0x00, 0x00,
    0xfa, 0x00, 0x00, 0x00, 0x00, 0x00, 0x0f, 0xa0, 0x00, 0x00, 0x00, 0x00, 0x00, 0xfa, 0x00, 0x00,
    0x00, 0x00, 0x00, 0x0f, 0xa0, 0x00, 0x00, 0x00, 0x00, 0x00, 0xfa, 0x00, 0x00, 0x00, 0x00, 0x00,
    0x00, 0x00, 0x3a, 0xef, 0xd9, 0x10, 0x00, 0x00, 0x00, 0x7f, 0xea, 0x8b, 0xee, 0x40, 0x00, 0x00,
    0x5f, 0xb1, 0x00, 0x03, 0xdf, 0x20, 0x00, 0x0d, 0xd0, 0x00, 0x00, 0x03, 0xfa, 0x00, 0x05, 0xf6,
    0x00, 0x00, 0x00, 0x0a, 0xf2, 0x00, 0x8f, 0x20, 0x00, 0x00, 0x00, 0x6f, 0x40, 0x0a, 0xf0, 0x00,
    0x00, 0x00, 0x04, 0xf6, 0x00, 0xce, 0x00, 0x00, 0x00, 0x00, 0x3f, 0x80, 0x0a, 0xf0, 0x00, 0x00,
    0x00, 0x04, 0xf6, 0x00, 0x8f, 0x20, 0x00, 0x00, 0x00, 0x6f, 0x40, 0x06, 0xf6, 0x00, 0x00, 0x00,
    0x0a, 0xf2, 0x00, 0x0d, 0xd0, 0x00, 0x00, 0x02, 0xfa, 0x00, 0x00, 0x6f, 0x90, 0x00, 0x01, 0xcf,
    0x30, 0x00, 0x00, 0x7f, 0xc7, 0x58, 0xde, 0x40, 0x00, 0x00, 0x00, 0x4a, 0xff, 0xe9, 0x30, 0x00,
    0x00, 0x00, 0x00, 0x03, 0xfa, 0x00, 0x00, 0x00, 0x00, 0x00, 0x00, 0x08, 0xfb, 0x52, 0x11, 0x00,
    0x00, 0x00, 0x00, 0x06, 0xef, 0xff, 0xa0, 0x00, 0x00, 0x00, 0x00, 0x00, 0x35, 0x52, 0x00, 0x00,
    0xff, 0xff, 0xfd, 0xb5, 0x00, 0x00, 0x0f, 0xc6, 0x66, 0x7c, 0xfa, 0x00, 0x00, 0xfa, 0x00, 0x00,
    0x09, 0xf4, 0x00, 0x0f, 0xa0, 0x00, 0x00, 0x3f, 0x70, 0x00, 0xfa, 0x00, 0x00, 0x02, 0xf8, 0x00,
    0x0f, 0xa0, 0x00, 0x00, 0x7f, 0x50, 0x00, 0xfa, 0x00, 0x02, 0x8f, 0xc0, 0x00, 0x0f, 0xff, 0xff,
    0xff, 0xa1, 0x00, 0x00, 0xfc, 0x55, 0x9f, 0x60, 0x00, 0x00, 0x0f, 0xa0, 0x01, 0xdd, 0x00, 0x00,
    0x00, 0xfa, 0x00, 0x06, 0xf7, 0x00, 0x00, 0x0f, 0xa0, 0x00, 0x0c, 0xe1, 0x00, 0x00, 0xfa, 0x00,
    0x00, 0x4f, 0x80, 0x00, 0x0f, 0xa0, 0x00, 0x00, 0xbf, 0x20, 0x00, 0xfa, 0x00, 0x00, 0x03, 0xfa,
    0x00, 0x00, 0x03, 0xbd, 0xec, 0x70, 0x00, 0x00, 0x6f, 0xd8, 0x8b, 0xfc, 0x20, 0x01, 0xfc, 0x00,
    0x00, 0x39, 0x10, 0x04, 0xf6, 0x00, 0x00, 0x00, 0x00, 0x03, 0xf9, 0x00, 0x00, 0x00, 0x00, 0x00,
    0xcf, 0x81, 0x00, 0x00, 0x00, 0x00, 0x2b, 0xfe, 0x82, 0x00, 0x00, 0x00, 0x00, 0x5d, 0xff, 0x91,
    0x00, 0x00, 0x00, 0x00, 0x4c, 0xfd, 0x20, 0x00, 0x00, 0x00, 0x00, 0x6f, 0xa0, 0x00, 0x00, 0x00,
    0x00, 0x0d, 0xd0, 0x01, 0x10, 0x00, 0x00, 0x0c, 0xc0, 0x0b, 0xd3, 0x00, 0x00, 0x5f, 0x80, 0x04,
    0xdf, 0xc9, 0x8b, 0xfc, 0x10, 0x00, 0x18, 0xce, 0xec, 0x70, 0x00, 0x6f, 0xff, 0xff, 0xff, 0xff,
    0xf4, 0x26, 0x66, 0x6e, 0xd6, 0x66, 0x61, 0x00, 0x00, 0x0e, 0xc0, 0x00, 0x00, 0x00, 0x00, 0x0e,
    0xc0, 0x00, 0x00, 0x00, 0x00, 0x0e, 0xc0, 0x00, 0x00, 0x00, 0x00, 0x0e, 0xc0, 0x00, 0x00, 0x00,
    0x00, 0x0e, 0xc0, 0x00, 0x00, 0x00, 0x00, 0x0e, 0xc0, 0x00, 0x00, 0x00, 0x00, 0x0e, 0xc0, 0x00,
    0x00, 0x00, 0x00, 0x0e, 0xc0, 0x00, 0x00, 0x00, 0x00, 0x0e, 0xc0, 0x00, 0x00, 0x00, 0x00, 0x0e,
    0xc0, 0x00, 0x00, 0x00, 0x00, 0x0e, 0xc0, 0x00, 0x00, 0x00, 0x00, 0x0e, 0xc0, 0x00, 0x00, 0x00,
    0x00, 0x0e, 0xc0, 0x00, 0x00, 0x00, 0xfa, 0x00, 0x00, 0x00, 0x4f, 0x50, 0x00, 0xfa, 0x00, 0x00,
    0x00, 0x4f, 0x50, 0x00, 0xfa, 0x00, 0x00, 0x00, 0x4f, 0x50, 0x00, 0xfa, 0x00, 0x00, 0x00, 0x4f,
    0x50, 0x00, 0xfa, 0x00, 0x00, 0x00, 0x4f, 0x50, 0x00, 0xfa, 0x00, 0x00, 0x00, 0x4f, 0x50, 0x00,
    0xfa, 0x00, 0x00, 0x00, 0x4f, 0x50, 0x00, 0xfa, 0x00, 0x00, 0x00, 0x4f, 0x50, 0x00, 0xfa, 0x00,
    0x00, 0x00, 0x4f, 0x50, 0x00, 0xeb, 0x00, 0x00, 0x00, 0x5f, 0x40, 0x00, 0xdd, 0x00, 0x00, 0x00,
    0x7f, 0x30, 0x00, 0xaf, 0x20, 0x00, 0x00, 0xbe, 0x00, 0x00, 0x3f, 0xb1, 0x00, 0x06, 0xf7, 0x00,
    0x00, 0x08, 0xfd, 0x88, 0xbf, 0xc0, 0x00, 0x00, 0x00, 0x4b, 0xee, 0xc7, 0x00, 0x00, 0xce, 0x00,
    0x00, 0x00, 0x08, 0xf2, 0x7f, 0x30, 0x00, 0x00, 0x0c, 0xd0, 0x3f, 0x80, 0x00, 0x00, 0x1f, 0x80,
    0x0d, 0xc0, 0x00, 0x00, 0x6f, 0x30, 0x08, 0xf1, 0x00, 0x00, 0xae, 0x00, 0x04, 0xf6, 0x00, 0x00,
    0xe9, 0x00, 0x00, 0xea, 0x00, 0x04, 0xf4, 0x00, 0x00, 0x9e, 0x00, 0x08, 0xe0, 0x00, 0x00, 0x5f,
    0x40, 0x0d, 0xa0, 0x00, 0x00, 0x0e, 0x80, 0x2f, 0x50, 0x00, 0x00, 0x0a, 0xd0, 0x6f, 0x10, 0x00,
    0x00, 0x05, 0xf2, 0xbb, 0x00, 0x00, 0x00, 0x01, 0xf7, 0xf6, 0x00, 0x00, 0x00, 0x00, 0xbe, 0xf2,
    0x00, 0x00, 0x00, 0x00, 0x6f, 0xc0, 0x00, 0x00, 0x5f, 0x50, 0x00, 0x02, 0xfa, 0x00, 0x00, 0x0c,
    0xb2, 0xf8, 0x00, 0x00, 0x6f, 0xd0, 0x00, 0x00, 0xf8, 0x0e, 0xb0, 0x00, 0x0a, 0xcf, 0x20, 0x00,
    0x3f, 0x50, 0xbe, 0x00, 0x00, 0xe6, 0xe6, 0x00, 0x06, 0xf2, 0x08, 0xf1, 0x00, 0x2f, 0x2b, 0xa0,
    0x00, 0x9e, 0x00, 0x5f, 0x40, 0x06, 0xe0, 0x8d, 0x00, 0x0c, 0xb0, 0x01, 0xf7, 0x00, 0xab, 0x04,
    0xf2, 0x00, 0xf8, 0x00, 0x0d, 0xa0, 0x0e, 0x70, 0x1f, 0x60, 0x3f, 0x50, 0x00, 0xad, 0x02, 0xf3,
    0x00, 0xca, 0x06, 0xf2, 0x00, 0x07, 0xf1, 0x5e, 0x00, 0x08, 0xd0, 0x8e, 0x00, 0x00, 0x4f, 0x39,
    0xb0, 0x00, 0x5f, 0x1b, 0xb0, 0x00, 0x01, 0xf6, 0xc7, 0x00, 0x01, 0xf4, 0xe7, 0x00, 0x00, 0x0d,
    0xaf, 0x40, 0x00, 0x0c, 0x9f, 0x40, 0x00, 0x00, 0x9f, 0xf0, 0x00, 0x00, 0x9e, 0xf1, 0x00, 0x00,
    0x06, 0xfb, 0x00, 0x00, 0x05, 0xfd, 0x00, 0x00, 0x2f, 0xb0, 0x00, 0x00, 0x5f, 0x50, 0x8f, 0x40,
    0x00, 0x0d, 0xc0, 0x01, 0xeb, 0x00, 0x06, 0xf4, 0x00, 0x07, 0xf4, 0x00, 0xdb, 0x00, 0x00, 0x0d,
    0xc0, 0x6f, 0x30, 0x00, 0x00, 0x5f, 0x6d, 0x90, 0x00, 0x00, 0x00, 0xcf, 0xe2, 0x00, 0x00, 0x00,
    0x08, 0xfb, 0x00, 0x00, 0x00, 0x01, 0xec, 0xf4, 0x00, 0x00, 0x00, 0x9e, 0x1d, 0xc0, 0x00, 0x00,
    0x2f, 0x70, 0x5f, 0x60, 0x00, 0x0a, 0xe1, 0x00, 0xce, 0x10, 0x04, 0xf6, 0x00, 0x04, 0xf8, 0x00,
    0xcd, 0x00, 0x00, 0x0b, 0xe2, 0x5f, 0x50, 0x00, 0x00, 0x3f, 0xa0, 0xbe, 0x10, 0x00, 0x00, 0x7f,
    0x34, 0xf6, 0x00, 0x00, 0x0e, 0xb0, 0x0c, 0xd0, 0x00, 0x06, 0xf3, 0x00, 0x5f, 0x50, 0x00, 0xdb,
    0x00, 0x00, 0xcc, 0x00, 0x5f, 0x40, 0x00, 0x05, 0xf3, 0x0c, 0xc0, 0x00, 0x00, 0x0d, 0xa3, 0xf4,
    0x00, 0x00, 0x00, 0x6f, 0xcc, 0x00, 0x00, 0x00, 0x00, 0xdf, 0x50, 0x00, 0x00, 0x00, 0x09, 0xf0,
    0x00, 0x00, 0x00, 0x00, 0x9f, 0x00, 0x00, 0x00, 0x00, 0x09, 0xf0, 0x00, 0x00, 0x00, 0x00, 0x9f,
    0x00, 0x00, 0x00, 0x00, 0x09, 0xf0, 0x00, 0x00, 0x00, 0x00, 0x9f, 0x00, 0x00, 0x00, 0x04, 0xff,
    0xff, 0xff, 0xff, 0xe0, 0x02, 0x66, 0x66, 0x66, 0x8f, 0x90, 0x00, 0x00, 0x00, 0x00, 0xbe, 0x10,
    0x00, 0x00, 0x00, 0x06, 0xf6, 0x00, 0x00, 0x00, 0x00, 0x1e, 0xb0, 0x00, 0x00, 0x00, 0x00, 0xaf,
    0x20, 0x00, 0x00, 0x00, 0x04, 0xf8, 0x00, 0x00, 0x00, 0x00, 0x1d, 0xd0, 0x00, 0x00, 0x00, 0x00,
    0x8f, 0x40, 0x00, 0x00, 0x00, 0x03, 0xfa, 0x00, 0x00, 0x00, 0x00, 0x0c, 0xe1, 0x00, 0x00, 0x00,
    0x00, 0x6f, 0x60, 0x00, 0x00, 0x00, 0x02, 0xeb, 0x00, 0x00, 0x00, 0x00, 0x0a, 0xf8, 0x66, 0x66,
    0x66, 0x60, 0x0f, 0xff, 0xff, 0xff, 0xff, 0xf0, 0x00, 0xde, 0xee, 0x00, 0x0d, 0x50, 0x00, 0x00,
    0xd5, 0x00, 0x00, 0x0d, 0x50, 0x00, 0x00, 0xd5, 0x00, 0x00, 0x0d, 0x50, 0x00, 0x00, 0xd5, 0x00,
    0x00, 0x0d, 0x50, 0x00, 0x00, 0xd5, 0x00, 0x00, 0x0d, 0x50, 0x00, 0x00, 0xd5, 0x00, 0x00, 0x0d,
    0x50, 0x00, 0x00, 0xd5, 0x00, 0x00, 0x0d, 0x50, 0x00, 0x00, 0xd5, 0x00, 0x00, 0x0d, 0x50, 0x00,
    0x00, 0xd5, 0x00, 0x00, 0x0d, 0x50, 0x00, 0x00, 0xde, 0xee, 0x00, 0x99, 0x00, 0x00, 0x00, 0x4e,
    0x00, 0x00, 0x00, 0x0e, 0x40, 0x00, 0x00, 0x0a, 0x80, 0x00, 0x00, 0x05, 0xd0, 0x00, 0x00, 0x01,
    0xe3, 0x00, 0x00, 0x00, 0xa8, 0x00, 0x00, 0x00, 0x6d, 0x00, 0x00, 0x00, 0x1f, 0x20, 0x00, 0x00,
    0x0b, 0x70, 0x00, 0x00, 0x06, 0xc0, 0x00, 0x00, 0x02, 0xf2, 0x00, 0x00, 0x00, 0xc7, 0x00, 0x00,
    0x00, 0x7b, 0x00, 0x00, 0x00, 0x2f, 0x10, 0x00, 0x00, 0x0d, 0x60, 0x00, 0x00, 0x08, 0xb0, 0x00,
    0x00, 0x03, 0xf1, 0x00, 0x00, 0x00, 0xd5, 0x00, 0x00, 0x00, 0x43, 0x5e, 0xee, 0x70, 0x00, 0x00,
    0xb7, 0x00, 0x00, 0x0b, 0x70, 0x00, 0x00, 0xb7, 0x00, 0x00, 0x0b, 0x70, 0x00, 0x00, 0xb7, 0x00,
    0x00, 0x0b, 0x70, 0x00, 0x00, 0xb7, 0x00, 0x00, 0x0b, 0x70, 0x00, 0x00, 0xb7, 0x00, 0x00, 0x0b,
    0x70, 0x00, 0x00, 0xb7, 0x00, 0x00, 0x0b, 0x70, 0x00, 0x00, 0xb7, 0x00, 0x00, 0x0b, 0x70, 0x00,
    0x00, 0xb7, 0x00, 0x00, 0x0b, 0x70, 0x00, 0x00, 0xb7, 0x00, 0x5e, 0xef, 0x70, 0x00, 0x00, 0x00,
    0x7f, 0x60, 0x00, 0x00, 0x00, 0x0d, 0xdc, 0x00, 0x00, 0x00, 0x03, 0xf3, 0xf3, 0x00, 0x00, 0x00,
    0x9b, 0x0b, 0x90, 0x00, 0x00, 0x1e, 0x50, 0x5e, 0x10, 0x00, 0x06, 0xe0, 0x01, 0xe6, 0x00, 0x00,
    0xc9, 0x00, 0x09, 0xc0, 0x00, 0x3f, 0x30, 0x00, 0x4f, 0x20, 0x05, 0x80, 0x00, 0x00, 0x84, 0x00,
    0x00, 0x00, 0x00, 0x00, 0x00, 0x00, 0x00, 0x00, 0x00, 0x00, 0x00, 0x00, 0x00, 0x00, 0x00, 0x00,
    0x00, 0x00, 0x00, 0x00, 0x00, 0x00, 0x00, 0x00, 0x00, 0x00, 0x00, 0x00, 0x00, 0x00, 0x00, 0x00,
    0x00, 0x00, 0x00, 0x00, 0x00, 0x00, 0x01, 0x22, 0x22, 0x22, 0x22, 0x21, 0xbf, 0xff, 0xff, 0xff,
    0xff, 0xd0, 0x00, 0x01, 0x20, 0x00, 0x00, 0x00, 0x00, 0x0b, 0xd1, 0x00, 0x00, 0x00, 0x00, 0x03,
    0xec, 0x00, 0x00, 0x00, 0x00, 0x00, 0x3e, 0xa0, 0x00, 0x00, 0x00, 0x00, 0x03, 0xb1, 0x00, 0x00,
    0x00, 0x00, 0x00, 0x00, 0x00, 0x00, 0x00, 0x00, 0x00, 0x00, 0x00, 0x00, 0x00, 0x00, 0x00, 0x00,
    0x00, 0x00, 0x00, 0x00, 0x00, 0x00, 0x00, 0x00, 0x00, 0x00, 0x00, 0x00, 0x00, 0x00, 0x00, 0x00,
    0x00, 0x00, 0x00, 0x00, 0x00, 0x00, 0x00, 0x00, 0x00, 0x00, 0x00, 0x00, 0x00, 0x00, 0x00, 0x00,
    0x00, 0x00, 0x00, 0x00, 0x00, 0x00, 0x00, 0x00, 0x00, 0x00, 0x00, 0x00, 0x00, 0x00, 0x00, 0x00,
    0x00, 0x00, 0x00, 0x00, 0x00, 0x00, 0x00, 0x00, 0x00, 0x00, 0x00, 0x00, 0x00, 0x00, 0x00, 0x17,
    0xbe, 0xd9, 0x10, 0x00, 0x2e, 0xd9, 0x69, 0xfc, 0x00, 0x00, 0x50, 0x00, 0x07, 0xf4, 0x00, 0x00,
    0x00, 0x00, 0x3f, 0x60, 0x00, 0x00, 0x15, 0x8b, 0xf8, 0x00, 0x03, 0xbe, 0xa7, 0x6f, 0x80, 0x03,
    0xe8, 0x10, 0x02, 0xf8, 0x00, 0x9d, 0x00, 0x00, 0x2f, 0x80, 0x0b, 0xd0, 0x00, 0x08, 0xf8, 0x00,
    0x7f, 0xb6, 0x7c, 0xbf, 0x80, 0x00, 0x7d, 0xeb, 0x60, 0xd8, 0x00, 0x02, 0xc6, 0x00, 0x00, 0x00,
    0x00, 0x02, 0xf8, 0x00, 0x00, 0x00, 0x00, 0x02, 0xf8, 0x00, 0x00, 0x00, 0x00, 0x02, 0xf8, 0x00,
    0x00, 0x00, 0x00, 0x02, 0xf8, 0x00, 0x00, 0x00, 0x00, 0x02, 0xf7, 0x3a, 0xdd, 0xa2, 0x00, 0x02,
    0xfc, 0xea, 0x79, 0xfe, 0x20, 0x02, 0xfd, 0x30, 0x00, 0x4f, 0x90, 0x02, 0xf8, 0x00, 0x00, 0x0b,
    0xf0, 0x02, 0xf8, 0x00, 0x00, 0x08, 0xf2, 0x02, 0xf8, 0x00, 0x00, 0x08, 0xf3, 0x02, 0xf8, 0x00,
    0x00, 0x09, 0xf1, 0x02, 0xf8, 0x00, 0x00, 0x0d, 0xd0, 0x02, 0xfa, 0x10, 0x00, 0x7f, 0x60, 0x02,
    0xfd, 0xd8, 0x7b, 0xfa, 0x00, 0x02, 0xf3, 0x5c, 0xec, 0x70, 0x00, 0x00, 0x02, 0xad, 0xeb, 0x40,
    0x00, 0x6f, 0xd8, 0x7b, 0xf2, 0x02, 0xec, 0x10, 0x00, 0x20, 0x09, 0xf3, 0x00, 0x00, 0x00, 0x0c,
    0xd0, 0x00, 0x00, 0x00, 0x0e, 0xc0, 0x00, 0x00, 0x00, 0x0c, 0xd0, 0x00, 0x00, 0x00, 0x09, 0xf2,
    0x00, 0x00, 0x00, 0x03, 0xfb, 0x10, 0x00, 0x30, 0x00, 0x7f, 0xd8, 0x6a, 0xf5, 0x00, 0x04, 0xbd,
    0xeb, 0x40, 0x00, 0x00, 0x00, 0x00, 0x3c, 0x50, 0x00, 0x00, 0x00, 0x00, 0x3f, 0x60, 0x00, 0x00,
    0x00, 0x00, 0x3f, 0x60, 0x00, 0x00, 0x00, 0x00, 0x3f, 0x60, 0x00, 0x00, 0x00, 0x00, 0x3f, 0x60,
    0x00, 0x04, 0xbe, 0xd9, 0x3f, 0x60, 0x00, 0x6f, 0xd8, 0x7b, 0xef, 0x60, 0x02, 0xec, 0x10, 0x00,
    0x6f, 0x60, 0x08, 0xf3, 0x00, 0x00, 0x3f, 0x60, 0x0b, 0xe0, 0x00, 0x00, 0x3f, 0x60, 0x0d, 0xc0,
    0x00, 0x00, 0x3f, 0x60, 0x0c, 0xd0, 0x00, 0x00, 0x3f, 0x60, 0x0a, 0xf2, 0x00, 0x00, 0x3f, 0x60,
    0x04, 0xf9, 0x00, 0x01, 0xaf, 0x60, 0x00, 0xaf, 0xb7, 0x8d, 0xbf, 0x60, 0x00, 0x07, 0xce, 0xb6,
    0x0f, 0x60, 0x00, 0x03, 0xae, 0xda, 0x20, 0x00, 0x06, 0xfb, 0x67, 0xde, 0x20, 0x02, 0xe9, 0x00,
    0x01, 0xd9, 0x00, 0x8e, 0x10, 0x00, 0x07, 0xe0, 0x0b, 0xc3, 0x33, 0x33, 0x7f, 0x10, 0xef, 0xff,
    0xff, 0xff, 0xf1, 0x0c, 0xc0, 0x00, 0x00, 0x00, 0x00, 0x9e, 0x10, 0x00, 0x00, 0x00, 0x03, 0xfa,
    0x00, 0x00, 0x00, 0x00, 0x07, 0xfc, 0x75, 0x7c, 0x70, 0x00, 0x03, 0xad, 0xec, 0x81, 0x00, 0x00,
    0x00, 0x34, 0x10, 0x01, 0xcf, 0xfc, 0x00, 0x8f, 0x51, 0x20, 0x0c, 0xc0, 0x00, 0x00, 0xdb, 0x00,
    0x00, 0x0d, 0xb0, 0x00, 0x5e, 0xff, 0xff, 0x22, 0x5e, 0xc5, 0x51, 0x00, 0xdb, 0x00, 0x00, 0x0d,
    0xb0, 0x00, 0x00, 0xdb, 0x00, 0x00, 0x0d, 0xb0, 0x00, 0x00, 0xdb, 0x00, 0x00, 0x0d, 0xb0, 0x00,
    0x00, 0xdb, 0x00, 0x00, 0x0d, 0xb0, 0x00, 0x00, 0xdb, 0x00, 0x00, 0x00, 0x07, 0xdf, 0xff, 0xff,
    0xa0, 0x0b, 0xe7, 0x47, 0xeb, 0x43, 0x04, 0xf5, 0x00, 0x06, 0xf2, 0x00, 0x7f, 0x10, 0x00, 0x3f,
    0x50, 0x04, 0xf4, 0x00, 0x05, 0xf2, 0x00, 0x0c, 0xd3, 0x14, 0xda, 0x00, 0x00, 0x5e, 0xef, 0xe9,
    0x10, 0x00, 0x1f, 0x40, 0x10, 0x00, 0x00, 0x04, 0xf3, 0x00, 0x00, 0x00, 0x00, 0x1f, 0xc6, 0x55,
    0x53, 0x00, 0x00, 0x9e, 0xef, 0xff, 0xfe, 0x30, 0x5e, 0x20, 0x00, 0x14, 0xeb, 0x0c, 0x90, 0x00,
    0x00, 0x0c, 0xc0, 0xdb, 0x00, 0x00, 0x03, 0xf8, 0x07, 0xfa, 0x42, 0x37, 0xeb, 0x00, 0x05, 0xbd,
    0xfd, 0xb5, 0x00, 0x02, 0xc6, 0x00, 0x00, 0x00, 0x00, 0x02, 0xf8, 0x00, 0x00, 0x00, 0x00, 0x02,
    0xf8, 0x00, 0x00, 0x00, 0x00, 0x02, 0xf8, 0x00, 0x00, 0x00, 0x00, 0x02, 0xf8, 0x00, 0x00, 0x00,
    0x00, 0x02, 0xf7, 0x19, 0xee, 0xa1, 0x00, 0x02, 0xfa, 0xdb, 0x7a, 0xfb, 0x00, 0x02, 0xfe, 0x50,
    0x00, 0xaf, 0x20, 0x02, 0xf8, 0x00, 0x00, 0x5f, 0x40, 0x02, 0xf8, 0x00, 0x00, 0x4f, 0x60, 0x02,
    0xf8, 0x00, 0x00, 0x4f, 0x60, 0x02, 0xf8, 0x00, 0x00, 0x4f, 0x60, 0x02, 0xf8, 0x00, 0x00, 0x4f,
    0x60, 0x02, 0xf8, 0x00, 0x00, 0x4f, 0x60, 0x02, 0xf8, 0x00, 0x00, 0x4f, 0x60, 0x02, 0xf8, 0x00,
    0x00, 0x4f, 0x60, 0x00, 0x20, 0x00, 0x4f, 0xa0, 0x02, 0xd7, 0x00, 0x00, 0x00, 0x00, 0x00, 0x00,
    0x2f, 0x80, 0x02, 0xf8, 0x00, 0x2f, 0x80, 0x02, 0xf8, 0x00, 0x2f, 0x80, 0x02, 0xf8, 0x00, 0x2f,
    0x80, 0x02, 0xf8, 0x00, 0x2f, 0x80, 0x02, 0xf8, 0x00, 0x2f, 0x80, 0x00, 0x02, 0x00, 0x00, 0x4f,
    0xa0, 0x00, 0x3d, 0x70, 0x00, 0x00, 0x00, 0x00, 0x00, 0x00, 0x00, 0x2f, 0x80, 0x00, 0x2f, 0x80,
    0x00, 0x2f, 0x80, 0x00, 0x2f, 0x80, 0x00, 0x2f, 0x80, 0x00, 0x2f, 0x80, 0x00, 0x2f, 0x80, 0x00,
    0x2f, 0x80, 0x00, 0x2f, 0x80, 0x00, 0x2f, 0x80, 0x00, 0x2f, 0x80, 0x00, 0x2f, 0x80, 0x00, 0x2f,
    0x80, 0x00, 0x4f, 0x60, 0x45, 0xbf, 0x20, 0xbf, 0xd5, 0x00, 0x00, 0x21, 0x00, 0x00, 0x00, 0x00,
    0x2f, 0x70, 0x00, 0x00, 0x00, 0x02, 0xf7, 0x00, 0x00, 0x00, 0x00, 0x2f, 0x70, 0x00, 0x00, 0x00,
    0x02, 0xf7, 0x00, 0x00, 0x00, 0x00, 0x2f, 0x70, 0x00, 0x00, 0x00, 0x02, 0xf7, 0x00, 0x02, 0xeb,
    0x00, 0x2f, 0x70, 0x01, 0xcd, 0x10, 0x02, 0xf7, 0x00, 0xae, 0x20, 0x00, 0x2f, 0x70, 0x7f, 0x50,
    0x00, 0x02, 0xf7, 0x4f, 0xb0, 0x00, 0x00, 0x2f, 0x9e, 0xdf, 0x30, 0x00, 0x02, 0xff, 0xc1, 0xcc,
    0x00, 0x00, 0x2f, 0xd1, 0x04, 0xf7, 0x00, 0x02, 0xf8, 0x00, 0x0a, 0xe2, 0x00, 0x2f, 0x70, 0x00,
    0x1e, 0xb0, 0x02, 0xf7, 0x00, 0x00, 0x7f, 0x50, 0x00, 0x31, 0x00, 0x02, 0xf8, 0x00, 0x02, 0xf8,
    0x00, 0x02, 0xf8, 0x00, 0x02, 0xf8, 0x00, 0x02, 0xf8, 0x00, 0x02, 0xf8, 0x00, 0x02, 0xf8, 0x00,
    0x02, 0xf8, 0x00, 0x02, 0xf8, 0x00, 0x02, 0xf8, 0x00, 0x02, 0xf8, 0x00, 0x02, 0xf8, 0x00, 0x02,
    0xf8, 0x00, 0x02, 0xf8, 0x00, 0x01, 0xfc, 0x20, 0x00, 0x8e, 0x80, 0x02, 0xf4, 0x2a, 0xee, 0x80,
    0x05, 0xce, 0xc3, 0x00, 0x02, 0xf8, 0xda, 0x7c, 0xf6, 0x8d, 0x88, 0xee, 0x10, 0x02, 0xfe, 0x50,
    0x00, 0xdf, 0xb1, 0x00, 0x5f, 0x60, 0x02, 0xf8, 0x00, 0x00, 0xaf, 0x10, 0x00, 0x1f, 0x80, 0x02,
    0xf8, 0x00, 0x00, 0x8f, 0x10, 0x00, 0x0f, 0xa0, 0x02, 0xf8, 0x00, 0x00, 0x8f, 0x10, 0x00, 0x0f,
    0xa0, 0x02, 0xf8, 0x00, 0x00, 0x8f, 0x10, 0x00, 0x0f, 0xa0, 0x02, 0xf8, 0x00, 0x00, 0x8f, 0x10,
    0x00, 0x0f, 0xa0, 0x02, 0xf8, 0x00, 0x00, 0x8f, 0x10, 0x00, 0x0f, 0xa0, 0x02, 0xf8, 0x00, 0x00,
    0x8f, 0x10, 0x00, 0x0f, 0xa0, 0x02, 0xf8, 0x00, 0x00, 0x8f, 0x10, 0x00, 0x0f, 0xa0, 0x02, 0xf4,
    0x19, 0xee, 0xa1, 0x00, 0x02, 0xf8, 0xdb, 0x7a, 0xfb, 0x00, 0x02, 0xfe, 0x50, 0x00, 0xaf, 0x20,
    0x02, 0xf8, 0x00, 0x00, 0x5f, 0x40, 0x02, 0xf8, 0x00, 0x00, 0x4f, 0x60, 0x02, 0xf8, 0x00, 0x00,
    0x4f, 0x60, 0x02, 0xf8, 0x00, 0x00, 0x4f, 0x60, 0x02, 0xf8, 0x00, 0x00, 0x4f, 0x60, 0x02, 0xf8,
    0x00, 0x00, 0x4f, 0x60, 0x02, 0xf8, 0x00, 0x00, 0x4f, 0x60, 0x02, 0xf8, 0x00, 0x00, 0x4f, 0x60,
    0x00, 0x03, 0xad, 0xea, 0x30, 0x00, 0x00, 0x6f, 0xd8, 0x8c, 0xf6, 0x00, 0x02, 0xfb, 0x10, 0x00,
    0xaf, 0x20, 0x09, 0xf2, 0x00, 0x00, 0x2f, 0x90, 0x0c, 0xd0, 0x00, 0x00, 0x0d, 0xc0, 0x0e, 0xc0,
    0x00, 0x00, 0x0b, 0xe0, 0x0c, 0xd0, 0x00, 0x00, 0x0c, 0xc0, 0x09, 0xf2, 0x00, 0x00, 0x2f, 0x90,
    0x02, 0xfb, 0x00, 0x00, 0xaf, 0x20, 0x00, 0x6f, 0xc7, 0x7c, 0xf7, 0x00, 0x00, 0x03, 0xae, 0xeb,
    0x30, 0x00, 0x02, 0xf4, 0x39, 0xdd, 0xa2, 0x00, 0x02, 0xfb, 0xea, 0x79, 0xfe, 0x20, 0x02, 0xfd,
    0x30, 0x00, 0x4f, 0x90, 0x02, 0xf8, 0x00, 0x00, 0x0b, 0xf0, 0x02, 0xf8, 0x00, 0x00, 0x08, 0xf2,
    0x02, 0xf8, 0x00, 0x00, 0x08, 0xf3, 0x02, 0xf8, 0x00, 0x00, 0x09, 0xf1, 0x02, 0xf8, 0x00, 0x00,
    0x0d, 0xd0, 0x02, 0xfb, 0x10, 0x00, 0x8f, 0x60, 0x02, 0xfe, 0xd8, 0x7b, 0xfa, 0x00, 0x02, 0xf7,
    0x6c, 0xec, 0x70, 0x00, 0x02, 0xf8, 0x00, 0x00, 0x00, 0x00, 0x02, 0xf8, 0x00, 0x00, 0x00, 0x00,
    0x02, 0xf8, 0x00, 0x00, 0x00, 0x00, 0x02, 0xf8, 0x00, 0x00, 0x00, 0x00, 0x02, 0xf8, 0x00, 0x00,
    0x00, 0x00, 0x00, 0x04, 0xbe, 0xd9, 0x1e, 0x60, 0x00, 0x6f, 0xd8, 0x7b, 0xef, 0x60, 0x02, 0xec,
    0x10, 0x00, 0x6f, 0x60, 0x09, 0xf3, 0x00, 0x00, 0x3f, 0x60, 0x0b, 0xe0, 0x00, 0x00, 0x3f, 0x60,
    0x0d, 0xc0, 0x00, 0x00, 0x3f, 0x60, 0x0c, 0xd0, 0x00, 0x00, 0x3f, 0x60, 0x0a, 0xf2, 0x00, 0x00,
    0x3f, 0x60, 0x04, 0xf9, 0x00, 0x01, 0xaf, 0x60, 0x00, 0xaf, 0xb7, 0x8d, 0xcf, 0x60, 0x00, 0x07,
    0xce, 0xb6, 0x3f, 0x60, 0x00, 0x00, 0x00, 0x00, 0x3f, 0x60, 0x00, 0x00, 0x00, 0x00, 0x3f, 0x60,
    0x00, 0x00, 0x00, 0x00, 0x3f, 0x60, 0x00, 0x00, 0x00, 0x00, 0x3f, 0x60, 0x00, 0x00, 0x00, 0x00,
    0x3f, 0x60, 0x02, 0xf4, 0x2b, 0xf8, 0x02, 0xf6, 0xda, 0x84, 0x02, 0xfe, 0x70, 0x00, 0x02, 0xfc,
    0x00, 0x00, 0x02, 0xf8, 0x00, 0x00, 0x02, 0xf8, 0x00, 0x00, 0x02, 0xf8, 0x00, 0x00, 0x02, 0xf8,
    0x00, 0x00, 0x02, 0xf8, 0x00, 0x00, 0x02, 0xf8, 0x00, 0x00, 0x02, 0xf8, 0x00, 0x00, 0x00, 0x4b,
    0xed, 0xa3, 0x00, 0x4f, 0xb6, 0x6b, 0xd0, 0x0a, 0xe0, 0x00, 0x01, 0x00, 0x9e, 0x20, 0x00, 0x00,
    0x03, 0xee, 0x82, 0x00, 0x00, 0x01, 0x8e, 0xf9, 0x20, 0x00, 0x00, 0x16, 0xee, 0x20, 0x00, 0x00,
    0x03, 0xf6, 0x04, 0x00, 0x00, 0x3f, 0x62, 0xed, 0x85, 0x6d, 0xd1, 0x01, 0x8c, 0xed, 0x92, 0x00,
    0x00, 0x01, 0x00, 0x00, 0x00, 0x9c, 0x00, 0x00, 0x00, 0xac, 0x00, 0x00, 0x00, 0xbc, 0x00, 0x00,
    0x6e, 0xff, 0xff, 0xc0, 0x25, 0xdd, 0x55, 0x40, 0x00, 0xcc, 0x00, 0x00, 0x00, 0xcc, 0x00, 0x00,
    0x00, 0xcc, 0x00, 0x00, 0x00, 0xcc, 0x00, 0x00, 0x00, 0xcc, 0x00, 0x00, 0x00, 0xcd, 0x00, 0x00,
    0x00, 0xbf, 0x10, 0x00, 0x00, 0x6f, 0xa6, 0x70, 0x00, 0x08, 0xde, 0xb0, 0x04, 0xf5, 0x00, 0x00,
    0x7f, 0x20, 0x04, 0xf5, 0x00, 0x00, 0x7f, 0x20, 0x04, 0xf5, 0x00, 0x00, 0x7f, 0x20, 0x04, 0xf5,
    0x00, 0x00, 0x7f, 0x20, 0x04, 0xf5, 0x00, 0x00, 0x7f, 0x20, 0x04, 0xf5, 0x00, 0x00, 0x7f, 0x20,
    0x04, 0xf5, 0x00, 0x00, 0x7f, 0x20, 0x03, 0xf7, 0x00, 0x00, 0x8f, 0x20, 0x01, 0xfb, 0x00, 0x04,
    0xef, 0x20, 0x00, 0xaf, 0xa7, 0xad, 0x7f, 0x20, 0x00, 0x1a, 0xee, 0xa2, 0x3f, 0x20, 0x9f, 0x20,
    0x00, 0x00, 0xcc, 0x3f, 0x70, 0x00, 0x02, 0xf6, 0x0d, 0xc0, 0x00, 0x07, 0xf1, 0x07, 0xf2, 0x00,
    0x0c, 0xb0, 0x02, 0xf7, 0x00, 0x2f, 0x60, 0x00, 0xcc, 0x00, 0x7f, 0x10, 0x00, 0x6f, 0x20, 0xca,
    0x00, 0x00, 0x1f, 0x62, 0xf5, 0x00, 0x00, 0x0b, 0xb7, 0xe0, 0x00, 0x00, 0x05, 0xfc, 0x90, 0x00,
    0x00, 0x01, 0xef, 0x40, 0x00, 0x5f, 0x50, 0x00, 0x0e, 0xe0, 0x00, 0x06, 0xf2, 0x1f, 0x90, 0x00,
    0x4e, 0xf3, 0x00, 0x0a, 0xd0, 0x0c, 0xd0, 0x00, 0x89, 0xd7, 0x00, 0x0e, 0x90, 0x07, 0xf1, 0x00,
    0xc6, 0xab, 0x00, 0x2f, 0x50, 0x03, 0xf5, 0x01, 0xf3, 0x6e, 0x00, 0x6f, 0x10, 0x00, 0xe9, 0x05,
    0xe0, 0x2f, 0x40, 0xac, 0x00, 0x00, 0xad, 0x09, 0xa0, 0x0d, 0x80, 0xe8, 0x00, 0x00, 0x6f, 0x1d,
    0x60, 0x09, 0xb2, 0xf4, 0x00, 0x00, 0x2f, 0x6f, 0x20, 0x05, 0xf6, 0xf0, 0x00, 0x00, 0x0c, 0xdd,
    0x00, 0x01, 0xfd, 0xb0, 0x00, 0x00, 0x08, 0xf9, 0x00, 0x00, 0xcf, 0x70, 0x00, 0x2f, 0xa0, 0x00,
    0x0c, 0xc0, 0x07, 0xf4, 0x00, 0x6f, 0x30, 0x00, 0xdc, 0x01, 0xe9, 0x00, 0x00, 0x4f, 0x78, 0xe1,
    0x00, 0x00, 0x09, 0xee, 0x60, 0x00, 0x00, 0x05, 0xfe, 0x10, 0x00, 0x00, 0x0d, 0xbf, 0x80, 0x00,
    0x00, 0x8e, 0x18, 0xf3, 0x00, 0x02, 0xf7, 0x01, 0xdc, 0x00, 0x0b, 0xd0, 0x00, 0x5f, 0x70, 0x6f,
    0x50, 0x00, 0x0a, 0xe2, 0x8f, 0x20, 0x00, 0x00, 0xcc, 0x3f, 0x70, 0x00, 0x02, 0xf7, 0x0c, 0xd0,
    0x00, 0x06, 0xf2, 0x06, 0xf3, 0x00, 0x0b, 0xc0, 0x01, 0xe9, 0x00, 0x1f, 0x70, 0x00, 0x9e, 0x00,
    0x5f, 0x20, 0x00, 0x3f, 0x40, 0xac, 0x00, 0x00, 0x0d, 0x90, 0xe7, 0x00, 0x00, 0x07, 0xe4, 0xf2,
    0x00, 0x00, 0x01, 0xfd, 0xc0, 0x00, 0x00, 0x00, 0xaf, 0x70, 0x00, 0x00, 0x00, 0x7f, 0x20, 0x00,
    0x00, 0x00, 0xcb, 0x00, 0x00, 0x00, 0x06, 0xf5, 0x00, 0x00, 0x07, 0x8f, 0xa0, 0x00, 0x00, 0x3e,
    0xd8, 0x00, 0x00, 0x00, 0x0a, 0xff, 0xff, 0xff, 0x90, 0x35, 0x55, 0x5c, 0xf3, 0x00, 0x00, 0x04,
    0xf8, 0x00, 0x00, 0x01, 0xdc, 0x00, 0x00, 0x00, 0x9f, 0x30, 0x00, 0x00, 0x4f, 0x80, 0x00, 0x00,
    0x1d, 0xc0, 0x00, 0x00, 0x09, 0xf3, 0x00, 0x00, 0x04, 0xf8, 0x00, 0x00, 0x01, 0xde, 0x55, 0x55,
    0x54, 0x5f, 0xff, 0xff, 0xff, 0xc0, 0x00, 0x08, 0xde, 0x00, 0x04, 0xf4, 0x00, 0x00, 0x7d, 0x00,
    0x00, 0x08, 0xc0, 0x00, 0x00, 0x7d, 0x00, 0x00, 0x06, 0xd0, 0x00, 0x00, 0x5e, 0x00, 0x00, 0x06,
    0xd0, 0x00, 0x02, 0xca, 0x00, 0x03, 0xfd, 0x10, 0x00, 0x03, 0xc9, 0x00, 0x00, 0x06, 0xd0, 0x00,
    0x00, 0x5e, 0x00, 0x00, 0x06, 0xd0, 0x00, 0x00, 0x7d, 0x00, 0x00, 0x08, 0xc0, 0x00, 0x00, 0x7d,
    0x00, 0x00, 0x05, 0xf3, 0x00, 0x00, 0x09, 0xee, 0x00, 0x00, 0xe3, 0x00, 0x0e, 0x30, 0x00, 0xe3,
    0x00, 0x0e, 0x30, 0x00, 0xe3, 0x00, 0x0e, 0x30, 0x00, 0xe3, 0x00, 0x0e, 0x30, 0x00, 0xe3, 0x00,
    0x0e, 0x30, 0x00, 0xe3, 0x00, 0x0e, 0x30, 0x00, 0xe3, 0x00, 0x0e, 0x30, 0x00, 0xe3, 0x00, 0x0e,
    0x30, 0x00, 0xe3, 0x00, 0x0e, 0x30, 0x00, 0xe3, 0x00, 0x0e, 0x30, 0x00, 0xe3, 0x00, 0x0e, 0x30,
    0x00, 0x41, 0x00, 0x5e, 0xc4, 0x00, 0x00, 0x19, 0xd0, 0x00, 0x00, 0x4f, 0x10, 0x00, 0x03, 0xf2,
    0x00, 0x00, 0x4f, 0x10, 0x00, 0x04, 0xf0, 0x00, 0x00, 0x5f, 0x00, 0x00, 0x04, 0xf1, 0x00, 0x00,
    0x1e, 0x81, 0x00, 0x00, 0x5f, 0xd0, 0x00, 0x1e, 0x81, 0x00, 0x04, 0xf1, 0x00, 0x00, 0x5f, 0x00,
    0x00, 0x04, 0xf0, 0x00, 0x00, 0x4f, 0x10, 0x00, 0x03, 0xf2, 0x00, 0x00, 0x4f, 0x10, 0x00, 0x09,
    0xe0, 0x00, 0x5e, 0xd5, 0x00, 0x00, 0x01, 0xbe, 0xb2, 0x00, 0x03, 0x00, 0xcb, 0x5a, 0xe6, 0x18,
    0xd0, 0x07, 0x10, 0x06, 0xef, 0xe3, 0x00, 0x00, 0x00, 0x00, 0x31, 0x00, 0x00, 0x00, 0x00, 0x00,
    0x00, 0x00, 0x00, 0x00, 0x00, 0x00, 0x00, 0x00, 0x00, 0x00, 0x00, 0x00, 0x00, 0x00, 0x00, 0x00,
    0x00, 0x00, 0x00, 0x00, 0x00, 0x00, 0x00, 0x00, 0x00, 0x00, 0x00, 0x00, 0x08, 0x60, 0x00, 0x00,
    0x00, 0x00, 0x00, 0x00, 0x00, 0x00, 0x0b, 0xa0, 0x00, 0x00, 0x00, 0x00, 0x00, 0x00, 0x00, 0x00,
    0x0b, 0xa0, 0x00, 0x00, 0x00, 0x00, 0x00, 0x00, 0x00, 0x00, 0x0b, 0xa0, 0x00, 0x00, 0x00, 0x00,
    0x01, 0xff, 0xff, 0xff, 0xff, 0xff, 0xff, 0xff, 0xff, 0x00, 0x01, 0xf8, 0x55, 0x55, 0x5d, 0xb5,
    0x55, 0x55, 0x9f, 0x00, 0x01, 0xf4, 0x00, 0x00, 0x0b, 0xa0, 0x00, 0x00, 0x6f, 0x00, 0x01, 0xf4,
    0x00, 0x00, 0x0b, 0xa0, 0x00, 0x00, 0x6f, 0x00, 0x01, 0xf4, 0x00, 0x00, 0x0b, 0xa0, 0x00, 0x00,
    0x6f, 0x00, 0x01, 0xf4, 0x00, 0x00, 0x0b, 0xa0, 0x00, 0x00, 0x6f, 0x00, 0x01, 0xf4, 0x00, 0x00,
    0x0b, 0xa0, 0x00, 0x00, 0x6f, 0x00, 0x01, 0xff, 0xff, 0xff, 0xff, 0xff, 0xff, 0xff, 0xff, 0x00,
    0x01, 0xf8, 0x55, 0x55, 0x5d, 0xb5, 0x55, 0x55, 0x9f, 0x00, 0x00, 0xb3, 0x00, 0x00, 0x0b, 0xa0,
    0x00, 0x00, 0x49, 0x00, 0x00, 0x00, 0x00, 0x00, 0x0b, 0xa0, 0x00, 0x00, 0x00, 0x00, 0x00, 0x00,
    0x00, 0x00, 0x0b, 0xa0, 0x00, 0x00, 0x00, 0x00, 0x00, 0x00, 0x00, 0x00, 0x0b, 0xa0, 0x00, 0x00,
    0x00, 0x00, 0x00, 0x00, 0x00, 0x00, 0x0b, 0xa0, 0x00, 0x00, 0x00, 0x00, 0x00, 0x00, 0x00, 0x00,
    0x0b, 0xa0, 0x00, 0x00, 0x00, 0x00, 0x00, 0x00, 0x00, 0x00, 0x06, 0x50, 0x00, 0x00, 0x00, 0x00,
    0x00, 0x00, 0x00, 0x53, 0x00, 0x00, 0x00, 0x00, 0x00, 0x00, 0x00, 0x00, 0x00, 0xce, 0x40, 0x00,
    0x00, 0x00, 0x00, 0x00, 0x00, 0x00, 0x00, 0x1b, 0xf3, 0x00, 0x00, 0x00, 0x00, 0x00, 0x00, 0x00,
    0x00, 0x00, 0xcd, 0x10, 0x00, 0x00, 0x00, 0x00, 0x00, 0x00, 0x00, 0x00, 0x1e, 0xa0, 0x00, 0x00,
    0x00, 0x00, 0x00, 0x00, 0x00, 0x00, 0x1f, 0xf3, 0x00, 0x00, 0x00, 0x00, 0x00, 0x00, 0x00, 0x00,
    0x5f, 0xec, 0x00, 0x00, 0x00, 0x00, 0x00, 0x00, 0x00, 0x00, 0xae, 0x3f, 0x50, 0x00, 0x00, 0x00,
    0x00, 0x00, 0x00, 0x00, 0xe9, 0x0a, 0xd0, 0x00, 0x00, 0x00, 0x00, 0x00, 0x00, 0x06, 0xf3, 0x03,
    0xf6, 0x00, 0x00, 0x00, 0x00, 0x00, 0x00, 0x1d, 0xc0, 0x00, 0xae, 0x10, 0x00, 0x00, 0x00, 0x00,
    0x00, 0x7f, 0x40, 0x00, 0x2f, 0x90, 0x00, 0x00, 0x00, 0x00, 0x02, 0xea, 0x00, 0x00, 0x09, 0xf2,
    0x00, 0x00, 0x00, 0x00, 0x1d, 0xe2, 0x00, 0x00, 0x01, 0xdd, 0x10, 0x00, 0x00, 0x01, 0xce, 0x30,
    0x00, 0x00, 0x00, 0x3f, 0xb1, 0x00, 0x00, 0x3d, 0xf4, 0x00, 0x00, 0x00, 0x00, 0x07, 0xfc, 0x20,
    0x08, 0xfd, 0x40, 0x00, 0x00, 0x00, 0x00, 0x00, 0x6f, 0xe1, 0x07, 0xa1, 0x00, 0x00, 0x00, 0x00,
    0x00, 0x00, 0x03, 0x90, 0x00, 0x03, 0x44, 0x44, 0x30, 0x04, 0x44, 0x44, 0x40, 0x00, 0x00, 0x0d,
    0xff, 0xff, 0xb0, 0x1f, 0xff, 0xff, 0xe0, 0x00, 0x00, 0x0d, 0x60, 0x08, 0xb0, 0x1f, 0x30, 0x06,
    0xe0, 0x00, 0x00, 0x0d, 0x60, 0x08, 0xb0, 0x1f, 0x30, 0x06, 0xe0, 0x00, 0x00, 0x0d, 0x60, 0x08,
    0xb0, 0x1f, 0x30, 0x06, 0xe0, 0x00, 0x00, 0x0d, 0x60, 0x08, 0xb0, 0x1f, 0x30, 0x06, 0xe0, 0x00,
    0x00, 0x0d, 0x60, 0x08, 0xb0, 0x1f, 0x30, 0x06, 0xe0, 0x00, 0x14, 0x4d, 0x84, 0x4a, 0xc4, 0x5f,
    0x64, 0x48, 0xe4, 0x41, 0x2f, 0xff, 0xff, 0xff, 0xff, 0xff, 0xff, 0xff, 0xff, 0xf2, 0x00, 0x0f,
    0x50, 0x08, 0xb0, 0x2f, 0x20, 0x06, 0xe0, 0x00, 0x00, 0x1f, 0x40, 0x08, 0xb0, 0x4f, 0x00, 0x06,
    0xe0, 0x00, 0x00, 0x3f, 0x20, 0x08, 0xb0, 0x6d, 0x00, 0x06, 0xe0, 0x00, 0x00, 0x5f, 0x00, 0x08,
    0xb0, 0x7c, 0x00, 0x06, 0xe0, 0x00, 0x00, 0x7c, 0x00, 0x08, 0xb0, 0xaa, 0x00, 0x06, 0xe0, 0x00,
    0x00, 0xc8, 0x00, 0x08, 0xb0, 0xe7, 0x00, 0x06, 0xe0, 0x00, 0x02, 0xf4, 0x00, 0x08, 0xb3, 0xf2,
    0x00, 0x06, 0xe0, 0x00, 0x09, 0xd0, 0x00, 0x0a, 0xba, 0xd0, 0x00, 0x06, 0xe0, 0x00, 0x1e, 0x60,
    0x1e, 0xff, 0x7e, 0x50, 0x0e, 0xff, 0xa0, 0x00, 0x03, 0x00, 0x03, 0x31, 0x03, 0x00, 0x03, 0x42,
    0x00, 0x00, 0x00, 0x00, 0x00, 0x00, 0x15, 0x00, 0x23, 0x00, 0x00, 0x00, 0x06, 0x50, 0x00, 0x00,
    0x7e, 0x00, 0x9d, 0x10, 0x00, 0x00, 0x08, 0xe2, 0x00, 0x00, 0xe8, 0x00, 0x1e, 0x70, 0x00, 0x00,
    0x00, 0xdb, 0x00, 0x06, 0xf2, 0x00, 0x08, 0x70, 0x00, 0x00, 0x00, 0x4f, 0x50, 0x0c, 0xff, 0xff,
    0xff, 0xff, 0xff, 0x90, 0x00, 0x0a, 0xb0, 0x6f, 0xa3, 0x33, 0x3f, 0x63, 0x33, 0x20, 0x00, 0x01,
    0x02, 0xef, 0x90, 0x00, 0x1f, 0x40, 0x00, 0x00, 0x00, 0x00, 0x1c, 0xca, 0x90, 0x00, 0x1f, 0x40,
    0x00, 0x00, 0x00, 0x00, 0x8e, 0x2a, 0xff, 0xff, 0xff, 0xff, 0xff, 0x30, 0x00, 0x00, 0x03, 0x0a,
    0xa3, 0x33, 0x3f, 0x63, 0x33, 0x00, 0x00, 0x00, 0x10, 0x0a, 0x90, 0x00, 0x1f, 0x40, 0x00, 0x00,
    0x00, 0x03, 0xd1, 0x0a, 0x90, 0x00, 0x1f, 0x40, 0x00, 0x00, 0x00, 0x09, 0xe0, 0x0a, 0xa3, 0x33,
    0x3f, 0x63, 0x33, 0x00, 0x00, 0x0e, 0x80, 0x0a, 0xff, 0xff, 0xff, 0xff, 0xff, 0x30, 0x00, 0x5f,
    0x20, 0x0a, 0x90, 0x00, 0x1f, 0x40, 0x00, 0x00, 0x00, 0xcb, 0x00, 0x0a, 0x90, 0x00, 0x1f, 0x40,
    0x00, 0x00, 0x04, 0xf4, 0x00, 0x0a, 0xa3, 0x33, 0x4f, 0x63, 0x33, 0x30, 0x0c, 0xd0, 0x00, 0x0a,
    0xff, 0xff, 0xff, 0xff, 0xff, 0xf0, 0x02, 0x40, 0x00, 0x0a, 0x90, 0x00, 0x00, 0x00, 0x00, 0x00,
    0x00, 0x00, 0x00, 0x06, 0x50, 0x00, 0x00, 0x00, 0x00, 0x00, 0x00, 0x00, 0x00, 0x00, 0x07, 0x60,
    0x00, 0x00, 0x00, 0x00, 0x00, 0x00, 0x00, 0x00, 0x0b, 0xa0, 0x00, 0x00, 0x00, 0x00, 0x00, 0x0a,
    0x40, 0x00, 0x0b, 0xa0, 0x00, 0x04, 0xb1, 0x00, 0x00, 0x0f, 0x60, 0x00, 0x0b, 0xa0, 0x00, 0x06,
    0xf1, 0x00, 0x00, 0x0f, 0x60, 0x00, 0x0b, 0xa0, 0x00, 0x06, 0xf1, 0x00, 0x00, 0x0f, 0x60, 0x00,
    0x0b, 0xa0, 0x00, 0x06, 0xf1, 0x00, 0x00, 0x0f, 0x60, 0x00, 0x0b, 0xa0, 0x00, 0x06, 0xf1, 0x00,
    0x00, 0x0f, 0x60, 0x00, 0x0b, 0xa0, 0x00, 0x06, 0xf1, 0x00, 0x00, 0x0f, 0xff, 0xff, 0xff, 0xff,
    0xff, 0xff, 0xf1, 0x00, 0x00, 0x05, 0x55, 0x55, 0x5d, 0xc5, 0x55, 0x55, 0x50, 0x00, 0x00, 0x43,
    0x00, 0x00, 0x0b, 0xa0, 0x00, 0x00, 0x23, 0x00, 0x00, 0xd9, 0x00, 0x00, 0x0b, 0xa0, 0x00, 0x00,
    0x9d, 0x00, 0x00, 0xd9, 0x00, 0x00, 0x0b, 0xa0, 0x00, 0x00, 0x9d, 0x00, 0x00, 0xd9, 0x00, 0x00,
    0x0b, 0xa0, 0x00, 0x00, 0x9d, 0x00, 0x00, 0xd9, 0x00, 0x00, 0x0b, 0xa0, 0x00, 0x00, 0x9d, 0x00,
    0x00, 0xd9, 0x00, 0x00, 0x0b, 0xa0, 0x00, 0x00, 0x9d, 0x00, 0x00, 0xd9, 0x00, 0x00, 0x0b, 0xa0,
    0x00, 0x00, 0x9d, 0x00, 0x00, 0xdf, 0xff, 0xff, 0xff, 0xff, 0xff, 0xff, 0xfd, 0x00, 0x00, 0x45,
    0x55, 0x55, 0x55, 0x55, 0x55, 0x55, 0xbd, 0x00, 0x00, 0x00, 0x00, 0x00, 0x00, 0x00, 0x00, 0x00,
    0x57, 0x00, 0x00, 0x03, 0x50, 0x00, 0x00, 0x00, 0x00, 0x00, 0x00, 0x00, 0x00, 0x05, 0xf3, 0x00,
    0x00, 0x00, 0x00, 0x00, 0x00, 0x00, 0x00, 0x00, 0xac, 0x00, 0xbf, 0xff, 0xff, 0xff, 0xff, 0x60,
    0x00, 0x00, 0x25, 0x00, 0x34, 0x48, 0xf4, 0x44, 0x4e, 0x60, 0x0e, 0xff, 0xff, 0xfb, 0x00, 0x06,
    0xe0, 0x00, 0x0e, 0x50, 0x03, 0x44, 0x44, 0xe7, 0x00, 0x07, 0xd0, 0x00, 0x0f, 0x50, 0x00, 0x00,
    0x07, 0xe1, 0x00, 0x08, 0xc0, 0x00, 0x0f, 0x50, 0x00, 0x00, 0x1e, 0x70, 0x00, 0x09, 0xb0, 0x00,
    0x1f, 0x40, 0x00, 0x00, 0xad, 0x08, 0x60, 0x0b, 0x90, 0x00, 0x1f, 0x30, 0x00, 0x06, 0xfb, 0x6e,
    0x20, 0x0e, 0x70, 0x00, 0x2f, 0x30, 0x00, 0x4f, 0xff, 0xe2, 0x00, 0x1f, 0x40, 0x00, 0x3f, 0x20,
    0x04, 0xea, 0xe9, 0xe6, 0x00, 0x4f, 0x10, 0x00, 0x3f, 0x10, 0x1f, 0xb1, 0xe7, 0x5f, 0x30, 0x7d,
    0x00, 0x00, 0x4f, 0x10, 0x07, 0x10, 0xe7, 0x07, 0x00, 0xd9, 0x00, 0x00, 0x5f, 0x00, 0x00, 0x00,
    0xe7, 0x00, 0x05, 0xf2, 0x00, 0x00, 0x7d, 0x00, 0x00, 0x00, 0xe7, 0x00, 0x0b, 0xb0, 0x00, 0x00,
    0x8c, 0x00, 0x00, 0x00, 0xe7, 0x00, 0x7f, 0x50, 0x00, 0x00, 0xba, 0x00, 0x00, 0x00, 0xe7, 0x05,
    0xfa, 0x00, 0x11, 0x03, 0xf6, 0x00, 0x00, 0x00, 0xe7, 0x0d, 0xc1, 0x00, 0xaf, 0xff, 0xc1, 0x00,
    0x00, 0x00, 0x63, 0x02, 0x10, 0x00, 0x14, 0x43, 0x00, 0x00, 0x00, 0x00, 0x00, 0x00, 0x00, 0x00,
    0x31, 0x00, 0x00, 0x00, 0x00, 0x00, 0x00, 0x00, 0x00, 0x00, 0xf5, 0x00, 0x00, 0x00, 0x00, 0x00,
    0x00, 0x00, 0x00, 0x00, 0xf5, 0x00, 0x00, 0x00, 0x0e, 0xff, 0xff, 0xff, 0x60, 0x00, 0xf5, 0x00,
    0x00, 0x00, 0x04, 0x44, 0xe8, 0x44, 0x20, 0x00, 0xf5, 0x00, 0x00, 0x00, 0x00, 0x00, 0xe6, 0x00,
    0x7f, 0xff, 0xff, 0xff, 0xff, 0xc0, 0x00, 0x00, 0xe6, 0x00, 0x24, 0x46, 0xf6, 0x44, 0x4a, 0xb0,
    0x00, 0x00, 0xe6, 0x00, 0x00, 0x04, 0xf1, 0x00, 0x09, 0xb0, 0x00, 0x00, 0xe6, 0x00, 0x00, 0x05,
    0xf0, 0x00, 0x0a, 0xa0, 0x00, 0x00, 0xe6, 0x00, 0x00, 0x07, 0xd0, 0x00, 0x0b, 0x90, 0x00, 0x00,
    0xe6, 0x00, 0x00, 0x0a, 0xb0, 0x00, 0x0b, 0x90, 0x00, 0x00, 0xe6, 0x00, 0x00, 0x0e, 0x70, 0x00,
    0x0c, 0x80, 0x00, 0x00, 0xe8, 0x7c, 0xb0, 0x3f, 0x30, 0x00, 0x0d, 0x70, 0x02, 0x5a, 0xff, 0xea,
    0x40, 0x8e, 0x00, 0x00, 0x0e, 0x60, 0x1f, 0xfd, 0x84, 0x00, 0x02, 0xf8, 0x00, 0x00, 0x1f, 0x40,
    0x06, 0x20, 0x00, 0x00, 0x0b, 0xd1, 0x00, 0x00, 0x3f, 0x30, 0x00, 0x00, 0x00, 0x00, 0x7f, 0x50,
    0x00, 0x00, 0x5f, 0x10, 0x00, 0x00, 0x00, 0x08, 0xf9, 0x00, 0x11, 0x00, 0xbc, 0x00, 0x00, 0x00,
    0x00, 0x9f, 0x80, 0x00, 0x5f, 0xff, 0xf5, 0x00, 0x00, 0x00, 0x00, 0x14, 0x00, 0x00, 0x04, 0x44,
    0x20, 0x00, 0x00, 0x00, 0x00, 0x04, 0x60, 0x00, 0x00, 0x00, 0x00, 0x00, 0x00, 0x00, 0x00, 0x1e,
    0xa0, 0x00, 0x00, 0x00, 0x00, 0x00, 0x00, 0x00, 0x00, 0xbf, 0x42, 0x22, 0x22, 0x22, 0x10, 0x00,
    0x00, 0x00, 0x09, 0xff, 0xff, 0xff, 0xff, 0xff, 0xc0, 0x00, 0x00, 0x01, 0xbf, 0xb0, 0x00, 0x00,
    0x00, 0x9d, 0x20, 0x00, 0x00, 0x4d, 0xd5, 0xe9, 0x00, 0x00, 0x1b, 0xe2, 0x00, 0x00, 0x00, 0xc9,
    0x10, 0x3d, 0xc4, 0x18, 0xe9, 0x10, 0x00, 0x00, 0x00, 0x00, 0x00, 0x01, 0xcf, 0xff, 0x50, 0x00,
    0x00, 0x00, 0x00, 0x01, 0x47, 0xbe, 0xe9, 0x8c, 0xfd, 0x96, 0x43, 0x10, 0x0b, 0xef, 0xec, 0x83,
    0x00, 0x00, 0x27, 0xac, 0xef, 0xd0, 0x04, 0x42, 0x00, 0x00, 0x1e, 0x40, 0x00, 0x00, 0x02, 0x20,
    0x00, 0x00, 0x00, 0x00, 0x4f, 0x20, 0x00, 0x00, 0x00, 0x00, 0x00, 0x7f, 0xff, 0xff, 0xff, 0xff,
    0xff, 0xff, 0xf4, 0x00, 0x00, 0x13, 0x33, 0x34, 0xe8, 0x33, 0x33, 0x35, 0xf2, 0x00, 0x00, 0x00,
    0x00, 0x08, 0xe1, 0x00, 0x00, 0x05, 0xf0, 0x00, 0x00, 0x00, 0x00, 0x5f, 0x60, 0x00, 0x00, 0x08,
    0xc0, 0x00, 0x00, 0x00, 0x17, 0xf7, 0x00, 0x00, 0x00, 0x0b, 0x90, 0x00, 0x00, 0x37, 0xee, 0x50,
    0x00, 0x01, 0x00, 0x4f, 0x50, 0x00, 0x09, 0xfd, 0x71, 0x00, 0x00, 0x0e, 0xff, 0xfa, 0x00, 0x00,
    0x01, 0x30, 0x00, 0x00, 0x00, 0x01, 0x22, 0x10, 0x00, 0x00, 0x00, 0x00, 0x00, 0x00, 0x00, 0x00,
    0x04, 0x20, 0x00, 0x00, 0x00, 0x00, 0x00, 0x00, 0x00, 0x00, 0x0d, 0x70, 0x00, 0x00, 0x03, 0xff,
    0xff, 0xff, 0xf8, 0x00, 0x0d, 0x70, 0x00, 0x00, 0x01, 0x33, 0x33, 0x33, 0x32, 0x00, 0x0d, 0x70,
    0x00, 0x00, 0x00, 0x00, 0x00, 0x00, 0x00, 0x00, 0x0d, 0x70, 0x00, 0x00, 0x00, 0x00, 0x00, 0x00,
    0x00, 0xdf, 0xff, 0xff, 0xff, 0xd0, 0x00, 0x00, 0x00, 0x00, 0x00, 0x44, 0x4f, 0x84, 0x49, 0xc0,
    0x0e, 0xff, 0xff, 0xff, 0xfd, 0x00, 0x1f, 0x40, 0x08, 0xc0, 0x03, 0x36, 0xf6, 0x33, 0x33, 0x00,
    0x2f, 0x30, 0x08, 0xc0, 0x00, 0x06, 0xe0, 0x00, 0x00, 0x00, 0x3f, 0x10, 0x09, 0xb0, 0x00, 0x0a,
    0xa0, 0x09, 0x30, 0x00, 0x5f, 0x00, 0x09, 0xa0, 0x00, 0x0e, 0x60, 0x0a, 0x90, 0x00, 0x8c, 0x00,
    0x0a, 0xa0, 0x00, 0x3f, 0x20, 0x04, 0xe0, 0x00, 0xb9, 0x00, 0x0b, 0x90, 0x00, 0x8b, 0x00, 0x00,
    0xe5, 0x01, 0xe6, 0x00, 0x0c, 0x80, 0x00, 0xe6, 0x47, 0xae, 0xfa, 0x05, 0xf1, 0x00, 0x0d, 0x70,
    0x07, 0xff, 0xfd, 0xa6, 0x7e, 0x0b, 0xb0, 0x00, 0x0f, 0x60, 0x05, 0xa6, 0x20, 0x00, 0x17, 0x4f,
    0x50, 0x00, 0x2f, 0x40, 0x00, 0x00, 0x00, 0x00, 0x01, 0xdb, 0x01, 0x00, 0x8f, 0x10, 0x00, 0x00,
    0x00, 0x00, 0x08, 0xe2, 0x0c, 0xff, 0xf9, 0x00, 0x00, 0x00, 0x00, 0x00, 0x01, 0x40, 0x02, 0x44,
    0x30, 0x00, 0x00, 0x00, 0x00, 0x63, 0x00, 0x23, 0x00, 0x00, 0x00, 0x00, 0x00, 0x00, 0x02, 0xf5,
    0x00, 0x9c, 0x00, 0x00, 0x00, 0x00, 0x00, 0x00, 0x09, 0xd0, 0x00, 0x9c, 0x00, 0x00, 0x00, 0x00,
    0x00, 0x00, 0x2f, 0x60, 0x00, 0x9c, 0x00, 0x00, 0x04, 0x00, 0x00, 0x00, 0xad, 0x00, 0x00, 0x9c,
    0x00, 0x00, 0x5f, 0x70, 0x00, 0x05, 0xfa, 0x00, 0x00, 0x9c, 0x00, 0x02, 0xec, 0x00, 0x00, 0x1e,
    0xfa, 0x00, 0x00, 0x9c, 0x00, 0x1c, 0xd1, 0x00, 0x01, 0xce, 0xda, 0x00, 0x00, 0x9c, 0x01, 0xbf,
    0x30, 0x00, 0x0a, 0xf4, 0xba, 0x00, 0x00, 0x9c, 0x1c, 0xf5, 0x00, 0x00, 0x0b, 0x70, 0xba, 0x00,
    0x00, 0x9d, 0xce, 0x40, 0x00, 0x00, 0x01, 0x00, 0xba, 0x00, 0x00, 0x9f, 0xd2, 0x00, 0x00, 0x00,
    0x00, 0x00, 0xba, 0x00, 0x18, 0xfe, 0x20, 0x00, 0x00, 0x00, 0x00, 0x00, 0xba, 0x04, 0xdf, 0xec,
    0x00, 0x00, 0x00, 0x00, 0x00, 0x00, 0xba, 0x3f, 0xc3, 0x9c, 0x00, 0x00, 0x01, 0x40, 0x00, 0x00,
    0xba, 0x03, 0x00, 0x9c, 0x00, 0x00, 0x03, 0xf2, 0x00, 0x00, 0xba, 0x00, 0x00, 0x9c, 0x00, 0x00,
    0x04, 0xf1, 0x00, 0x00, 0xba, 0x00, 0x00, 0x9c, 0x00, 0x00, 0x06, 0xf0, 0x00, 0x00, 0xba, 0x00,
    0x00, 0x8e, 0x10, 0x00, 0x1b, 0xb0, 0x00, 0x00, 0xba, 0x00, 0x00, 0x3f, 0xff, 0xff, 0xff, 0x50,
    0x00, 0x00, 0x87, 0x00, 0x00, 0x02, 0x55, 0x55, 0x52, 0x00, 0x03, 0x33, 0x33, 0x33, 0x33, 0x00,
    0x00, 0x00, 0x00, 0x00, 0x1f, 0xff, 0xff, 0xff, 0xff, 0x44, 0x44, 0x44, 0x44, 0x10, 0x00, 0xaa,
    0x00, 0x0c, 0x80, 0xef, 0xff, 0xff, 0xff, 0x60, 0x00, 0xaa, 0x00, 0x0c, 0x80, 0x0b, 0x70, 0x00,
    0x1f, 0x40, 0x00, 0xab, 0x33, 0x3c, 0x80, 0x08, 0xa0, 0x00, 0x4f, 0x10, 0x00, 0xaf, 0xff, 0xff,
    0x80, 0x05, 0xd0, 0x00, 0x7d, 0x00, 0x00, 0xaa, 0x00, 0x0c, 0x80, 0x02, 0xf1, 0x00, 0xaa, 0x00,
    0x00, 0xaa, 0x00, 0x0c, 0x80, 0x00, 0xe4, 0x00, 0xe6, 0x00, 0x00, 0xaa, 0x00, 0x0c, 0x80, 0x00,
    0xb9, 0x04, 0xf2, 0x00, 0x00, 0xaf, 0xff, 0xff, 0x80, 0x00, 0x6e, 0x0a, 0xb0, 0x00, 0x00, 0xab,
    0x33, 0x3c, 0x80, 0x00, 0x1f, 0x5f, 0x60, 0x00, 0x00, 0xaa, 0x00, 0x0c, 0x80, 0x00, 0x0a, 0xee,
    0x00, 0x00, 0x00, 0xaa, 0x00, 0x0c, 0x82, 0x10, 0x05, 0xf7, 0x00, 0x00, 0x00, 0xab, 0x69, 0xbf,
    0xff, 0x40, 0x0a, 0xfa, 0x00, 0x00, 0x2d, 0xff, 0xfd, 0xae, 0x91, 0x00, 0x6f, 0x8f, 0x60, 0x00,
    0x08, 0x63, 0x10, 0x0c, 0x80, 0x03, 0xe8, 0x08, 0xe3, 0x00, 0x00, 0x00, 0x00, 0x0c, 0x80, 0x4e,
    0xb0, 0x00, 0xce, 0x50, 0x00, 0x00, 0x00, 0x0c, 0x83, 0xfa, 0x00, 0x00, 0x1b, 0xe1, 0x00, 0x00,
    0x00, 0x07, 0x50, 0x50, 0x00, 0x00, 0x00, 0x30, 0x00, 0x00, 0x00, 0x00, 0x00, 0x00, 0x00, 0x25,
    0x60, 0x00, 0x00, 0x01, 0x23, 0x45, 0x78, 0x9b, 0xdf, 0xfd, 0xa3, 0x00, 0x00, 0x0e, 0xff, 0xed,
    0xba, 0x97, 0x53, 0x10, 0x00, 0x00, 0x00, 0x0e, 0x70, 0x00, 0x00, 0x00, 0x00, 0x00, 0x00, 0x00,
    0x00, 0x0e, 0x60, 0x00, 0x00, 0x00, 0x00, 0x00, 0x00, 0x00, 0x00, 0x0e, 0x60, 0x00, 0x00, 0x00,
    0x00, 0x00, 0x00, 0x00, 0x00, 0x0e, 0xff, 0xff, 0xff, 0xff, 0xff, 0xff, 0xff, 0xf0, 0x00, 0x0e,
    0x95, 0x55, 0x55, 0x55, 0x55, 0x55, 0x55, 0x50, 0x00, 0x0f, 0x60, 0x00, 0x00, 0x00, 0x00, 0x00,
    0x00, 0x00, 0x00, 0x0f, 0x50, 0x00, 0x00, 0x00, 0x00, 0x00, 0x00, 0x00, 0x00, 0x1f, 0x50, 0x33,
    0x33, 0x33, 0x33, 0x33, 0x32, 0x00, 0x00, 0x2f, 0x30, 0xcf, 0xff, 0xff, 0xff, 0xff, 0xf8, 0x00,
    0x00, 0x4f, 0x10, 0xc8, 0x00, 0x00, 0x00, 0x00, 0xd8, 0x00, 0x00, 0x7e, 0x00, 0xc8, 0x00, 0x00,
    0x00, 0x00, 0xd8, 0x00, 0x00, 0xab, 0x00, 0xc8, 0x00, 0x00, 0x00, 0x00, 0xd8, 0x00, 0x00, 0xe7,
    0x00, 0xc8, 0x00, 0x00, 0x00, 0x00, 0xd8, 0x00, 0x05, 0xf3, 0x00, 0xc8, 0x00, 0x00, 0x00, 0x00,
    0xd8, 0x00, 0x0d, 0xc0, 0x00, 0xcf, 0xff, 0xff, 0xff, 0xff, 0xf8, 0x00, 0x2f, 0x40, 0x00, 0xca,
    0x44, 0x44, 0x44, 0x44, 0xd8, 0x00, 0x03, 0x00, 0x00, 0x64, 0x00, 0x00, 0x00, 0x00, 0x64, 0x00,
    0x00, 0x00, 0x00, 0x00, 0x00, 0x00, 0x00, 0x02, 0x72, 0x00, 0x00, 0x00, 0x00, 0x00, 0x00, 0x02,
    0x69, 0xdf, 0xc7, 0x00, 0x07, 0xff, 0xff, 0xf0, 0x06, 0xef, 0xd9, 0x62, 0x00, 0x00, 0x07, 0xe5,
    0x58, 0xf0, 0x08, 0xd1, 0x00, 0x00, 0x00, 0x00, 0x07, 0xd0, 0x05, 0xf0, 0x08, 0xd0, 0x00, 0x00,
    0x00, 0x00, 0x07, 0xd0, 0x05, 0xf0, 0x08, 0xd0, 0x00, 0x00, 0x00, 0x00, 0x07, 0xd0, 0x05, 0xf0,
    0x08, 0xd0, 0x00, 0x00, 0x00, 0x00, 0x07, 0xd0, 0x05, 0xf0, 0x08, 0xff, 0xff, 0xff, 0xff, 0xf0,
    0x07, 0xd0, 0x05, 0xf0, 0x08, 0xd5, 0x55, 0x5f, 0x85, 0x50, 0x07, 0xd0, 0x05, 0xf0, 0x09, 0xc0,
    0x00, 0x1f, 0x50, 0x00, 0x07, 0xd0, 0x05, 0xf0, 0x09, 0xb0, 0x00, 0x1f, 0x50, 0x00, 0x07, 0xd0,
    0x05, 0xf0, 0x0b, 0xa0, 0x00, 0x1f, 0x50, 0x00, 0x07, 0xd0, 0x05, 0xf0, 0x0c, 0x80, 0x00, 0x1f,
    0x50, 0x00, 0x07, 0xff, 0xff, 0xf0, 0x0e, 0x60, 0x00, 0x1f, 0x50, 0x00, 0x07, 0xe5, 0x55, 0x50,
    0x4f, 0x30, 0x00, 0x1f, 0x50, 0x00, 0x07, 0xd0, 0x00, 0x00, 0x7e, 0x00, 0x00, 0x1f, 0x50, 0x00,
    0x00, 0x00, 0x00, 0x00, 0xda, 0x00, 0x00, 0x1f, 0x50, 0x00, 0x00, 0x00, 0x00, 0x06, 0xf4, 0x00,
    0x00, 0x1f, 0x50, 0x00, 0x00, 0x00, 0x00, 0x0b, 0xb0, 0x00, 0x00, 0x1f, 0x50, 0x00, 0x00, 0x00,
    0x00, 0x01, 0x20, 0x00, 0x00, 0x08, 0x30, 0x00, 0x00, 0x00, 0x00, 0x00, 0x06, 0x10, 0x00, 0x00,
    0x00, 0x00, 0x00, 0x00, 0x00, 0x00, 0x0e, 0x90, 0x00, 0x00, 0x00, 0x00, 0x00, 0x00, 0x00, 0x00,
    0x08, 0xf1, 0x00, 0x00, 0x00, 0x00, 0x00, 0x03, 0x33, 0x33, 0x35, 0xf6, 0x33, 0x33, 0x31, 0x00,
    0x00, 0x0e, 0xff, 0xff, 0xff, 0xff, 0xff, 0xff, 0xf4, 0x00, 0x00, 0x0e, 0x70, 0x00, 0x00, 0x00,
    0x00, 0x01, 0xf4, 0x00, 0x00, 0x0e, 0x70, 0x00, 0x00, 0x00, 0x00, 0x01, 0xf4, 0x00, 0x00, 0x0e,
    0x94, 0x44, 0x44, 0x44, 0x44, 0x44, 0xf4, 0x00, 0x00, 0x0e, 0xff, 0xff, 0xff, 0xff, 0xff, 0xff,
    0xf4, 0x00, 0x00, 0x0e, 0x60, 0x00, 0x00, 0x00, 0x00, 0x00, 0x00, 0x00, 0x00, 0x0f, 0x60, 0x00,
    0x00, 0x00, 0x00, 0x00, 0x00, 0x00, 0x00, 0x1f, 0x52, 0x44, 0x44, 0x44, 0x44, 0x44, 0x42, 0x00,
    0x00, 0x2f, 0x38, 0xff, 0xff, 0xff, 0xff, 0xff, 0xfa, 0x00, 0x00, 0x4f, 0x18, 0xc0, 0x00, 0x00,
    0x00, 0x00, 0xba, 0x00, 0x00, 0x8e, 0x08, 0xc0, 0x00, 0x00, 0x00, 0x00, 0xba, 0x00, 0x00, 0xc9,
    0x08, 0xc0, 0x00, 0x00, 0x00, 0x00, 0xba, 0x00, 0x02, 0xf5, 0x08, 0xd3, 0x33, 0x33, 0x33, 0x33,
    0xca, 0x00, 0x0a, 0xe1, 0x08, 0xff, 0xff, 0xff, 0xff, 0xff, 0xfa, 0x00, 0x1f, 0x60, 0x08, 0xc0,
    0x00, 0x00, 0x00, 0x00, 0xba, 0x00, 0x04, 0x00, 0x04, 0x60, 0x00, 0x00, 0x00, 0x00, 0x54, 0x00,
    0x05, 0xff, 0xff, 0xff, 0xff, 0xff, 0xff, 0xff, 0xff, 0x50, 0x05, 0xf6, 0x55, 0x55, 0x55, 0x55,
    0x55, 0x55, 0x6f, 0x50, 0x05, 0xf1, 0x00, 0x00, 0x00, 0x00, 0x00, 0x00, 0x1f, 0x50, 0x05, 0xf1,
    0x00, 0x00, 0x00, 0x00, 0x00, 0x00, 0x1f, 0x50, 0x05, 0xf1, 0x00, 0x00, 0x00, 0x00, 0x00, 0x00,
    0x1f, 0x50, 0x05, 0xf1, 0x00, 0xef, 0xff, 0xff, 0xfc, 0x00, 0x1f, 0x50, 0x05, 0xf1, 0x00, 0xe8,
    0x33, 0x33, 0x9c, 0x00, 0x1f, 0x50, 0x05, 0xf1, 0x00, 0xe6, 0x00, 0x00, 0x8c, 0x00, 0x1f, 0x50,
    0x05, 0xf1, 0x00, 0xe6, 0x00, 0x00, 0x8c, 0x00, 0x1f, 0x50, 0x05, 0xf1, 0x00, 0xe6, 0x00, 0x00,
    0x8c, 0x00, 0x1f, 0x50, 0x05, 0xf1, 0x00, 0xe6, 0x00, 0x00, 0x8c, 0x00, 0x1f, 0x50, 0x05, 0xf1,
    0x00, 0xe7, 0x33, 0x33, 0x9c, 0x00, 0x1f, 0x50, 0x05, 0xf1, 0x00, 0xef, 0xff, 0xff, 0xfc, 0x00,
    0x1f, 0x50, 0x05, 0xf1, 0x00, 0x00, 0x00, 0x00, 0x00, 0x00, 0x1f, 0x50, 0x05, 0xf1, 0x00, 0x00,
    0x00, 0x00, 0x00, 0x00, 0x1f, 0x50, 0x05, 0xf1, 0x00, 0x00, 0x00, 0x00, 0x00, 0x00, 0x1f, 0x50,
    0x05, 0xff, 0xff, 0xff, 0xff, 0xff, 0xff, 0xff, 0xff, 0x50, 0x05, 0xf4, 0x44, 0x44, 0x44, 0x44,
    0x44, 0x44, 0x5f, 0x50, 0x03, 0x80, 0x00, 0x00, 0x00, 0x00, 0x00, 0x00, 0x18, 0x30, 0x00, 0x00,
    0x00, 0x02, 0x71, 0x00, 0x00, 0x00, 0x00, 0x00, 0x00, 0x00, 0x00, 0x07, 0xf1, 0x00, 0x00, 0x00,
    0x00, 0x00, 0x00, 0x00, 0x00, 0x0c, 0xa0, 0x00, 0x00, 0x00, 0x00, 0x00, 0x03, 0x44, 0x44, 0x5f,
    0x94, 0x44, 0x44, 0x44, 0x44, 0x30, 0x0b, 0xff, 0xff, 0xff, 0xff, 0xff, 0xff, 0xff, 0xff, 0xb0,
    0x00, 0x00, 0x02, 0xe6, 0x00, 0x00, 0x00, 0x00, 0x00, 0x00, 0x00, 0x00, 0x0b, 0xc0, 0x00, 0x00,
    0xe5, 0x00, 0x00, 0x00, 0x00, 0x00, 0x5f, 0x30, 0x00, 0x00, 0xf5, 0x00, 0x00, 0x00, 0x00, 0x01,
    0xe9, 0x00, 0x00, 0x00, 0xf5, 0x00, 0x00, 0x00, 0x00, 0x1d, 0xf4, 0x00, 0x00, 0x00, 0xf5, 0x00,
    0x00, 0x00, 0x02, 0xde, 0xf4, 0x09, 0xff, 0xff, 0xff, 0xff, 0xff, 0x00, 0x1d, 0xe4, 0xf4, 0x02,
    0x44, 0x44, 0xf8, 0x44, 0x44, 0x00, 0x0a, 0x31, 0xf4, 0x00, 0x00, 0x00, 0xf5, 0x00, 0x00, 0x00,
    0x00, 0x01, 0xf4, 0x00, 0x00, 0x00, 0xf5, 0x00, 0x00, 0x00, 0x00, 0x01, 0xf4, 0x00, 0x00, 0x00,
    0xf5, 0x00, 0x00, 0x00, 0x00, 0x01, 0xf4, 0x00, 0x00, 0x00, 0xf5, 0x00, 0x00, 0x00, 0x00, 0x01,
    0xf4, 0x00, 0x00, 0x00, 0xf5, 0x00, 0x00, 0x00, 0x00, 0x01, 0xf4, 0x14, 0x44, 0x44, 0xf8, 0x44,
    0x44, 0x30, 0x00, 0x01, 0xf4, 0x5f, 0xff, 0xff, 0xff, 0xff, 0xff, 0xb0, 0x00, 0x01, 0xa3, 0x00,
    0x00, 0x00, 0x00, 0x00, 0x00, 0x00, 0x00, 0x00, 0x00, 0x00, 0x08, 0x70, 0x00, 0x00, 0x00, 0x00,
    0x00, 0x00, 0x00, 0x00, 0x0b, 0xa0, 0x00, 0x00, 0x00, 0x00, 0x08, 0xff, 0xff, 0xff, 0xff, 0xff,
    0xff, 0xff, 0xff, 0x80, 0x01, 0x33, 0x33, 0x33, 0x3c, 0xb3, 0x33, 0x33, 0x33, 0x10, 0x00, 0x00,
    0x00, 0x00, 0x0b, 0xa0, 0x00, 0x00, 0x00, 0x00, 0x00, 0x12, 0x22, 0x22, 0x2b, 0xa2, 0x22, 0x22,
    0x22, 0x00, 0x00, 0x6f, 0xff, 0xff, 0xff, 0xff, 0xff, 0xff, 0xfa, 0x00, 0x00, 0x00, 0x00, 0x00,
    0x00, 0x00, 0x00, 0x00, 0x00, 0x00, 0x00, 0x02, 0x22, 0x22, 0x22, 0x22, 0x22, 0x22, 0x20, 0x00,
    0x00, 0x0e, 0xff, 0xff, 0xff, 0xff, 0xff, 0xff, 0xf4, 0x00, 0x00, 0x0e, 0x60, 0x00, 0x0b, 0x90,
    0x00, 0x01, 0xf4, 0x00, 0x00, 0x0e, 0x60, 0x00, 0x0b, 0x90, 0x00, 0x01, 0xf4, 0x00, 0x00, 0x0e,
    0x50, 0x00, 0x0b, 0x90, 0x00, 0x01, 0xf4, 0x00, 0x00, 0x1f, 0xff, 0xff, 0xff, 0xff, 0xff, 0xff,
    0xf4, 0x00, 0x00, 0x4f, 0x33, 0x33, 0x33, 0x33, 0x33, 0x34, 0xf4, 0x00, 0x00, 0x8c, 0x00, 0x00,
    0x00, 0x00, 0x00, 0x00, 0x41, 0x00, 0x00, 0xe7, 0x00, 0x00, 0x00, 0x00, 0x00, 0x00, 0x00, 0x00,
    0x08, 0xf2, 0x00, 0x00, 0x00, 0x00, 0x00, 0x00, 0x00, 0x00, 0x3f, 0x80, 0x00, 0x00, 0x00, 0x00,
    0x00, 0x00, 0x00, 0x00, 0x06, 0x00, 0x00, 0x00, 0x00, 0x00, 0x00, 0x00, 0x00, 0x00, 0x00, 0x00,
    0x00, 0x09, 0x60, 0x00, 0x00, 0x00, 0x00, 0x00, 0x00, 0x00, 0x00, 0x7f, 0x30, 0x00, 0x00, 0x00,
    0x00, 0x00, 0x00, 0x00, 0x05, 0xff, 0xff, 0xff, 0xff, 0xfc, 0x00, 0x00, 0x00, 0x00, 0x6f, 0xc3,
    0x33, 0x33, 0x39, 0xf4, 0x00, 0x00, 0x00, 0x19, 0xfa, 0xf8, 0x00, 0x00, 0x7f, 0x60, 0x00, 0x00,
    0x02, 0xde, 0x40, 0x4e, 0xa1, 0x1a, 0xf6, 0x00, 0x00, 0x00, 0x00, 0x82, 0x00, 0x03, 0xed, 0xee,
    0x40, 0x00, 0x00, 0x00, 0x00, 0x00, 0x00, 0x16, 0xdf, 0xfd, 0x71, 0x00, 0x00, 0x00, 0x00, 0x01,
    0x49, 0xef, 0xa3, 0x3a, 0xff, 0xb6, 0x30, 0x00, 0x28, 0xcf, 0xfe, 0x82, 0x00, 0x00, 0x17, 0xdf,
    0xff, 0xc2, 0x1e, 0xb9, 0x63, 0x33, 0x33, 0x33, 0x33, 0x34, 0x68, 0x90, 0x00, 0x08, 0xff, 0xff,
    0xff, 0xff, 0xff, 0xff, 0x70, 0x00, 0x00, 0x08, 0xd0, 0x00, 0x0b, 0xa0, 0x00, 0x0e, 0x70, 0x00,
    0x00, 0x08, 0xd0, 0x00, 0x0b, 0xa0, 0x00, 0x0e, 0x70, 0x00, 0x00, 0x08, 0xff, 0xff, 0xff, 0xff,
    0xff, 0xff, 0x70, 0x00, 0x00, 0x08, 0xd2, 0x22, 0x2b, 0xa2, 0x22, 0x2e, 0x70, 0x00, 0x00, 0x08,
    0xd0, 0x00, 0x0b, 0xa0, 0x00, 0x0e, 0x70, 0x00, 0x00, 0x08, 0xd3, 0x33, 0x3b, 0xb3, 0x33, 0x3e,
    0x70, 0x00, 0x00, 0x08, 0xff, 0xff, 0xff, 0xff, 0xff, 0xff, 0x70, 0x00, 0x00, 0x05, 0x90, 0x00,
    0x00, 0x00, 0x00, 0x09, 0x40, 0x00, 0x00, 0x00, 0x05, 0x20, 0x00, 0x00, 0x00, 0x00, 0x00, 0x00,
    0x00, 0x00, 0x2f, 0x60, 0x00, 0x00, 0x00, 0x00, 0x00, 0x00, 0x00, 0x00, 0xbe, 0x22, 0x22, 0x22,
    0x22, 0x22, 0x22, 0x00, 0x00, 0x08, 0xff, 0xff, 0xff, 0xff, 0xff, 0xff, 0xff, 0x00, 0x00, 0x8f,
    0x50, 0x00, 0x00, 0x00, 0x00, 0x00, 0x00, 0x00, 0x0b, 0xf5, 0xaf, 0xff, 0xff, 0xff, 0xff, 0xff,
    0x80, 0x00, 0x05, 0x40, 0xaa, 0x00, 0x00, 0x00, 0x00, 0x0d, 0x80, 0x00, 0x00, 0x00, 0xaa, 0x00,
    0x00, 0x00, 0x00, 0x0d, 0x80, 0x00, 0x00, 0x00, 0xaf, 0xee, 0xee, 0xee, 0xee, 0xef, 0x80, 0x00,
    0x00, 0x00, 0xaa, 0x00, 0x00, 0x00, 0x00, 0x0d, 0x80, 0x00, 0x00, 0x00, 0xaf, 0xff, 0xff, 0xff,
    0xff, 0xff, 0x80, 0x00, 0x00, 0x00, 0x00, 0xcb, 0x00, 0x00, 0x00, 0x00, 0x00, 0x00, 0x00, 0x00,
    0x07, 0xf4, 0x00, 0x00, 0x00, 0x01, 0x00, 0x00, 0x00, 0x00, 0x5f, 0xff, 0xff, 0xff, 0xff, 0xfe,
    0x10, 0x00, 0x00, 0x19, 0xfc, 0xc2, 0x00, 0x00, 0x08, 0xe4, 0x00, 0x00, 0x00, 0xcc, 0x30, 0x8e,
    0x71, 0x05, 0xcc, 0x30, 0x00, 0x00, 0x00, 0x10, 0x00, 0x03, 0xde, 0xdf, 0x60, 0x00, 0x00, 0x00,
    0x00, 0x13, 0x58, 0xbe, 0xe9, 0x8c, 0xfc, 0x96, 0x43, 0x10, 0x2e, 0xff, 0xdb, 0x73, 0x00, 0x00,
    0x26, 0x9c, 0xef, 0xd1, 0x05, 0x31, 0x00, 0x00, 0x00, 0x00, 0x00, 0x00, 0x01, 0x10, 0x00, 0x00,
    0x13, 0x00, 0x08, 0x60, 0x00, 0x00, 0x00, 0x00, 0x00, 0x00, 0x7f, 0x10, 0x0c, 0x90, 0x00, 0x00,
    0x00, 0x00, 0x00, 0x00, 0xda, 0x00, 0x0c, 0x90, 0x00, 0x00, 0x00, 0x00, 0x00, 0x03, 0xf5, 0x00,
    0x0c, 0x90, 0x00, 0x00, 0x00, 0x00, 0x00, 0x08, 0xff, 0xff, 0xff, 0xff, 0xff, 0xff, 0xf4, 0x00,
    0x00, 0x1e, 0x95, 0x55, 0x5d, 0xb5, 0x55, 0x55, 0x51, 0x00, 0x00, 0x9e, 0x10, 0x00, 0x0c, 0x90,
    0x00, 0x00, 0x00, 0x00, 0x04, 0xf7, 0x00, 0x00, 0x0d, 0x80, 0x00, 0x00, 0x00, 0x00, 0x05, 0xc0,
    0x00, 0x00, 0x0e, 0x80, 0x00, 0x00, 0x00, 0x00, 0x00, 0x00, 0x00, 0x00, 0x0f, 0x70, 0x00, 0x00,
    0x00, 0x00, 0x0e, 0xff, 0xff, 0xff, 0xff, 0xff, 0xff, 0xff, 0xff, 0xe0, 0x05, 0x66, 0x66, 0x66,
    0xaf, 0xf9, 0x66, 0x66, 0x66, 0x50, 0x00, 0x00, 0x00, 0x00, 0xcc, 0xac, 0x00, 0x00, 0x00, 0x00,
    0x00, 0x00, 0x00, 0x04, 0xf5, 0x3f, 0x50, 0x00, 0x00, 0x00, 0x00, 0x00, 0x00, 0x2e, 0xc0, 0x0a,
    0xe2, 0x00, 0x00, 0x00, 0x00, 0x00, 0x02, 0xce, 0x20, 0x01, 0xdd, 0x10, 0x00, 0x00, 0x00, 0x00,
    0x5e, 0xe3, 0x00, 0x00, 0x2e, 0xe5, 0x00, 0x00, 0x00, 0x3b, 0xfb, 0x10, 0x00, 0x00, 0x02, 0xbf,
    0xa4, 0x00, 0x0b, 0xfe, 0x60, 0x00, 0x00, 0x00, 0x00, 0x07, 0xdf, 0xe2, 0x05, 0x50, 0x00, 0x00,
    0x00, 0x00, 0x00, 0x00, 0x04, 0x60, 0x00, 0x03, 0x60, 0x00, 0x00, 0x00, 0x46, 0x00, 0x00, 0x00,
    0x00, 0x07, 0xb0, 0x00, 0x00, 0x00, 0xdb, 0x00, 0x00, 0x00, 0x00, 0x0a, 0x90, 0x00, 0x00, 0x05,
    0xf3, 0x00, 0x00, 0x00, 0x00, 0x0c, 0x70, 0x00, 0x00, 0x0c, 0xa0, 0x04, 0x10, 0x00, 0x04, 0x4e,
    0x74, 0x43, 0x00, 0x5f, 0x30, 0x0c, 0x90, 0x00, 0x2f, 0xff, 0xff, 0xfa, 0x01, 0xd8, 0x00, 0x03,
    0xf4, 0x00, 0x00, 0x5e, 0x00, 0xa9, 0x08, 0xd1, 0x00, 0x00, 0x8d, 0x00, 0x00, 0x8a, 0x00, 0xc7,
    0x6f, 0xa7, 0x89, 0xab, 0xdf, 0x70, 0x00, 0xb7, 0x00, 0xe5, 0xaf, 0xed, 0xca, 0x98, 0x79, 0xe1,
    0x01, 0xf3, 0x01, 0xf3, 0x11, 0x00, 0x00, 0x00, 0x01, 0x91, 0x04, 0xe0, 0x05, 0xe0, 0x00, 0x00,
    0x00, 0x00, 0x00, 0x00, 0x08, 0xe3, 0x09, 0xa0, 0x0b, 0xff, 0xff, 0xff, 0xff, 0x10, 0x00, 0x9f,
    0x6d, 0x60, 0x0b, 0x93, 0x33, 0x33, 0x6f, 0x10, 0x00, 0x07, 0xff, 0x20, 0x0b, 0x80, 0x00, 0x00,
    0x3f, 0x10, 0x00, 0x00, 0xbf, 0x70, 0x0b, 0x80, 0x00, 0x00, 0x3f, 0x10, 0x00, 0x02, 0xfb, 0xf5,
    0x0b, 0x80, 0x00, 0x00, 0x3f, 0x10, 0x00, 0x0b, 0xc0, 0xae, 0x1b, 0x80, 0x00, 0x00, 0x3f, 0x10,
    0x00, 0x9f, 0x30, 0x17, 0x0b, 0x93, 0x33, 0x33, 0x6f, 0x10, 0x0b, 0xe4, 0x00, 0x00, 0x0b, 0xff,
    0xff, 0xff, 0xff, 0x10, 0x07, 0x20, 0x00, 0x00, 0x08, 0x60, 0x00, 0x00, 0x2b, 0x10, 0x00, 0x00,
    0x00, 0x00, 0x00, 0x00, 0x00, 0x06, 0x70, 0x00, 0x00, 0x00, 0x00, 0x00, 0x00, 0x00, 0x00, 0x09,
    0xb0, 0x00, 0x00, 0x00, 0x00, 0x00, 0x00, 0x00, 0x00, 0x09, 0xb0, 0x00, 0x09, 0xff, 0xff, 0xff,
    0xe1, 0x00, 0x00, 0x09, 0xb0, 0x00, 0x02, 0x44, 0x44, 0x48, 0xf0, 0x00, 0x00, 0x09, 0xb0, 0x00,
    0x00, 0x00, 0x00, 0x07, 0xd1, 0x44, 0x44, 0x4b, 0xc4, 0x41, 0x00, 0x00, 0x00, 0x09, 0xb5, 0xff,
    0xff, 0xff, 0xff, 0xf2, 0x00, 0x10, 0x00, 0x0c, 0x80, 0x00, 0x00, 0x09, 0xb0, 0x00, 0x00, 0xca,
    0x00, 0x1f, 0x50, 0x00, 0x00, 0x09, 0xb0, 0x00, 0x00, 0x3e, 0xa0, 0x5e, 0x10, 0x65, 0x00, 0x09,
    0xb0, 0x00, 0x00, 0x04, 0xea, 0xaa, 0x00, 0x7e, 0x10, 0x09, 0xb0, 0x00, 0x00, 0x00, 0x4f, 0xf6,
    0x00, 0x1d, 0x80, 0x09, 0xb0, 0x00, 0x00, 0x00, 0x08, 0xf7, 0x00, 0x06, 0xe0, 0x09, 0xb0, 0x00,
    0x00, 0x00, 0x1e, 0xdf, 0x40, 0x01, 0xf4, 0x09, 0xb0, 0x00, 0x00, 0x00, 0x8e, 0x1b, 0xe1, 0x00,
    0x30, 0x09, 0xb0, 0x00, 0x00, 0x04, 0xf5, 0x01, 0xe9, 0x00, 0x00, 0x09, 0xb0, 0x00, 0x00, 0x2e,
    0xb0, 0x00, 0x52, 0x00, 0x00, 0x09, 0xb0, 0x00, 0x03, 0xdc, 0x10, 0x00, 0x00, 0x00, 0x00, 0x0a,
    0xa0, 0x00, 0x0c, 0xb1, 0x00, 0x00, 0x00, 0x00, 0xaf, 0xff, 0x70, 0x00, 0x01, 0x00, 0x00, 0x00,
    0x00, 0x00, 0x36, 0x53, 0x00, 0x00, 0x00, 0x00, 0x38, 0x00, 0x00, 0x00, 0x07, 0x40, 0x00, 0x00,
    0x00, 0x00, 0x2f, 0x30, 0x00, 0x00, 0x0c, 0x72, 0x40, 0x00, 0x00, 0x00, 0x0b, 0xa0, 0x00, 0x00,
    0x0c, 0x73, 0xe3, 0x00, 0x0e, 0xff, 0xff, 0xff, 0xff, 0x30, 0x0d, 0x60, 0x7c, 0x00, 0x03, 0x33,
    0x33, 0x33, 0x33, 0x10, 0x0d, 0x60, 0x0b, 0x20, 0x00, 0x00, 0x00, 0x00, 0x00, 0x23, 0x3e, 0x83,
    0x33, 0x30, 0x00, 0xcf, 0xff, 0xff, 0xf6, 0x9f, 0xff, 0xff, 0xff, 0xf0, 0x00, 0xc7, 0x22, 0x22,
    0xe6, 0x00, 0x0f, 0x30, 0x00, 0x00, 0x00, 0xc6, 0x00, 0x00, 0xd6, 0x00, 0x2f, 0x21, 0x00, 0x00,
    0x00, 0xc7, 0x22, 0x22, 0xe6, 0x00, 0x4f, 0x8a, 0x00, 0x00, 0x00, 0xcf, 0xff, 0xff, 0xf6, 0x00,
    0x6d, 0x8a, 0x00, 0x00, 0x00, 0x00, 0x0b, 0x70, 0x00, 0x00, 0xa9, 0x8a, 0x00, 0x00, 0x00, 0x29,
    0x0b, 0x76, 0x80, 0x00, 0xd6, 0x8a, 0x00, 0x00, 0x00, 0x7b, 0x0b, 0x72, 0xe1, 0x02, 0xf2, 0x8a,
    0x00, 0x00, 0x00, 0xb7, 0x0b, 0x70, 0xb7, 0x08, 0xc0, 0x8a, 0x00, 0x00, 0x03, 0xf2, 0x0b, 0x70,
    0x6a, 0x1e, 0x60, 0x8a, 0x00, 0x82, 0x0b, 0x90, 0x0b, 0x70, 0x00, 0x7e, 0x00, 0x8a, 0x00, 0xb5,
    0x03, 0x20, 0x0c, 0x70, 0x04, 0xf6, 0x00, 0x8b, 0x01, 0xd3, 0x00, 0x07, 0xff, 0x40, 0x1e, 0x90,
    0x00, 0x4d, 0xff, 0xb0, 0x00, 0x00, 0x20, 0x00, 0x06, 0x00, 0x00, 0x00, 0x10, 0x00, 0x01, 0x55,
    0x55, 0x55, 0x55, 0x55, 0x55, 0x55, 0x20, 0x00, 0x02, 0xff, 0xff, 0xff, 0xff, 0xff, 0xff, 0xff,
    0x70, 0x00, 0x00, 0x00, 0x00, 0x00, 0x00, 0x00, 0x00, 0x0e, 0x70, 0x00, 0x00, 0x00, 0x00, 0x00,
    0x00, 0x00, 0x00, 0x0e, 0x70, 0x00, 0x00, 0x0b, 0x40, 0x00, 0x00, 0x00, 0x00, 0x0e, 0x70, 0x00,
    0x00, 0x0f, 0x50, 0x00, 0x00, 0x00, 0x00, 0x0e, 0x70, 0x00, 0x00, 0x0f, 0x50, 0x00, 0x00, 0x00,
    0x00, 0x0e, 0x70, 0x00, 0x00, 0x0f, 0x50, 0x00, 0x00, 0x00, 0x00, 0x0e, 0x70, 0x00, 0x00, 0x0f,
    0xff, 0xff, 0xff, 0xff, 0xff, 0xff, 0x70, 0x00, 0x00, 0x0f, 0x85, 0x55, 0x55, 0x55, 0x55, 0x5e,
    0x70, 0x00, 0x00, 0x0f, 0x50, 0x00, 0x00, 0x00, 0x00, 0x05, 0x30, 0x00, 0x00, 0x0f, 0x50, 0x00,
    0x00, 0x00, 0x00, 0x00, 0x00, 0x00, 0x00, 0x0f, 0x50, 0x00, 0x00, 0x00, 0x00, 0x00, 0x02, 0x20,
    0x00, 0x0f, 0x50, 0x00, 0x00, 0x00, 0x00, 0x00, 0x08, 0xd0, 0x00, 0x0f, 0x50, 0x00, 0x00, 0x00,
    0x00, 0x00, 0x09, 0xb0, 0x00, 0x0e, 0x60, 0x00, 0x00, 0x00, 0x00, 0x00, 0x0e, 0x90, 0x00, 0x0b,
    0xd7, 0x55, 0x55, 0x55, 0x55, 0x56, 0xbf, 0x20, 0x00, 0x02, 0xae, 0xef, 0xff, 0xff, 0xff, 0xfe,
    0xc4, 0x00, 0x00, 0x00, 0x30, 0x00, 0x03, 0x50, 0x00, 0x04, 0x10, 0x00, 0x00, 0x05, 0xf4, 0x00,
    0x08, 0xc0, 0x00, 0x3f, 0x60, 0x00, 0x00, 0x00, 0xae, 0x10, 0x08, 0xc0, 0x00, 0xcb, 0x00, 0x00,
    0x01, 0x33, 0x5c, 0x43, 0x39, 0xd3, 0x34, 0xc4, 0x33, 0x10, 0x03, 0xff, 0xff, 0xff, 0xff, 0xff,
    0xff, 0xff, 0xff, 0x60, 0x03, 0xf1, 0x00, 0x00, 0x00, 0x00, 0x00, 0x00, 0x0f, 0x60, 0x03, 0xf1,
    0x00, 0x00, 0x00, 0x00, 0x00, 0x00, 0x0f, 0x60, 0x03, 0xf1, 0x3f, 0xff, 0xff, 0xff, 0xff, 0xf5,
    0x0f, 0x60, 0x00, 0x00, 0x3f, 0x20, 0x00, 0x00, 0x00, 0xf5, 0x00, 0x00, 0x00, 0x00, 0x3f, 0x20,
    0x00, 0x00, 0x00, 0xf5, 0x00, 0x00, 0x00, 0x00, 0x3f, 0xff, 0xff, 0xff, 0xff, 0xf5, 0x00, 0x00,
    0x00, 0x00, 0x00, 0x00, 0x06, 0xe0, 0x00, 0x00, 0x00, 0x00, 0x00, 0x03, 0x33, 0x33, 0x38, 0xe3,
    0x33, 0x33, 0x30, 0x00, 0x00, 0x0e, 0xff, 0xff, 0xff, 0xff, 0xff, 0xff, 0xf2, 0x00, 0x00, 0x0e,
    0x60, 0x00, 0x06, 0xe0, 0x00, 0x03, 0xf2, 0x00, 0x00, 0x0e, 0x60, 0x00, 0x06, 0xe0, 0x00, 0x03,
    0xf2, 0x00, 0x00, 0x0e, 0x60, 0x00, 0x06, 0xe0, 0x00, 0x03, 0xf2, 0x00, 0x00, 0x0e, 0x60, 0x00,
    0x06, 0xe0, 0x13, 0x36, 0xf2, 0x00, 0x00, 0x0d, 0x60, 0x00, 0x06, 0xe0, 0x1e, 0xfe, 0xa0, 0x00,
    0x00, 0x00, 0x00, 0x00, 0x05, 0xb0, 0x00, 0x00, 0x00, 0x00, 0x00, 0x00, 0x00, 0x00, 0x04, 0x90,
    0x00, 0x00, 0x00, 0x00, 0x00, 0x00, 0x00, 0x00, 0x03, 0xf5, 0x00, 0x00, 0x00, 0x00, 0x00, 0x00,
    0x00, 0x00, 0x00, 0xbc, 0x00, 0x00, 0x00, 0x00, 0x00, 0x8f, 0xff, 0xff, 0xff, 0xff, 0xff, 0xff,
    0xff, 0xc0, 0x00, 0x8d, 0x44, 0x44, 0x44, 0x44, 0x44, 0x44, 0x44, 0x30, 0x00, 0x8c, 0x00, 0x00,
    0x00, 0x00, 0x00, 0x00, 0x10, 0x00, 0x00, 0x8c, 0x00, 0x00, 0x02, 0xd1, 0x00, 0x00, 0xb9, 0x00,
    0x00, 0x8c, 0x06, 0x90, 0x00, 0xf5, 0x00, 0x00, 0xe7, 0x00, 0x00, 0x8c, 0x05, 0xe0, 0x00, 0xb9,
    0x00, 0x03, 0xf2, 0x00, 0x00, 0x8c, 0x01, 0xf5, 0x00, 0x7d, 0x00, 0x08, 0xc0, 0x00, 0x00, 0x9b,
    0x00, 0xaa, 0x00, 0x3f, 0x20, 0x0d, 0x70, 0x00, 0x00, 0x9b, 0x00, 0x6e, 0x10, 0x0f, 0x50, 0x3f,
    0x20, 0x00, 0x00, 0xb9, 0x00, 0x1f, 0x40, 0x0c, 0x80, 0x9b, 0x00, 0x00, 0x00, 0xc8, 0x00, 0x0c,
    0x80, 0x04, 0x21, 0xf3, 0x00, 0x00, 0x00, 0xe6, 0x00, 0x05, 0x30, 0x00, 0x07, 0xb0, 0x00, 0x00,
    0x02, 0xf3, 0x00, 0x00, 0x00, 0x00, 0x1e, 0x40, 0x00, 0x00, 0x06, 0xf0, 0x00, 0x00, 0x00, 0x00,
    0x8c, 0x00, 0x00, 0x00, 0x0c, 0xb0, 0xdf, 0xff, 0xff, 0xff, 0xff, 0xff, 0xff, 0xf1, 0x2f, 0x50,
    0x44, 0x44, 0x44, 0x44, 0x44, 0x44, 0x44, 0x40, 0x05, 0x00, 0x00, 0x00, 0x00, 0x00, 0x00, 0x00,
    0x00, 0x00, 0x01, 0x44, 0x44, 0x44, 0x44, 0x44, 0x44, 0x44, 0x44, 0x10, 0x03, 0xff, 0xff, 0xff,
    0xff, 0xff, 0xff, 0xff, 0xff, 0x50, 0x00, 0x00, 0x01, 0xf4, 0x00, 0x00, 0x0e, 0x60, 0x00, 0x00,
    0x00, 0x00, 0x01, 0xf4, 0x00, 0x00, 0x0e, 0x60, 0x00, 0x00, 0x00, 0x00, 0x01, 0xf4, 0x00, 0x00,
    0x0e, 0x60, 0x00, 0x00, 0x00, 0x00, 0x01, 0xf4, 0x00, 0x00, 0x0e, 0x60, 0x00, 0x00, 0x00, 0x00,
    0x01, 0xf4, 0x00, 0x00, 0x0e, 0x60, 0x00, 0x00, 0x00, 0x00, 0x01, 0xf4, 0x00, 0x00, 0x0e, 0x60,
    0x00, 0x00, 0x0e, 0xff, 0xff, 0xff, 0xff, 0xff, 0xff, 0xff, 0xff, 0xe0, 0x04, 0x44, 0x47, 0xf6,
    0x44, 0x44, 0x4e, 0x94, 0x44, 0x40, 0x00, 0x00, 0x06, 0xf0, 0x00, 0x00, 0x0e, 0x60, 0x00, 0x00,
    0x00, 0x00, 0x08, 0xd0, 0x00, 0x00, 0x0e, 0x60, 0x00, 0x00, 0x00, 0x00, 0x0d, 0x90, 0x00, 0x00,
    0x0e, 0x60, 0x00, 0x00, 0x00, 0x00, 0x4f, 0x40, 0x00, 0x00, 0x0e, 0x60, 0x00, 0x00, 0x00, 0x01,
    0xdd, 0x00, 0x00, 0x00, 0x0e, 0x60, 0x00, 0x00, 0x00, 0x09, 0xf4, 0x00, 0x00, 0x00, 0x0e, 0x60,
    0x00, 0x00, 0x00, 0x9f, 0x80, 0x00, 0x00, 0x00, 0x0e, 0x60, 0x00, 0x00, 0x09, 0xf8, 0x00, 0x00,
    0x00, 0x00, 0x0e, 0x60, 0x00, 0x00, 0x02, 0x60, 0x00, 0x00, 0x00, 0x00, 0x09, 0x40, 0x00, 0x00,
    0x00, 0x3f, 0xff, 0xff, 0xff, 0xff, 0xff, 0xff, 0x80, 0x00, 0x00, 0x3f, 0x53, 0x33, 0x33, 0x33,
    0x33, 0x3c, 0x80, 0x00, 0x00, 0x3f, 0x20, 0x00, 0x00, 0x00, 0x00, 0x0b, 0x80, 0x00, 0x00, 0x3f,
    0x20, 0x00, 0x00, 0x00, 0x00, 0x0b, 0x80, 0x00, 0x00, 0x3f, 0xff, 0xff, 0xff, 0xff, 0xff, 0xff,
    0x80, 0x00, 0x00, 0x3f, 0x53, 0x33, 0x33, 0x33, 0x33, 0x33, 0x12, 0x00, 0x00, 0x3f, 0x20, 0x00,
    0x00, 0x00, 0x00, 0x00, 0x0e, 0x50, 0x00, 0x1f, 0x71, 0x00, 0x00, 0x00, 0x00, 0x00, 0x6f, 0x30,
    0x00, 0x08, 0xff, 0xff, 0xff, 0xff, 0xff, 0xff, 0xfa, 0x00, 0x00, 0x00, 0x12, 0x33, 0x33, 0x33,
    0x33, 0x33, 0x20, 0x00, 0x00, 0x00, 0x0b, 0x90, 0x00, 0x00, 0x0e, 0x70, 0x00, 0x00, 0x00, 0x00,
    0x0b, 0x90, 0x00, 0x00, 0x0e, 0x70, 0x00, 0x00, 0x0e, 0xff, 0xff, 0xff, 0xff, 0xff, 0xff, 0xff,
    0xff, 0xf0, 0x04, 0x44, 0x5f, 0x74, 0x44, 0x44, 0x4e, 0x94, 0x44, 0x40, 0x00, 0x00, 0x7e, 0x10,
    0x00, 0x00, 0x0e, 0x70, 0x00, 0x00, 0x00, 0x03, 0xf8, 0x00, 0x00, 0x00, 0x0e, 0x70, 0x00, 0x00,
    0x00, 0x5e, 0xb1, 0x00, 0x00, 0x00, 0x0e, 0x70, 0x00, 0x00, 0x09, 0xfa, 0x10, 0x00, 0x00, 0x00,
    0x0e, 0x70, 0x00, 0x00, 0x03, 0x50, 0x00, 0x00, 0x00, 0x00, 0x07, 0x30, 0x00, 0x00, 0x00, 0x00,
    0x17, 0x10, 0x00, 0x00, 0x74, 0x00, 0x00, 0x00, 0x00, 0x00, 0xad, 0x10, 0x00, 0x00, 0xc8, 0x00,
    0x00, 0x00, 0x00, 0x09, 0xe2, 0x00, 0x00, 0x00, 0xc8, 0x00, 0x00, 0x00, 0x01, 0xbe, 0x40, 0x04,
    0xff, 0xff, 0xff, 0xff, 0xff, 0x20, 0x0c, 0xd2, 0x01, 0x01, 0x44, 0x44, 0xda, 0x44, 0x44, 0x10,
    0x05, 0x10, 0x1e, 0x60, 0x00, 0x00, 0xc8, 0x00, 0x00, 0x00, 0x00, 0x00, 0xad, 0x10, 0x00, 0x00,
    0xc8, 0x00, 0x00, 0x00, 0x00, 0x05, 0xf4, 0x7f, 0xff, 0xff, 0xff, 0xff, 0xff, 0xf3, 0x00, 0x3e,
    0xf1, 0x23, 0x33, 0x33, 0x33, 0x3f, 0x73, 0x31, 0x03, 0xee, 0xf1, 0x00, 0x00, 0x00, 0x00, 0x0f,
    0x50, 0x00, 0x2e, 0xd5, 0xf1, 0x00, 0x00, 0x00, 0x00, 0x0f, 0x50, 0x00, 0x1c, 0x24, 0xf1, 0x3f,
    0xff, 0xff, 0xff, 0xff, 0xff, 0xf1, 0x00, 0x04, 0xf1, 0x14, 0x44, 0x44, 0x44, 0x4f, 0x74, 0x40,
    0x00, 0x04, 0xf1, 0x00, 0x5c, 0x10, 0x00, 0x0f, 0x50, 0x00, 0x00, 0x04, 0xf1, 0x00, 0x1d, 0xb0,
    0x00, 0x0f, 0x50, 0x00, 0x00, 0x04, 0xf1, 0x00, 0x03, 0xf5, 0x00, 0x0f, 0x50, 0x00, 0x00, 0x04,
    0xf1, 0x00, 0x00, 0x99, 0x00, 0x0f, 0x50, 0x00, 0x00, 0x04, 0xf1, 0x00, 0x00, 0x00, 0x00, 0x0f,
    0x50, 0x00, 0x00, 0x04, 0xf1, 0x00, 0x00, 0x00, 0xdf, 0xfe, 0x20, 0x00, 0x00, 0x01, 0x50, 0x00,
    0x00, 0x00, 0x34, 0x31, 0x00, 0x00, 0x00, 0x1f, 0xff, 0xff, 0xff, 0xff, 0xff, 0xff, 0xd0, 0x00,
    0x00, 0x1f, 0x53, 0x33, 0x3c, 0xa3, 0x33, 0x38, 0xd0, 0x00, 0x00, 0x1f, 0x30, 0x00, 0x0b, 0x90,
    0x00, 0x06, 0xd0, 0x00, 0x00, 0x1f, 0x30, 0x00, 0x0b, 0x90, 0x00, 0x06, 0xd0, 0x00, 0x00, 0x1f,
    0xff, 0xff, 0xff, 0xff, 0xff, 0xff, 0xd0, 0x00, 0x00, 0x1f, 0x42, 0x22, 0x2b, 0xa2, 0x22, 0x27,
    0xd0, 0x00, 0x00, 0x1f, 0x30, 0x00, 0x0b, 0x90, 0x00, 0x06, 0xd0, 0x00, 0x00, 0x1f, 0x30, 0x00,
    0x0b, 0x90, 0x00, 0x06, 0xd0, 0x00, 0x00, 0x1f, 0x53, 0x33, 0x3c, 0xa3, 0x33, 0x38, 0xd0, 0x00,
    0x00, 0x1f, 0xff, 0xff, 0xff, 0xff, 0xff, 0xff, 0xd0, 0x00, 0x00, 0x00, 0x00, 0x00, 0x50, 0x00,
    0x00, 0x00, 0x00, 0x00, 0x00, 0x00, 0x00, 0x02, 0xdd, 0x40, 0x00, 0x00, 0x00, 0x00, 0x00, 0x0b,
    0x33, 0xd1, 0x18, 0xf9, 0x00, 0x0c, 0x70, 0x00, 0x00, 0x4f, 0x13, 0xf2, 0x00, 0x4e, 0x70, 0x06,
    0xf3, 0x00, 0x00, 0x9b, 0x03, 0xf2, 0x00, 0x02, 0x03, 0x60, 0xcc, 0x00, 0x02, 0xf5, 0x03, 0xf2,
    0x00, 0x00, 0x05, 0xe0, 0x4f, 0x50, 0x0a, 0xc0, 0x03, 0xf4, 0x00, 0x00, 0x09, 0xc0, 0x0c, 0xb0,
    0x04, 0x40, 0x01, 0xdf, 0xff, 0xff, 0xff, 0x50, 0x03, 0x20, 0x00, 0x00, 0x00, 0x03, 0x44, 0x44,
    0x42, 0x00, 0x00, 0x00, 0x00, 0x06, 0x50, 0x00, 0x00, 0x83, 0x00, 0x00, 0x00, 0x00, 0x00, 0x0a,
    0x90, 0x00, 0x00, 0xf5, 0x00, 0x00, 0x00, 0x00, 0x00, 0x0a, 0x90, 0x00, 0x01, 0xf3, 0x00, 0x00,
    0x00, 0x00, 0x00, 0x0a, 0x90, 0x03, 0x35, 0xf5, 0x33, 0x33, 0x33, 0x30, 0x02, 0x5a, 0xae, 0x3f,
    0xff, 0xff, 0xff, 0xff, 0xff, 0xd0, 0x04, 0xca, 0x9b, 0x70, 0x07, 0xc0, 0x00, 0x31, 0x00, 0x00,
    0x06, 0xaa, 0x95, 0xb0, 0x0a, 0x90, 0x00, 0xe3, 0x00, 0x00, 0x08, 0x8a, 0x92, 0xe0, 0x0d, 0x60,
    0x01, 0xf2, 0x01, 0x00, 0x0c, 0x5a, 0x90, 0x10, 0x1f, 0x35, 0xa2, 0xf1, 0x0c, 0x50, 0x1f, 0x1a,
    0x90, 0x00, 0x5e, 0x08, 0x83, 0xf0, 0x1f, 0x10, 0x01, 0x0a, 0x90, 0x00, 0xaa, 0x0b, 0x54, 0xd0,
    0x5c, 0x00, 0x00, 0x0a, 0x90, 0x01, 0xe5, 0x2e, 0x18, 0xb0, 0xb7, 0x00, 0x00, 0x0a, 0x90, 0x07,
    0xe0, 0x79, 0x0b, 0xc1, 0xe1, 0x00, 0x00, 0x0a, 0x90, 0x1d, 0x70, 0x01, 0x0f, 0xf2, 0x10, 0x00,
    0x00, 0x0a, 0x90, 0x9e, 0x10, 0x00, 0x6e, 0xa8, 0x00, 0x00, 0x00, 0x0a, 0x94, 0xf5, 0x00, 0x01,
    0xe9, 0x2e, 0x20, 0x00, 0x00, 0x0a, 0x90, 0x50, 0x00, 0x0a, 0xe1, 0x09, 0xb0, 0x00, 0x00, 0x0a,
    0x90, 0x00, 0x01, 0xaf, 0x50, 0x02, 0xea, 0x10, 0x00, 0x0a, 0x90, 0x00, 0x4e, 0xe4, 0x00, 0x00,
    0x3e, 0xd0, 0x00, 0x06, 0x60, 0x00, 0x07, 0x10, 0x00, 0x00, 0x01, 0x30, 0x00, 0x00, 0x00, 0x00,
    0x00, 0x09, 0x30, 0x40, 0x00, 0x00, 0x00, 0x00, 0x00, 0x00, 0x00, 0x0f, 0x64, 0xeb, 0x20, 0x00,
    0x00, 0x00, 0x00, 0x00, 0x00, 0x0f, 0x60, 0x1a, 0xe5, 0x00, 0x00, 0x00, 0x00, 0x00, 0x00, 0x0e,
    0x60, 0x00, 0x76, 0x00, 0x00, 0x6f, 0xff, 0xff, 0xff, 0xff, 0xff, 0xff, 0xff, 0xf0, 0x00, 0x6f,
    0x55, 0x55, 0x55, 0x5d, 0xa5, 0x55, 0x55, 0x50, 0x00, 0x6f, 0x00, 0x00, 0x00, 0x0a, 0xa0, 0x00,
    0x00, 0x00, 0x00, 0x6f, 0x00, 0x00, 0x00, 0x09, 0xc0, 0x00, 0xc7, 0x00, 0x00, 0x6f, 0xff, 0xff,
    0xf3, 0x07, 0xd0, 0x03, 0xf4, 0x00, 0x00, 0x6f, 0x44, 0x46, 0xf2, 0x05, 0xf1, 0x09, 0xc0, 0x00,
    0x00, 0x7f, 0x00, 0x03, 0xf2, 0x02, 0xf3, 0x2e, 0x60, 0x00, 0x00, 0x8e, 0x00, 0x03, 0xf1, 0x00,
    0xe6, 0xad, 0x10, 0x00, 0x00, 0x9d, 0x00, 0x04, 0xf1, 0x00, 0xbc, 0xf5, 0x00, 0x00, 0x00, 0xab,
    0x00, 0x05, 0xf0, 0x00, 0x7f, 0xb0, 0x00, 0x00, 0x00, 0xca, 0x00, 0x08, 0xd0, 0x00, 0xbf, 0x50,
    0x01, 0xc1, 0x00, 0xf6, 0x4f, 0xff, 0x80, 0x0a, 0xfd, 0xa0, 0x02, 0xf1, 0x04, 0xf3, 0x03, 0x32,
    0x01, 0xaf, 0x56, 0xf3, 0x04, 0xe0, 0x0a, 0xd0, 0x00, 0x00, 0x2d, 0xf6, 0x00, 0xcd, 0x38, 0xb0,
    0x1f, 0x60, 0x00, 0x00, 0xce, 0x40, 0x00, 0x2d, 0xff, 0x50, 0x05, 0x10, 0x00, 0x00, 0x21, 0x00,
    0x00, 0x01, 0x43, 0x00, 0x00, 0x06, 0x40, 0x00, 0x00, 0x02, 0x40, 0x00, 0x00, 0x00, 0x00, 0x0b,
    0x80, 0x00, 0x00, 0x05, 0xf2, 0x00, 0x00, 0x00, 0x00, 0x0b, 0x80, 0x01, 0x33, 0x33, 0xda, 0x33,
    0x33, 0x10, 0x00, 0x0b, 0x80, 0x05, 0xff, 0xff, 0xff, 0xff, 0xff, 0x70, 0x14, 0x4c, 0xa4, 0x20,
    0x05, 0x40, 0x00, 0x07, 0x40, 0x00, 0x3f, 0xff, 0xff, 0x90, 0x06, 0xd1, 0x00, 0x2f, 0x40, 0x00,
    0x00, 0x0b, 0x80, 0x00, 0x00, 0xd7, 0x00, 0x9b, 0x00, 0x00, 0x00, 0x0b, 0x80, 0x03, 0x33, 0x75,
    0x34, 0xf6, 0x33, 0x30, 0x00, 0x0b, 0x80, 0x1f, 0xff, 0xff, 0xff, 0xff, 0xff, 0xf0, 0x00, 0x0b,
    0x81, 0x20, 0x00, 0x09, 0x70, 0x00, 0x00, 0x00, 0x00, 0x1c, 0xef, 0x70, 0x00, 0x3f, 0x20, 0x00,
    0x00, 0x00, 0x3b, 0xff, 0xc5, 0x5f, 0xff, 0xff, 0xff, 0xff, 0xff, 0xf3, 0x2a, 0x5c, 0x80, 0x13,
    0x38, 0xe3, 0x33, 0x3c, 0xa3, 0x31, 0x00, 0x0b, 0x80, 0x00, 0x2e, 0x60, 0x00, 0x2f, 0x40, 0x00,
    0x00, 0x0b, 0x80, 0x00, 0xaf, 0x71, 0x00, 0xbd, 0x00, 0x00, 0x00, 0x0b, 0x80, 0x00, 0x28, 0xdf,
    0xa9, 0xf3, 0x00, 0x00, 0x00, 0x0b, 0x80, 0x00, 0x00, 0x06, 0xff, 0xe5, 0x00, 0x00, 0x00, 0x0c,
    0x80, 0x00, 0x25, 0xaf, 0xc5, 0xaf, 0xc3, 0x00, 0x0a, 0xff, 0x40, 0x5e, 0xff, 0xb4, 0x00, 0x03,
    0xcf, 0x50, 0x02, 0x31, 0x00, 0x17, 0x41, 0x00, 0x00, 0x00, 0x07, 0x10, 0x00, 0x00, 0x00, 0x55,
    0x00, 0x00, 0x00, 0x00, 0x16, 0x30, 0x03, 0xb0, 0x00, 0x89, 0x00, 0x00, 0x01, 0x49, 0xef, 0x90,
    0x04, 0xe1, 0xd0, 0x89, 0x0d, 0x45, 0xbf, 0xfc, 0x71, 0x00, 0x04, 0xe0, 0xd3, 0x89, 0x2e, 0x09,
    0xc5, 0x10, 0x00, 0x00, 0x04, 0xe0, 0x96, 0x89, 0x78, 0x09, 0xa0, 0x00, 0x00, 0x00, 0x04, 0xe0,
    0x67, 0x89, 0xc2, 0x09, 0xa0, 0x00, 0x00, 0x00, 0x04, 0xe1, 0x33, 0xaa, 0x33, 0x19, 0xa0, 0x00,
    0x00, 0x00, 0x04, 0xe7, 0xff, 0xff, 0xff, 0x99, 0xb4, 0x44, 0x44, 0x41, 0x04, 0xe0, 0x01, 0xec,
    0x10, 0x09, 0xff, 0xff, 0xff, 0xf3, 0x04, 0xe0, 0x07, 0xfe, 0xa0, 0x0a, 0xa0, 0x04, 0xf0, 0x00,
    0x04, 0xe0, 0x1e, 0xb9, 0xc8, 0x0a, 0x90, 0x04, 0xf0, 0x00, 0x04, 0xe0, 0x99, 0x89, 0x2e, 0x3b,
    0x80, 0x04, 0xf0, 0x00, 0x04, 0xe6, 0xe1, 0x89, 0x04, 0x0c, 0x70, 0x04, 0xf0, 0x00, 0x04, 0xe9,
    0x40, 0x89, 0x00, 0x0d, 0x60, 0x04, 0xf0, 0x00, 0x04, 0xe0, 0x00, 0x89, 0x00, 0x0e, 0x50, 0x04,
    0xf0, 0x00, 0x04, 0xe0, 0x00, 0x33, 0x00, 0x3f, 0x20, 0x04, 0xf0, 0x00, 0x04, 0xff, 0xff, 0xff,
    0xff, 0x7e, 0x00, 0x04, 0xf0, 0x00, 0x01, 0x33, 0x33, 0x33, 0x33, 0xc9, 0x00, 0x04, 0xf0, 0x00,
    0x00, 0x00, 0x00, 0x00, 0x01, 0xf4, 0x00, 0x04, 0xf0, 0x00, 0x00, 0x00, 0x00, 0x00, 0x00, 0x50,
    0x00, 0x02, 0x90, 0x00, 0x00, 0x00, 0x36, 0x00, 0x00, 0x00, 0x00, 0x00, 0x01, 0x00, 0x00, 0x00,
    0x5f, 0x10, 0x00, 0x00, 0x00, 0x48, 0xdd, 0x20, 0x01, 0x22, 0x2e, 0x82, 0x22, 0x08, 0xcf, 0xfc,
    0x83, 0x00, 0x0b, 0xff, 0xff, 0xff, 0xff, 0x1e, 0x93, 0x10, 0x00, 0x00, 0x00, 0x3a, 0x00, 0x06,
    0x80, 0x0e, 0x50, 0x00, 0x00, 0x00, 0x00, 0x1f, 0x20, 0x0b, 0x80, 0x0e, 0x50, 0x00, 0x00, 0x00,
    0x00, 0x0c, 0x60, 0x1f, 0x30, 0x0e, 0x50, 0x00, 0x00, 0x00, 0x02, 0x28, 0x52, 0x7d, 0x22, 0x1e,
    0x73, 0x33, 0x33, 0x30, 0x1f, 0xff, 0xff, 0xff, 0xff, 0x6e, 0xff, 0xff, 0xff, 0xf2, 0x00, 0x00,
    0x0e, 0x50, 0x00, 0x0e, 0x50, 0x06, 0xd0, 0x00, 0x00, 0x00, 0x0e, 0x50, 0x00, 0x0f, 0x40, 0x06,
    0xd0, 0x00, 0x0f, 0xff, 0xff, 0xff, 0xff, 0x3f, 0x40, 0x06, 0xd0, 0x00, 0x03, 0x33, 0x3e, 0x73,
    0x33, 0x2f, 0x30, 0x06, 0xd0, 0x00, 0x00, 0x58, 0x0e, 0x57, 0x60, 0x3f, 0x10, 0x06, 0xd0, 0x00,
    0x00, 0xc6, 0x0e, 0x54, 0xe1, 0x4f, 0x00, 0x06, 0xd0, 0x00, 0x05, 0xe1, 0x0e, 0x50, 0xc7, 0x8b,
    0x00, 0x06, 0xd0, 0x00, 0x0d, 0x60, 0x0e, 0x50, 0x57, 0xc8, 0x00, 0x06, 0xd0, 0x00, 0x02, 0x00,
    0x0e, 0x50, 0x04, 0xf3, 0x00, 0x06, 0xd0, 0x00, 0x00, 0x08, 0xfe, 0x20, 0x0a, 0xa0, 0x00, 0x06,
    0xd0, 0x00, 0x00, 0x01, 0x20, 0x00, 0x01, 0x20, 0x00, 0x04, 0x70, 0x00, 0x00, 0xcf, 0xff, 0xfe,
    0x03, 0xff, 0xff, 0xff, 0xff, 0x30, 0x00, 0xc9, 0x44, 0x7e, 0x03, 0xf5, 0x44, 0x44, 0x5f, 0x30,
    0x00, 0xc7, 0x00, 0x5e, 0x03, 0xf1, 0x00, 0x00, 0x2f, 0x30, 0x00, 0xc7, 0x00, 0x5e, 0x03, 0xf1,
    0x00, 0x00, 0x2f, 0x30, 0x00, 0xc7, 0x00, 0x5e, 0x03, 0xf1, 0x00, 0x22, 0x4f, 0x20, 0x00, 0xcf,
    0xff, 0xfe, 0x03, 0xf1, 0x00, 0xdf, 0xeb, 0x00, 0x00, 0xc9, 0x44, 0x8e, 0x03, 0xf1, 0x00, 0x00,
    0x00, 0x00, 0x00, 0xc7, 0x00, 0x5e, 0x03, 0xff, 0xff, 0xff, 0xff, 0x90, 0x00, 0xd6, 0x00, 0x5e,
    0x03, 0xf7, 0xf4, 0x44, 0x4d, 0x70, 0x00, 0xd6, 0x00, 0x5e, 0x03, 0xf1, 0xe4, 0x00, 0x2f, 0x30,
    0x00, 0xef, 0xff, 0xfe, 0x03, 0xf1, 0x8a, 0x00, 0x7d, 0x00, 0x00, 0xf7, 0x44, 0x8e, 0x03, 0xf1,
    0x3f, 0x20, 0xd7, 0x00, 0x00, 0xf2, 0x00, 0x5e, 0x03, 0xf1, 0x0a, 0xa6, 0xe1, 0x00, 0x02, 0xf1,
    0x00, 0x5e, 0x03, 0xf1, 0x02, 0xfe, 0x60, 0x00, 0x05, 0xe0, 0x00, 0x5e, 0x03, 0xf1, 0x00, 0xcf,
    0x20, 0x00, 0x08, 0xa0, 0x00, 0x5e, 0x03, 0xf1, 0x0a, 0xec, 0xd2, 0x00, 0x0d, 0x60, 0x00, 0x5e,
    0x03, 0xf3, 0xbe, 0x31, 0xcd, 0x40, 0x2e, 0x10, 0x9f, 0xfb, 0x03, 0xf9, 0xc2, 0x00, 0x1a, 0xe2,
    0x01, 0x00, 0x24, 0x30, 0x01, 0x40, 0x00, 0x00, 0x00, 0x20, 0x00, 0x00, 0x00, 0x00, 0x04, 0x40,
    0x00, 0x00, 0x00, 0x00, 0x00, 0x00, 0x00, 0x00, 0x0b, 0xa0, 0x00, 0x00, 0x00, 0x00, 0x02, 0x44,
    0x44, 0x44, 0x4c, 0xb4, 0x44, 0x44, 0x44, 0x20, 0x07, 0xff, 0xff, 0xff, 0xff, 0xff, 0xff, 0xff,
    0xff, 0x80, 0x00, 0x00, 0x00, 0x00, 0x0b, 0xa0, 0x00, 0x00, 0x00, 0x00, 0x00, 0x00, 0x00, 0x00,
    0x0b, 0xa0, 0x00, 0x00, 0x00, 0x00, 0x00, 0x03, 0x33, 0x33, 0x3c, 0xb3, 0x33, 0x33, 0x30, 0x00,
    0x00, 0x1f, 0xff, 0xff, 0xff, 0xff, 0xff, 0xff, 0xf2, 0x00, 0x00, 0x1f, 0x30, 0x00, 0x0b, 0xa0,
    0x00, 0x04, 0xf2, 0x00, 0x00, 0x1f, 0x30, 0x00, 0x0b, 0xa0, 0x00, 0x04, 0xf2, 0x00, 0x00, 0x1f,
    0x30, 0x00, 0x0b, 0xa0, 0x00, 0x04, 0xf2, 0x00, 0x00, 0x1f, 0xff, 0xff, 0xff, 0xff, 0xff, 0xff,
    0xf2, 0x00, 0x00, 0x03, 0x33, 0x34, 0xdf, 0xfd, 0x43, 0x33, 0x30, 0x00, 0x00, 0x00, 0x00, 0x0a,
    0xed, 0xce, 0xa0, 0x00, 0x00, 0x00, 0x00, 0x00, 0x01, 0xbe, 0x3b, 0xa3, 0xeb, 0x10, 0x00, 0x00,
    0x00, 0x00, 0x4d, 0xd3, 0x0b, 0xa0, 0x3d, 0xd4, 0x00, 0x00, 0x00, 0x29, 0xfb, 0x10, 0x0b, 0xa0,
    0x01, 0xbf, 0xa2, 0x00, 0x09, 0xfe, 0x60, 0x00, 0x0b, 0xa0, 0x00, 0x06, 0xef, 0xa1, 0x07, 0x71,
    0x00, 0x00, 0x0b, 0xa0, 0x00, 0x00, 0x17, 0x90, 0x00, 0x00, 0x00, 0x00, 0x07, 0x60, 0x00, 0x00,
    0x00, 0x00, 0x03, 0xff, 0xff, 0xff, 0xff, 0xff, 0xff, 0xff, 0xff, 0x40, 0x01, 0x55, 0x55, 0x55,
    0x57, 0xf7, 0x55, 0x55, 0x55, 0x10, 0x00, 0x00, 0x00, 0x00, 0x03, 0xf3, 0x00, 0x00, 0x00, 0x00,
    0x00, 0x00, 0x00, 0x00, 0x03, 0xf3, 0x00, 0x00, 0x00, 0x00, 0x00, 0x00, 0x00, 0x00, 0x03, 0xf3,
    0x00, 0x00, 0x00, 0x00, 0x00, 0x02, 0xc2, 0x00, 0x03, 0xf3, 0x00, 0x00, 0x00, 0x00, 0x00, 0x03,
    0xf3, 0x00, 0x03, 0xf3, 0x00, 0x00, 0x00, 0x00, 0x00, 0x03, 0xf3, 0x00, 0x03, 0xff, 0xff, 0xff,
    0xf8, 0x00, 0x00, 0x03, 0xf3, 0x00, 0x03, 0xf6, 0x55, 0x55, 0x53, 0x00, 0x00, 0x03, 0xf3, 0x00,
    0x03, 0xf3, 0x00, 0x00, 0x00, 0x00, 0x00, 0x03, 0xf3, 0x00, 0x03, 0xf3, 0x00, 0x00, 0x00, 0x00,
    0x00, 0x03, 0xf3, 0x00, 0x03, 0xf3, 0x00, 0x00, 0x00, 0x00, 0x00, 0x03, 0xf3, 0x00, 0x03, 0xf3,
    0x00, 0x00, 0x00, 0x00, 0x00, 0x03, 0xf3, 0x00, 0x03, 0xf3, 0x00, 0x00, 0x00, 0x00, 0x00, 0x03,
    0xf3, 0x00, 0x03, 0xf3, 0x00, 0x00, 0x00, 0x00, 0x0e, 0xff, 0xff, 0xff, 0xff, 0xff, 0xff, 0xff,
    0xff, 0xf0, 0x04, 0x55, 0x55, 0x55, 0x55, 0x55, 0x55, 0x55, 0x55, 0x50, 0x00, 0x10, 0x00, 0x00,
    0x00, 0x05, 0x30, 0x00, 0x00, 0x00, 0x00, 0xdc, 0x40, 0x00, 0x00, 0x0b, 0xc0, 0x00, 0x00, 0x00,
    0x00, 0x3b, 0xf9, 0x10, 0x00, 0x03, 0xf5, 0x00, 0x00, 0x00, 0x00, 0x00, 0x6e, 0x30, 0x00, 0x00,
    0xbb, 0x00, 0x00, 0x00, 0x00, 0x00, 0x01, 0x24, 0x44, 0x44, 0x87, 0x44, 0x44, 0x30, 0x00, 0x00,
    0x00, 0x6f, 0xff, 0xff, 0xff, 0xff, 0xff, 0xb0, 0x02, 0x00, 0x00, 0x00, 0x00, 0x01, 0xf5, 0x00,
    0x00, 0x00, 0x0d, 0xd6, 0x00, 0x00, 0x00, 0x01, 0xf5, 0x00, 0x00, 0x00, 0x01, 0x8f, 0xc1, 0x00,
    0x00, 0x01, 0xf5, 0x00, 0x00, 0x00, 0x00, 0x03, 0x90, 0x00, 0x00, 0x01, 0xf5, 0x00, 0x00, 0x00,
    0x00, 0x00, 0x00, 0x02, 0x44, 0x44, 0xf8, 0x44, 0x44, 0x00, 0x00, 0x00, 0x01, 0x09, 0xff, 0xff,
    0xff, 0xff, 0xff, 0x00, 0x00, 0x00, 0x3e, 0x10, 0x00, 0x01, 0xf5, 0x00, 0x00, 0x00, 0x00, 0x00,
    0xbb, 0x00, 0x00, 0x01, 0xf5, 0x00, 0x00, 0x00, 0x00, 0x03, 0xf4, 0x00, 0x00, 0x01, 0xf5, 0x00,
    0x00, 0x00, 0x00, 0x0b, 0xb0, 0x00, 0x00, 0x01, 0xf5, 0x00, 0x00, 0x00, 0x00, 0x5f, 0x40, 0x00,
    0x00, 0x01, 0xf5, 0x00, 0x00, 0x00, 0x01, 0xda, 0x00, 0x44, 0x44, 0x44, 0xf8, 0x44, 0x44, 0x41,
    0x05, 0xf2, 0x00, 0xff, 0xff, 0xff, 0xff, 0xff, 0xff, 0xf3, 0x00, 0x20, 0x00, 0x00, 0x00, 0x00,
    0x00, 0x00, 0x00, 0x00, 0x00, 0x00, 0x00, 0x00, 0x06, 0x30, 0x00, 0x00, 0x00, 0x00, 0x00, 0x00,
    0x00, 0x00, 0x0d, 0x70, 0x00, 0x00, 0x00, 0x00, 0x00, 0x00, 0x00, 0x00, 0x0d, 0x94, 0x44, 0x44,
    0x44, 0x10, 0x00, 0x00, 0x00, 0x00, 0x0d, 0xff, 0xff, 0xff, 0xff, 0x30, 0x00, 0x00, 0x00, 0x00,
    0x0d, 0x70, 0x00, 0x00, 0x00, 0x00, 0x00, 0x00, 0x00, 0x00, 0x0d, 0x70, 0x00, 0x00, 0x00, 0x00,
    0x00, 0x02, 0x44, 0x44, 0x4d, 0x94, 0x44, 0x44, 0x20, 0x00, 0x00, 0x0a, 0xff, 0xff, 0xff, 0xff,
    0xff, 0xff, 0xa0, 0x00, 0x00, 0x0a, 0x90, 0x00, 0x00, 0x00, 0x00, 0x0b, 0xa0, 0x00, 0x00, 0x0a,
    0x90, 0x00, 0x00, 0x00, 0x00, 0x0b, 0xa0, 0x00, 0x00, 0x0a, 0x90, 0x00, 0x00, 0x00, 0x00, 0x0b,
    0xa0, 0x00, 0x00, 0x0a, 0x90, 0x00, 0x00, 0x00, 0x00, 0x0b, 0xa0, 0x00, 0x00, 0x0a, 0xff, 0xff,
    0xff, 0xff, 0xff, 0xff, 0xa0, 0x00, 0x00, 0x02, 0x44, 0x44, 0x44, 0x44, 0x44, 0x44, 0x20, 0x00,
    0x00, 0x02, 0x20, 0x00, 0x00, 0x00, 0x00, 0x02, 0x30, 0x00, 0x00, 0x0c, 0xa0, 0x1d, 0x30, 0x0c,
    0x70, 0x09, 0xd1, 0x00, 0x00, 0x5f, 0x20, 0x0e, 0x60, 0x07, 0xd0, 0x01, 0xda, 0x00, 0x01, 0xd9,
    0x00, 0x0c, 0x80, 0x02, 0xf4, 0x00, 0x4f, 0x30, 0x0b, 0xd1, 0x00, 0x0b, 0x90, 0x00, 0xd8, 0x00,
    0x0c, 0xb0, 0x04, 0x30, 0x00, 0x04, 0x30, 0x00, 0x31, 0x00, 0x02, 0x10, 0x00, 0x00, 0x56, 0x00,
    0x00, 0x06, 0x60, 0x00, 0x00, 0x00, 0x00, 0x00, 0x9a, 0x00, 0x00, 0x09, 0xa0, 0x00, 0x00, 0x00,
    0x00, 0x00, 0x9a, 0x00, 0x00, 0x09, 0xa0, 0x00, 0x00, 0x00, 0x0a, 0xff, 0xff, 0xff, 0x22, 0x2a,
    0xb2, 0x22, 0x20, 0x00, 0x02, 0x44, 0xaf, 0xff, 0x7f, 0xff, 0xff, 0xff, 0xb0, 0x00, 0x00, 0x00,
    0x9a, 0x00, 0x00, 0x0b, 0x80, 0x09, 0xa0, 0x00, 0x00, 0x00, 0x9a, 0x03, 0x10, 0x0c, 0x70, 0x09,
    0xa0, 0x00, 0x00, 0x00, 0xad, 0xdf, 0x31, 0x0d, 0x60, 0x09, 0xa0, 0x00, 0x06, 0xae, 0xfe, 0x83,
    0x4e, 0x6f, 0x30, 0x09, 0xa0, 0x00, 0x0d, 0xb7, 0xaa, 0x00, 0x06, 0xef, 0x20, 0x08, 0xa0, 0x00,
    0x00, 0x00, 0x9a, 0x00, 0x00, 0xaf, 0xe5, 0x08, 0xb0, 0x00, 0x00, 0x00, 0x9a, 0x00, 0x03, 0xf5,
    0x8f, 0x77, 0xc0, 0x41, 0x00, 0x00, 0xaa, 0x00, 0x1c, 0xb0, 0x05, 0x44, 0xe0, 0xb5, 0x00, 0xcf,
    0xf6, 0x03, 0xec, 0x20, 0x00, 0x01, 0xf6, 0xe3, 0x00, 0x23, 0x10, 0x02, 0x90, 0x00, 0x00, 0x00,
    0x8e, 0xb0, 0x00, 0x0c, 0x80, 0x09, 0x20, 0x09, 0x60, 0x08, 0xd1, 0x00, 0x00, 0x5f, 0x20, 0x0e,
    0x50, 0x09, 0xc0, 0x01, 0xe9, 0x00, 0x01, 0xd9, 0x00, 0x0c, 0x70, 0x03, 0xf2, 0x00, 0x5f, 0x40,
    0x0a, 0xd1, 0x00, 0x0b, 0x90, 0x00, 0xe6, 0x00, 0x0c, 0xc0, 0x05, 0x30, 0x00, 0x04, 0x30, 0x00,
    0x42, 0x00, 0x03, 0x50, 0x00, 0x0e, 0xff, 0xff, 0xff, 0xff, 0xff, 0xff, 0xfa, 0x00, 0x00, 0x0e,
    0x95, 0x55, 0x5b, 0xc5, 0x55, 0x55, 0xba, 0x00, 0x00, 0x0e, 0x60, 0x00, 0x09, 0xb0, 0x00, 0x00,
    0xaa, 0x00, 0x00, 0x0e, 0x60, 0x00, 0x09, 0xb0, 0x00, 0x00, 0xaa, 0x00, 0x00, 0x0e, 0x84, 0x44,
    0x4a, 0xc4, 0x44, 0x44, 0xba, 0x00, 0x00, 0x0e, 0xff, 0xff, 0xff, 0xff, 0xff, 0xff, 0xfa, 0x00,
    0x00, 0x0e, 0x60, 0x00, 0x09, 0xb0, 0x00, 0x00, 0xaa, 0x00, 0x00, 0x0e, 0x60, 0x00, 0x09, 0xb0,
    0x00, 0x00, 0xaa, 0x00, 0x00, 0x0e, 0x50, 0x00, 0x09, 0xb0, 0x00, 0x00, 0xaa, 0x00, 0x00, 0x0f,
    0x84, 0x44, 0x4a, 0xc4, 0x44, 0x44, 0xba, 0x00, 0x00, 0x1f, 0xff, 0xff, 0xff, 0xff, 0xff, 0xff,
    0xfa, 0x00, 0x00, 0x3f, 0x20, 0x00, 0x09, 0xb0, 0x00, 0x00, 0xaa, 0x00, 0x00, 0x6d, 0x00, 0x00,
    0x09, 0xb0, 0x00, 0x00, 0xaa, 0x00, 0x00, 0xba, 0x00, 0x00, 0x09, 0xb0, 0x00, 0x00, 0xaa, 0x00,
    0x01, 0xf6, 0x00, 0x00, 0x09, 0xb0, 0x00, 0x00, 0xaa, 0x00, 0x0a, 0xe1, 0x00, 0x00, 0x09, 0xb0,
    0x00, 0x00, 0xba, 0x00, 0x2f, 0x60, 0x00, 0x00, 0x09, 0xb0, 0x3f, 0xff, 0xf6, 0x00, 0x04, 0x00,
    0x00, 0x00, 0x02, 0x20, 0x04, 0x44, 0x10, 0x00, 0x03, 0x33, 0x33, 0x33, 0x03, 0x33, 0x33, 0x34,
    0x40, 0x00, 0x0f, 0xff, 0xff, 0xfd, 0x2f, 0xff, 0xff, 0xff, 0xf0, 0x00, 0x00, 0x09, 0xa0, 0x00,
    0x00, 0x00, 0x00, 0x06, 0xd0, 0x00, 0x00, 0x0c, 0x70, 0x00, 0x01, 0x70, 0x00, 0x07, 0xc0, 0x00,
    0x00, 0x1f, 0x30, 0x00, 0x04, 0xf0, 0x00, 0x09, 0xb0, 0x00, 0x00, 0x5e, 0x00, 0x00, 0x05, 0xe0,
    0x00, 0x0a, 0x90, 0x00, 0x00, 0x9a, 0x00, 0x00, 0x06, 0xd0, 0x00, 0x0c, 0x70, 0x00, 0x01, 0xef,
    0xff, 0xf3, 0x08, 0xb0, 0x00, 0x0d, 0x60, 0x00, 0x08, 0xfa, 0x33, 0xe3, 0x09, 0xa2, 0x22, 0x2f,
    0x62, 0x20, 0x1e, 0xf8, 0x00, 0xe3, 0x0b, 0xff, 0xff, 0xff, 0xff, 0xb0, 0x4e, 0xb8, 0x00, 0xe3,
    0x00, 0x00, 0x00, 0x00, 0x0a, 0x90, 0x05, 0xa8, 0x00, 0xe3, 0x00, 0x00, 0x00, 0x00, 0x0c, 0x80,
    0x00, 0xa8, 0x00, 0xe3, 0x33, 0x33, 0x33, 0x33, 0x0d, 0x60, 0x00, 0xa8, 0x00, 0xe3, 0xdf, 0xff,
    0xff, 0xfd, 0x0f, 0x40, 0x00, 0xa9, 0x33, 0xe3, 0x00, 0x00, 0x00, 0x00, 0x3f, 0x20, 0x00, 0xaf,
    0xff, 0xf3, 0x00, 0x00, 0x00, 0x00, 0x6e, 0x00, 0x00, 0xa8, 0x00, 0x00, 0x00, 0x00, 0x01, 0x01,
    0xca, 0x00, 0x00, 0x43, 0x00, 0x00, 0x00, 0x00, 0x0d, 0xff, 0xe2, 0x00, 0x00, 0x00, 0x00, 0x00,
    0x00, 0x00, 0x02, 0x33, 0x10, 0x00, 0x00, 0x00, 0x00, 0x00, 0x1b, 0x20, 0x00, 0x00, 0x00, 0x00,
    0x00, 0x00, 0x00, 0x00, 0x0c, 0x90, 0x00, 0x00, 0x00, 0x00, 0x0a, 0xff, 0xff, 0xff, 0xff, 0xff,
    0xff, 0xff, 0xff, 0xb0, 0x02, 0x33, 0x33, 0x44, 0x33, 0x33, 0x63, 0x33, 0x33, 0x20, 0x00, 0x08,
    0xb0, 0x5d, 0x70, 0x08, 0xd2, 0x0b, 0x80, 0x00, 0x00, 0x08, 0xb0, 0x02, 0xad, 0xbb, 0x10, 0x0b,
    0x80, 0x00, 0x00, 0x08, 0xb0, 0x01, 0x8e, 0xcc, 0x40, 0x0b, 0x80, 0x00, 0x00, 0x08, 0xb1, 0x8e,
    0x91, 0x05, 0xe9, 0x0b, 0x80, 0x00, 0x00, 0x08, 0xb0, 0x72, 0x00, 0x00, 0x14, 0x0b, 0x80, 0x00,
    0x00, 0x08, 0xff, 0xff, 0xff, 0xff, 0xff, 0xff, 0x80, 0x00, 0x00, 0x01, 0x22, 0x22, 0x2d, 0xb2,
    0x22, 0x22, 0x10, 0x00, 0x00, 0x23, 0x33, 0x33, 0x5f, 0x63, 0x33, 0x33, 0x32, 0x00, 0x00, 0xcf,
    0xff, 0xff, 0xff, 0xff, 0xff, 0xff, 0xfc, 0x00, 0x00, 0xc7, 0x00, 0x07, 0xe1, 0x02, 0x60, 0x00,
    0x7c, 0x00, 0x00, 0xc7, 0x00, 0x3e, 0x40, 0x02, 0xe5, 0x00, 0x7c, 0x00, 0x00, 0xc7, 0x03, 0xec,
    0x78, 0x9b, 0xee, 0x20, 0x7c, 0x00, 0x00, 0xc7, 0x05, 0xec, 0xa8, 0x75, 0x39, 0x80, 0x7c, 0x00,
    0x00, 0xc7, 0x00, 0x00, 0x00, 0x00, 0x01, 0x00, 0x8c, 0x00, 0x00, 0xc7, 0x00, 0x00, 0x00, 0x00,
    0x03, 0xff, 0xf7, 0x00, 0x00, 0x21, 0x00, 0x00, 0x00, 0x00, 0x00, 0x11, 0x00, 0x00, 0x00, 0x05,
    0x80, 0x00, 0x00, 0x07, 0x60, 0x00, 0x00, 0x00, 0x00, 0x0d, 0x90, 0x00, 0x00, 0x2f, 0x60, 0x00,
    0x00, 0x00, 0x00, 0x6f, 0xff, 0xff, 0xfb, 0x9f, 0xff, 0xff, 0xff, 0xd0, 0x01, 0xe9, 0x5f, 0x43,
    0x37, 0xf6, 0x3c, 0xb3, 0x33, 0x20, 0x0b, 0xe1, 0x0d, 0x60, 0x2e, 0xa0, 0x04, 0xf2, 0x00, 0x00,
    0x1d, 0x50, 0x07, 0x60, 0x0c, 0x90, 0x00, 0xb5, 0x00, 0x00, 0x00, 0x02, 0x22, 0x22, 0x2b, 0xa2,
    0x22, 0x22, 0x20, 0x00, 0x00, 0x1f, 0xff, 0xff, 0xff, 0xff, 0xff, 0xff, 0xf3, 0x00, 0x00, 0x00,
    0x00, 0x00, 0x0b, 0xa0, 0x00, 0x00, 0x00, 0x00, 0x03, 0x33, 0x33, 0x33, 0x3c, 0xb3, 0x33, 0x33,
    0x33, 0x30, 0x1f, 0xff, 0xff, 0xff, 0xff, 0xff, 0xff, 0xff, 0xff, 0xf1, 0x00, 0x00, 0x00, 0x00,
    0x00, 0x00, 0x09, 0xb0, 0x00, 0x00, 0x00, 0x00, 0x00, 0x00, 0x00, 0x00, 0x09, 0xb0, 0x00, 0x00,
    0x06, 0xff, 0xff, 0xff, 0xff, 0xff, 0xff, 0xff, 0xff, 0x90, 0x01, 0x33, 0x4a, 0x43, 0x33, 0x33,
    0x3a, 0xc3, 0x33, 0x20, 0x00, 0x00, 0x2c, 0xd3, 0x00, 0x00, 0x09, 0xb0, 0x00, 0x00, 0x00, 0x00,
    0x01, 0xae, 0x30, 0x00, 0x09, 0xb0, 0x00, 0x00, 0x00, 0x00, 0x00, 0x0b, 0xa0, 0x00, 0x0a, 0xb0,
    0x00, 0x00, 0x00, 0x00, 0x00, 0x01, 0x00, 0xcf, 0xff, 0x70, 0x00, 0x00, 0x00, 0x00, 0x00, 0x00,
    0x00, 0x24, 0x32, 0x00, 0x00, 0x00, 0x00, 0x00, 0x32, 0x00, 0x00, 0x02, 0x50, 0x00, 0x00, 0x00,
    0x00, 0x00, 0xca, 0x00, 0x00, 0x04, 0xf3, 0x00, 0x00, 0x00, 0x00, 0x03, 0xf4, 0x00, 0x00, 0x00,
    0xac, 0x00, 0x00, 0x00, 0x00, 0x09, 0xc0, 0x00, 0x00, 0x00, 0x2f, 0x50, 0x00, 0x00, 0x00, 0x1e,
    0x50, 0x02, 0x44, 0x44, 0x4b, 0x74, 0x44, 0x41, 0x00, 0x8c, 0x00, 0x57, 0xff, 0xff, 0xff, 0xff,
    0xff, 0xf2, 0x02, 0xe3, 0x03, 0xf4, 0x09, 0xa0, 0x00, 0x05, 0xf1, 0x00, 0x1c, 0xd7, 0x8d, 0x90,
    0x05, 0xe0, 0x00, 0x08, 0xd0, 0x00, 0x1f, 0xdb, 0xde, 0x10, 0x01, 0xf3, 0x00, 0x0c, 0xa0, 0x00,
    0x01, 0x02, 0xe5, 0x00, 0x00, 0xc7, 0x00, 0x0f, 0x60, 0x00, 0x00, 0x0b, 0x90, 0x00, 0x00, 0x8c,
    0x00, 0x4f, 0x20, 0x00, 0x00, 0x8c, 0x02, 0x53, 0x00, 0x2f, 0x40, 0xbb, 0x00, 0x00, 0x07, 0xfd,
    0xef, 0xd4, 0x00, 0x0a, 0xb3, 0xf5, 0x00, 0x00, 0x0e, 0xc8, 0x52, 0x00, 0x00, 0x02, 0xfd, 0xc0,
    0x00, 0x00, 0x01, 0x00, 0x00, 0x00, 0x00, 0x00, 0xbf, 0x40, 0x00, 0x00, 0x00, 0x00, 0x14, 0x87,
    0x00, 0x08, 0xfe, 0xd2, 0x00, 0x00, 0x04, 0x7b, 0xfe, 0xa5, 0x01, 0xaf, 0x62, 0xde, 0x30, 0x00,
    0x0e, 0xd8, 0x40, 0x02, 0x8e, 0xe4, 0x00, 0x1c, 0xfa, 0x30, 0x01, 0x00, 0x00, 0x4f, 0xe7, 0x10,
    0x00, 0x00, 0x5d, 0xf3, 0x00, 0x00, 0x00, 0x06, 0x10, 0x00, 0x00, 0x00, 0x00, 0x30, 0x00, 0x00,
    0x23, 0x00, 0x00, 0x03, 0xa1, 0x10, 0x00, 0x00, 0x00, 0x00, 0x9d, 0x00, 0x00, 0x04, 0xf1, 0x9d,
    0x50, 0x00, 0x00, 0x01, 0xe6, 0x00, 0x00, 0x03, 0xf1, 0x06, 0xe7, 0x00, 0x00, 0x06, 0xe1, 0x00,
    0x00, 0x03, 0xf2, 0x00, 0x22, 0x00, 0x00, 0x0d, 0x70, 0x10, 0x00, 0x03, 0xf6, 0x7a, 0xce, 0x20,
    0x00, 0x6d, 0x10, 0x9a, 0x3b, 0xdf, 0xfe, 0xc9, 0x75, 0x10, 0x01, 0xe5, 0x03, 0xf4, 0x28, 0x64,
    0xf4, 0x00, 0x00, 0x00, 0x0b, 0xfa, 0xce, 0xa0, 0x00, 0x00, 0xe5, 0x00, 0x00, 0x10, 0x0a, 0xa8,
    0xbe, 0x20, 0x00, 0x00, 0xd8, 0x58, 0xbe, 0xb0, 0x00, 0x02, 0xe6, 0x00, 0x25, 0x8b, 0xff, 0xeb,
    0x85, 0x20, 0x00, 0x0b, 0xa0, 0x00, 0x9e, 0xb8, 0xbb, 0x00, 0x02, 0x20, 0x00, 0x9d, 0x24, 0x76,
    0x10, 0x00, 0x7d, 0x00, 0x1c, 0xa0, 0x08, 0xff, 0xfe, 0xb5, 0x00, 0x00, 0x4f, 0x10, 0xad, 0x10,
    0x08, 0xa6, 0x20, 0x00, 0x00, 0x00, 0x1f, 0x5a, 0xe3, 0x00, 0x00, 0x00, 0x00, 0x00, 0x00, 0x00,
    0x0c, 0xed, 0x20, 0x00, 0x00, 0x00, 0x37, 0xbc, 0x00, 0x00, 0x6e, 0xf2, 0x00, 0x10, 0x05, 0x9d,
    0xfc, 0x83, 0x00, 0x4c, 0xf8, 0xf6, 0x00, 0xd2, 0x0b, 0xb6, 0x20, 0x01, 0x7d, 0xfb, 0x20, 0x8e,
    0x42, 0xf1, 0x00, 0x00, 0x00, 0x01, 0xc9, 0x30, 0x00, 0x0a, 0xff, 0xa0, 0x00, 0x00, 0x00, 0x00,
    0x00, 0x00, 0x00, 0x00, 0x34, 0x00, 0x00, 0x00, 0x42, 0x00, 0x00, 0x00, 0x2a, 0x20, 0x00, 0x00,
    0x00, 0x00, 0xea, 0x00, 0x00, 0x00, 0x3f, 0x30, 0x00, 0x00, 0x00, 0x06, 0xf3, 0x00, 0x00, 0x00,
    0x3f, 0x30, 0x00, 0x00, 0x00, 0x0c, 0xa0, 0x00, 0xdf, 0xff, 0xff, 0xff, 0xff, 0xc0, 0x00, 0x5f,
    0x30, 0x21, 0x44, 0x44, 0x6f, 0x74, 0x44, 0x30, 0x00, 0xd9, 0x00, 0xcb, 0x00, 0x00, 0x3f, 0x30,
    0x00, 0x00, 0x07, 0xe1, 0x05, 0xf4, 0x00, 0x00, 0x3f, 0x30, 0x00, 0x00, 0x3f, 0xec, 0xdf, 0xa0,
    0x00, 0x00, 0x3f, 0x30, 0x00, 0x00, 0x1c, 0xa8, 0xce, 0x20, 0x5f, 0xff, 0xff, 0xff, 0xff, 0x70,
    0x00, 0x03, 0xf6, 0x00, 0x14, 0x44, 0x44, 0x44, 0x44, 0x20, 0x00, 0x0c, 0xa0, 0x00, 0x00, 0x00,
    0x00, 0x00, 0x00, 0x00, 0x00, 0x8d, 0x10, 0x24, 0x03, 0x33, 0x33, 0x33, 0x33, 0x00, 0x07, 0xfc,
    0xbe, 0xfe, 0x0c, 0xff, 0xff, 0xff, 0xff, 0x00, 0x1f, 0xfc, 0x96, 0x30, 0x0c, 0x70, 0x00, 0x00,
    0x5f, 0x00, 0x03, 0x00, 0x00, 0x00, 0x0c, 0x70, 0x00, 0x00, 0x5f, 0x00, 0x00, 0x00, 0x00, 0x03,
    0x0c, 0x70, 0x00, 0x00, 0x5f, 0x00, 0x00, 0x15, 0x8b, 0xff, 0x0c, 0x70, 0x00, 0x00, 0x5f, 0x00,
    0x2d, 0xff, 0xea, 0x63, 0x0c, 0x93, 0x33, 0x33, 0x8f, 0x00, 0x19, 0x52, 0x00, 0x00, 0x0c, 0xff,
    0xff, 0xff, 0xff, 0x00, 0x00, 0x00, 0x00, 0x00, 0x0a, 0x50, 0x00, 0x00, 0x4a, 0x00, 0x00, 0x00,
    0x21, 0x00, 0x00, 0x08, 0x50, 0x00, 0x00, 0x00, 0x00, 0x00, 0xab, 0x00, 0x00, 0x2f, 0x50, 0x00,
    0x00, 0x00, 0x00, 0x01, 0xe6, 0x00, 0x00, 0x9f, 0x43, 0x33, 0x33, 0x00, 0x00, 0x07, 0xe1, 0x00,
    0x02, 0xff, 0xff, 0xff, 0xff, 0x30, 0x00, 0x0d, 0x70, 0x00, 0x0b, 0xf3, 0x00, 0x00, 0xba, 0x00,
    0x00, 0x7d, 0x10, 0x84, 0x8e, 0xbb, 0x00, 0x06, 0xf2, 0x00, 0x02, 0xe5, 0x03, 0xfa, 0xf5, 0x1d,
    0x80, 0x5f, 0x50, 0x00, 0x1b, 0xd7, 0x9d, 0xb0, 0x40, 0x03, 0xea, 0xf6, 0x00, 0x00, 0x1f, 0xdb,
    0xde, 0x20, 0x00, 0x02, 0xbf, 0xd2, 0x00, 0x00, 0x01, 0x03, 0xf6, 0x00, 0x01, 0x8f, 0xc4, 0xaf,
    0x81, 0x00, 0x00, 0x1c, 0x90, 0x02, 0xaf, 0xd6, 0x00, 0x05, 0xdf, 0xa1, 0x00, 0xad, 0x46, 0xa5,
    0xb7, 0x33, 0x33, 0x33, 0x36, 0x90, 0x0a, 0xff, 0xfc, 0x82, 0x09, 0xff, 0xff, 0xff, 0xfd, 0x00,
    0x0c, 0x95, 0x10, 0x00, 0x09, 0xa0, 0x00, 0x00, 0x7d, 0x00, 0x00, 0x00, 0x00, 0x00, 0x09, 0xa0,
    0x00, 0x00, 0x7d, 0x00, 0x00, 0x00, 0x16, 0xa9, 0x09, 0xa0, 0x00, 0x00, 0x7d, 0x00, 0x04, 0x8c,
    0xfe, 0x94, 0x09, 0xa0, 0x00, 0x00, 0x7d, 0x00, 0x0f, 0xd8, 0x30, 0x00, 0x09, 0xff, 0xff, 0xff,
    0xfd, 0x00, 0x01, 0x00, 0x00, 0x00, 0x09, 0xb3, 0x33, 0x33, 0x9d, 0x00, 0x00, 0x00, 0x00, 0x00,
    0x03, 0x30, 0x00, 0x00, 0x24, 0x00, 0x00, 0x00, 0x41, 0x00, 0x00, 0x01, 0x92, 0x00, 0x00, 0x00,
    0x00, 0x00, 0xd8, 0x00, 0x00, 0x01, 0xf3, 0x00, 0x04, 0x10, 0x00, 0x04, 0xf2, 0x00, 0x00, 0x01,
    0xf3, 0x00, 0x2f, 0x50, 0x00, 0x0a, 0xa0, 0x00, 0x6f, 0xff, 0xff, 0xff, 0xac, 0x00, 0x00, 0x1f,
    0x30, 0x00, 0x13, 0x34, 0xf6, 0x37, 0xf3, 0x00, 0x00, 0x8a, 0x00, 0xa6, 0x00, 0x01, 0xf3, 0x2e,
    0x80, 0x00, 0x02, 0xe2, 0x03, 0xf3, 0x00, 0x01, 0xf4, 0xcc, 0x00, 0x00, 0x1c, 0xd8, 0xad, 0x97,
    0xff, 0xff, 0xff, 0xff, 0xff, 0xf2, 0x0e, 0xc9, 0xbe, 0x12, 0x33, 0x34, 0xde, 0x43, 0x33, 0x30,
    0x01, 0x01, 0xe6, 0x00, 0x00, 0x1c, 0xf3, 0x00, 0x00, 0x00, 0x00, 0x09, 0xb0, 0x00, 0x02, 0xcf,
    0x72, 0x22, 0x22, 0x00, 0x00, 0x4e, 0x20, 0x01, 0x8f, 0xff, 0xff, 0xff, 0xfe, 0x00, 0x04, 0xeb,
    0xad, 0xe9, 0xe8, 0xf3, 0x00, 0x00, 0x6e, 0x00, 0x0d, 0xc9, 0x63, 0x01, 0x10, 0xf3, 0x00, 0x00,
    0x6e, 0x00, 0x00, 0x00, 0x00, 0x00, 0x00, 0xff, 0xff, 0xff, 0xfe, 0x00, 0x00, 0x00, 0x01, 0x55,
    0x00, 0xf5, 0x22, 0x22, 0x7e, 0x00, 0x00, 0x37, 0xbf, 0xf9, 0x00, 0xf3, 0x00, 0x00, 0x6e, 0x00,
    0x0d, 0xfe, 0xb6, 0x20, 0x00, 0xf5, 0x22, 0x22, 0x7e, 0x00, 0x07, 0x40, 0x00, 0x00, 0x00, 0xff,
    0xff, 0xff, 0xfe, 0x00, 0x00, 0x00, 0x00, 0x00, 0x00, 0xb3, 0x00, 0x00, 0x49, 0x00, 0x01, 0x44,
    0x44, 0x44, 0x44, 0x44, 0x44, 0x44, 0x44, 0x10, 0x03, 0xff, 0xff, 0xff, 0xff, 0xff, 0xff, 0xff,
    0xff, 0x40, 0x03, 0xf2, 0x00, 0x00, 0x00, 0x00, 0x00, 0x00, 0x1f, 0x40, 0x03, 0xf2, 0x00, 0x00,
    0x62, 0x00, 0x01, 0x50, 0x1f, 0x40, 0x03, 0xf2, 0x10, 0x01, 0xf3, 0x00, 0x05, 0xe0, 0x1f, 0x40,
    0x03, 0xf3, 0xd4, 0x04, 0xf2, 0xd2, 0x08, 0xb0, 0x1f, 0x40, 0x03, 0xf2, 0x6e, 0x28, 0xc0, 0xac,
    0x0b, 0x80, 0x1f, 0x40, 0x03, 0xf2, 0x0a, 0xbb, 0x80, 0x1d, 0x8e, 0x50, 0x1f, 0x40, 0x03, 0xf2,
    0x01, 0xdf, 0x40, 0x04, 0xff, 0x10, 0x1f, 0x40, 0x03, 0xf2, 0x00, 0x6f, 0x30, 0x00, 0xae, 0x00,
    0x1f, 0x40, 0x03, 0xf2, 0x00, 0xce, 0xc0, 0x01, 0xef, 0x70, 0x1f, 0x40, 0x03, 0xf2, 0x04, 0xf3,
    0xe6, 0x07, 0xe6, 0xe1, 0x1f, 0x40, 0x03, 0xf2, 0x0b, 0xa0, 0x7d, 0x1d, 0x70, 0xc8, 0x1f, 0x40,
    0x03, 0xf2, 0x7f, 0x20, 0x03, 0x9d, 0x10, 0x5b, 0x1f, 0x40, 0x03, 0xf6, 0xf6, 0x00, 0x06, 0xf4,
    0x00, 0x00, 0x1f, 0x40, 0x03, 0xf4, 0x70, 0x00, 0x06, 0x70, 0x00, 0x00, 0x1f, 0x40, 0x03, 0xf2,
    0x00, 0x00, 0x00, 0x00, 0x00, 0x00, 0x2f, 0x30, 0x03, 0xf2, 0x00, 0x00, 0x00, 0x00, 0x06, 0xff,
    0xfd, 0x10, 0x01, 0x51, 0x00, 0x00, 0x00, 0x00, 0x00, 0x44, 0x31, 0x00, 0x00, 0x00, 0x00, 0x00,
    0x56, 0x00, 0x00, 0x00, 0x00, 0x00, 0x00, 0x00, 0x00, 0x00, 0x9b, 0x00, 0x00, 0x00, 0x42, 0x00,
    0x00, 0x00, 0x00, 0x00, 0x9b, 0x00, 0x00, 0x03, 0xe7, 0x00, 0x00, 0x0c, 0xff, 0xff, 0xff, 0xff,
    0xff, 0x4d, 0xa0, 0x00, 0x00, 0x02, 0x33, 0x33, 0xac, 0x33, 0x34, 0xdb, 0x00, 0x00, 0x00, 0x00,
    0x00, 0x00, 0x9b, 0x00, 0x2d, 0xb1, 0x00, 0x00, 0x02, 0x33, 0x33, 0x33, 0xac, 0x34, 0xed, 0x33,
    0x33, 0x20, 0x09, 0xff, 0xff, 0xff, 0xff, 0xff, 0xff, 0xff, 0xff, 0xb0, 0x00, 0x00, 0x00, 0x00,
    0x3c, 0xd4, 0x00, 0x00, 0x00, 0x00, 0x00, 0x00, 0x00, 0x2a, 0xf8, 0x10, 0x00, 0x00, 0x00, 0x00,
    0x00, 0x00, 0x17, 0xef, 0xff, 0xff, 0xff, 0xff, 0xd0, 0x00, 0x00, 0x17, 0xee, 0x9f, 0x32, 0x22,
    0x22, 0x22, 0x20, 0x00, 0x18, 0xef, 0xa1, 0x9c, 0x00, 0x00, 0x00, 0x00, 0x00, 0x00, 0x0d, 0xb3,
    0x01, 0xe8, 0x22, 0x22, 0x22, 0x22, 0x00, 0x00, 0x01, 0x00, 0x06, 0xff, 0xff, 0xff, 0xff, 0xfc,
    0x00, 0x00, 0x00, 0x00, 0x00, 0x00, 0x00, 0x00, 0x00, 0xb9, 0x00, 0x00, 0x00, 0x00, 0x00, 0x00,
    0x00, 0x00, 0x00, 0xe5, 0x00, 0x00, 0x00, 0x00, 0x00, 0x00, 0x12, 0x10, 0x08, 0xf1, 0x00, 0x00,
    0x00, 0x00, 0x00, 0x00, 0x2f, 0xff, 0xff, 0x70, 0x00, 0x00, 0x00, 0x00, 0x00, 0x00, 0x02, 0x33,
    0x31, 0x00, 0x00, 0x00, 0x00, 0x00, 0x00, 0x00, 0x00, 0x00, 0x07, 0x30, 0x00, 0x00, 0x0f, 0xff,
    0xff, 0xff, 0xa0, 0x00, 0x2f, 0x40, 0x00, 0x00, 0x03, 0xd8, 0x33, 0xd7, 0x20, 0x00, 0x9f, 0xa0,
    0x00, 0x00, 0x00, 0xd5, 0x00, 0xd5, 0x00, 0x03, 0xf4, 0xe4, 0x00, 0x00, 0x00, 0xd5, 0x00, 0xd5,
    0x00, 0x0c, 0x80, 0x5e, 0x10, 0x00, 0x00, 0xd7, 0x22, 0xd5, 0x00, 0x9d, 0x10, 0x0a, 0xb1, 0x00,
    0x00, 0xdf, 0xff, 0xf5, 0x06, 0xe4, 0x42, 0x01, 0xdb, 0x00, 0x00, 0xd5, 0x00, 0xd5, 0x7f, 0x40,
    0x7d, 0x20, 0x3e, 0xc1, 0x00, 0xd5, 0x00, 0xd5, 0x85, 0x00, 0x09, 0xc0, 0x03, 0x90, 0x00, 0xd5,
    0x00, 0xd5, 0x00, 0x00, 0x00, 0x20, 0x00, 0x00, 0x00, 0xdf, 0xff, 0xf5, 0x02, 0xff, 0xff, 0xff,
    0xf8, 0x00, 0x00, 0xd7, 0x33, 0xd5, 0x00, 0x33, 0x33, 0x36, 0xf4, 0x00, 0x00, 0xd5, 0x00, 0xd5,
    0x00, 0x00, 0x00, 0x0a, 0xb0, 0x00, 0x00, 0xd5, 0x00, 0xd5, 0x10, 0x00, 0x00, 0x4f, 0x30, 0x00,
    0x00, 0xd8, 0x68, 0xef, 0x90, 0x26, 0x01, 0xd9, 0x00, 0x00, 0x2f, 0xff, 0xca, 0xe7, 0x10, 0x3e,
    0xa9, 0xd1, 0x00, 0x00, 0x06, 0x30, 0x00, 0xd5, 0x00, 0x02, 0xdf, 0x50, 0x00, 0x00, 0x00, 0x00,
    0x00, 0xd5, 0x00, 0x00, 0x1c, 0xc1, 0x00, 0x00, 0x00, 0x00, 0x00, 0xd5, 0x00, 0x00, 0x01, 0xcc,
    0x00, 0x00, 0x00, 0x00, 0x00, 0x83, 0x00, 0x00, 0x00, 0x14, 0x00, 0x00, 0x00, 0x00, 0x00, 0x94,
    0x00, 0x00, 0x3a, 0x00, 0x00, 0x00, 0x00, 0x00, 0x00, 0xe6, 0x00, 0x00, 0x4f, 0x00, 0x00, 0x00,
    0x0b, 0xff, 0xff, 0xff, 0xff, 0xff, 0xff, 0xff, 0xff, 0xc0, 0x03, 0x33, 0x33, 0xe8, 0x33, 0x33,
    0x7f, 0x43, 0x33, 0x30, 0x00, 0x00, 0x00, 0xe6, 0x00, 0x00, 0x4f, 0x00, 0x00, 0x00, 0x00, 0x52,
    0x00, 0x41, 0x00, 0x00, 0x64, 0x11, 0x00, 0x00, 0x00, 0xad, 0x24, 0xe6, 0x00, 0x00, 0xc7, 0x8d,
    0x20, 0x00, 0x00, 0x0a, 0xde, 0x90, 0x00, 0x00, 0xc7, 0x0a, 0xe2, 0x00, 0x00, 0x18, 0xfc, 0x00,
    0x00, 0x00, 0xc7, 0x00, 0xba, 0x00, 0x04, 0xdd, 0x9f, 0x22, 0x33, 0x33, 0xd9, 0x33, 0x45, 0x30,
    0x0a, 0x71, 0x0e, 0x69, 0xff, 0xff, 0xff, 0xff, 0xff, 0xc0, 0x00, 0x00, 0x1d, 0x90, 0x00, 0x01,
    0xfb, 0x00, 0x00, 0x00, 0x00, 0x01, 0xbf, 0xb0, 0x00, 0x04, 0xff, 0x20, 0x00, 0x00, 0x00, 0x3c,
    0xa7, 0xc0, 0x00, 0x0a, 0xcb, 0x70, 0x00, 0x00, 0x09, 0xf8, 0x07, 0xb0, 0x00, 0x2f, 0x65, 0xe2,
    0x00, 0x00, 0x08, 0x40, 0x08, 0xa0, 0x00, 0xcc, 0x00, 0xba, 0x00, 0x00, 0x00, 0x00, 0x0a, 0x90,
    0x09, 0xe3, 0x00, 0x2e, 0x90, 0x00, 0x00, 0x00, 0x2e, 0x51, 0xbf, 0x40, 0x00, 0x04, 0xfb, 0x20,
    0x00, 0xaf, 0xfb, 0x0c, 0xd4, 0x00, 0x00, 0x00, 0x4d, 0xb0, 0x00, 0x13, 0x20, 0x02, 0x10, 0x00,
    0x00, 0x00, 0x01, 0x10, 0x00, 0x03, 0x80, 0x00, 0x00, 0x00, 0x05, 0x70, 0x00, 0x00, 0x00, 0x08,
    0xc0, 0x00, 0x00, 0x00, 0x08, 0xd0, 0x00, 0x00, 0x00, 0x0d, 0xff, 0xfe, 0x30, 0x00, 0x08, 0xd0,
    0x00, 0x00, 0x00, 0x3f, 0x32, 0x6e, 0x10, 0x00, 0x08, 0xd0, 0x00, 0x00, 0x00, 0xab, 0x00, 0xa9,
    0x00, 0x22, 0x29, 0xd2, 0x22, 0x10, 0x02, 0xf6, 0x11, 0xf4, 0x10, 0xcf, 0xff, 0xff, 0xff, 0x30,
    0x0c, 0xff, 0xff, 0xff, 0xf3, 0xc5, 0x06, 0xb0, 0x0e, 0x30, 0x1a, 0xe5, 0x0d, 0x30, 0xe3, 0xc5,
    0x06, 0xb0, 0x0e, 0x30, 0x00, 0xc5, 0x0d, 0x30, 0xe3, 0xc5, 0x06, 0xb0, 0x0e, 0x30, 0x00, 0xcf,
    0xff, 0xff, 0xf3, 0xc5, 0x06, 0xb0, 0x0e, 0x30, 0x00, 0xc5, 0x1d, 0x31, 0xe3, 0xc5, 0x06, 0xb0,
    0x0e, 0x30, 0x00, 0xd4, 0x0d, 0x30, 0xe3, 0xcf, 0xff, 0xff, 0xff, 0x30, 0x00, 0xe4, 0x0d, 0x30,
    0xe3, 0x23, 0x39, 0xd3, 0x33, 0x10, 0x00, 0xff, 0xff, 0xff, 0xf3, 0x00, 0x07, 0xc0, 0x61, 0x00,
    0x00, 0xf3, 0x1d, 0x41, 0xe3, 0x00, 0x07, 0xc0, 0xb8, 0x00, 0x02, 0xe0, 0x0d, 0x30, 0xe3, 0x00,
    0x07, 0xc0, 0x4e, 0x10, 0x06, 0xc0, 0x0d, 0x30, 0xe3, 0x00, 0x08, 0xd6, 0x8f, 0x60, 0x0a, 0x90,
    0x0d, 0x30, 0xe7, 0xcd, 0xff, 0xfe, 0xbc, 0xc0, 0x1f, 0x30, 0x0d, 0x6f, 0xd4, 0x97, 0x53, 0x10,
    0x02, 0xf2, 0x06, 0x00, 0x00, 0x02, 0x00, 0x00, 0x00, 0x00, 0x00, 0x61, 0x00, 0x02, 0x00, 0x00,
    0x00, 0x00, 0x00, 0x00, 0x00, 0x00, 0x00, 0x4f, 0x50, 0x00, 0x02, 0xff, 0xff, 0xff, 0x20, 0x00,
    0x00, 0x07, 0xf5, 0x00, 0x02, 0xf5, 0x44, 0x5f, 0x20, 0x00, 0x00, 0x00, 0x8f, 0x30, 0x02, 0xf2,
    0x00, 0x2f, 0x20, 0x00, 0x00, 0x00, 0x08, 0x00, 0x04, 0xf1, 0x00, 0x2f, 0x20, 0x00, 0x00, 0x00,
    0x00, 0x00, 0x08, 0xc0, 0x00, 0x2f, 0x20, 0x00, 0x00, 0x00, 0x00, 0x00, 0x3f, 0x60, 0x00, 0x2f,
    0x53, 0x30, 0x2f, 0xff, 0xf1, 0x06, 0xeb, 0x00, 0x00, 0x0b, 0xff, 0xe0, 0x04, 0x46, 0xf1, 0x1c,
    0x91, 0x00, 0x00, 0x00, 0x00, 0x00, 0x00, 0x03, 0xf1, 0x02, 0x44, 0x44, 0x44, 0x44, 0x42, 0x00,
    0x00, 0x03, 0xf1, 0x05, 0xff, 0xff, 0xff, 0xff, 0xfb, 0x00, 0x00, 0x03, 0xf1, 0x00, 0x4e, 0x10,
    0x00, 0x01, 0xe4, 0x00, 0x00, 0x03, 0xf1, 0x00, 0x0c, 0x90, 0x00, 0x09, 0xc0, 0x00, 0x00, 0x03,
    0xf1, 0x00, 0x04, 0xf4, 0x00, 0x4f, 0x50, 0x00, 0x00, 0x03, 0xf1, 0x02, 0x00, 0x8e, 0x33, 0xe7,
    0x00, 0x00, 0x00, 0x03, 0xf3, 0xcb, 0x00, 0x0a, 0xee, 0xa0, 0x00, 0x00, 0x00, 0x05, 0xfe, 0xb1,
    0x00, 0x19, 0xff, 0x81, 0x00, 0x00, 0x00, 0x0b, 0xf8, 0x00, 0x27, 0xed, 0x56, 0xee, 0x72, 0x00,
    0x00, 0x0c, 0x50, 0x0b, 0xfe, 0x81, 0x00, 0x19, 0xef, 0xb1, 0x00, 0x00, 0x00, 0x05, 0x40, 0x00,
    0x00, 0x00, 0x16, 0x60, 0x00, 0x01, 0x00, 0x00, 0x00, 0x00, 0x04, 0x70, 0x20, 0x00, 0x00, 0x4e,
    0x30, 0x00, 0x00, 0x00, 0x08, 0xd3, 0xe3, 0x00, 0x00, 0x09, 0xe3, 0x00, 0x00, 0x00, 0x07, 0xd0,
    0x7e, 0x10, 0x00, 0x00, 0xae, 0x10, 0x00, 0x00, 0x07, 0xd0, 0x0b, 0x70, 0x00, 0x00, 0x06, 0x04,
    0x44, 0x44, 0x49, 0xe4, 0x45, 0x41, 0x00, 0x00, 0x00, 0x1f, 0xff, 0xff, 0xff, 0xff, 0xff, 0xf2,
    0x00, 0x00, 0x00, 0x00, 0x00, 0x00, 0x05, 0xf0, 0x00, 0x00, 0x0f, 0xff, 0xf2, 0x00, 0x00, 0x00,
    0x04, 0xf1, 0x00, 0x00, 0x04, 0x46, 0xf2, 0x00, 0x00, 0x00, 0x03, 0xf2, 0x00, 0x00, 0x00, 0x02,
    0xf2, 0x07, 0xff, 0xff, 0xe2, 0xf3, 0x00, 0x00, 0x00, 0x02, 0xf2, 0x02, 0x47, 0xf4, 0x41, 0xf4,
    0x00, 0x00, 0x00, 0x02, 0xf2, 0x00, 0x04, 0xe0, 0x00, 0xe6, 0x00, 0x00, 0x00, 0x02, 0xf2, 0x00,
    0x04, 0xe0, 0x00, 0xc8, 0x00, 0x00, 0x00, 0x02, 0xf2, 0x00, 0x04, 0xe0, 0x00, 0xaa, 0x00, 0x00,
    0x00, 0x02, 0xf2, 0x01, 0x04, 0xe0, 0x00, 0x8d, 0x00, 0x30, 0x00, 0x02, 0xf3, 0x9a, 0x04, 0xe6,
    0xb6, 0x5f, 0x10, 0xd3, 0x00, 0x03, 0xfe, 0xd6, 0x7c, 0xff, 0xb4, 0x1f, 0x50, 0xf1, 0x00, 0x09,
    0xfb, 0x1a, 0xfb, 0x61, 0x00, 0x0b, 0xc4, 0xe0, 0x00, 0x0c, 0x70, 0x02, 0x10, 0x00, 0x00, 0x04,
    0xff, 0x90, 0x00, 0x01, 0x00, 0x00, 0x00, 0x00, 0x00, 0x00, 0x5a, 0x20, 0x00, 0x00, 0x00, 0x00,
    0x00, 0x00, 0x00, 0x00, 0x42, 0x00, 0x00, 0x96, 0x00, 0x00, 0x00, 0x13, 0x58, 0xbe, 0xfa, 0x00,
    0x00, 0x5f, 0x70, 0x06, 0xbd, 0xff, 0xfe, 0x96, 0x20, 0x00, 0x00, 0x06, 0xf6, 0x04, 0x86, 0x42,
    0x8c, 0x00, 0x00, 0x00, 0x00, 0x00, 0x86, 0x00, 0x00, 0x00, 0x8c, 0x00, 0x00, 0x00, 0x00, 0x00,
    0x00, 0x00, 0x00, 0x00, 0x8c, 0x00, 0x00, 0x00, 0x00, 0x00, 0x00, 0x00, 0x00, 0x00, 0x8c, 0x00,
    0x00, 0x00, 0x2f, 0xff, 0xf0, 0x0a, 0xff, 0xff, 0xff, 0xff, 0xff, 0xf2, 0x04, 0x47, 0xf0, 0x03,
    0x44, 0x44, 0xad, 0x44, 0x44, 0x41, 0x00, 0x04, 0xf0, 0x00, 0x00, 0x00, 0x8c, 0x00, 0x00, 0x00,
    0x00, 0x04, 0xf0, 0x00, 0x00, 0x00, 0x8c, 0x00, 0x00, 0x00, 0x00, 0x04, 0xf0, 0x00, 0x23, 0x33,
    0xad, 0x33, 0x33, 0x00, 0x00, 0x04, 0xf0, 0x00, 0xaf, 0xff, 0xff, 0xff, 0xfe, 0x00, 0x00, 0x04,
    0xf0, 0x00, 0xaa, 0x00, 0x00, 0x00, 0x7e, 0x00, 0x00, 0x04, 0xf0, 0x33, 0xaa, 0x00, 0x00, 0x00,
    0x7e, 0x00, 0x00, 0x04, 0xf5, 0xe7, 0xaa, 0x00, 0x00, 0x00, 0x7e, 0x00, 0x00, 0x06, 0xff, 0x80,
    0xaa, 0x00, 0x00, 0x00, 0x7e, 0x00, 0x00, 0x0b, 0xf6, 0x00, 0xab, 0x33, 0x33, 0x33, 0x9e, 0x00,
    0x00, 0x1d, 0x40, 0x00, 0xaf, 0xff, 0xff, 0xff, 0xfe, 0x00, 0x00, 0x01, 0x00, 0x00, 0x88, 0x00,
    0x00, 0x00, 0x49, 0x00, 0x00, 0x00, 0x00, 0x00, 0x00, 0x00, 0x77, 0x00, 0x00, 0x00, 0x00, 0x7b,
    0x10, 0x00, 0x00, 0x00, 0xaa, 0x00, 0x00, 0x00, 0x00, 0x2e, 0xc0, 0x05, 0xff, 0xff, 0xff, 0xff,
    0xff, 0x80, 0x00, 0x03, 0xe9, 0x00, 0x11, 0x11, 0xaa, 0x11, 0x11, 0x00, 0x00, 0x00, 0x6c, 0x00,
    0x00, 0x00, 0xaa, 0x00, 0x00, 0x00, 0x00, 0x00, 0x01, 0x00, 0xdf, 0xff, 0xff, 0xff, 0xfe, 0x00,
    0x00, 0x00, 0x00, 0x00, 0x00, 0x00, 0xaa, 0x00, 0x00, 0x00, 0x2f, 0xff, 0xf4, 0x0e, 0xff, 0xff,
    0xff, 0xff, 0xff, 0xf2, 0x14, 0x45, 0xf4, 0x01, 0x11, 0x11, 0x11, 0x11, 0x11, 0x10, 0x00, 0x00,
    0xf4, 0x00, 0x01, 0x11, 0x11, 0x11, 0x10, 0x00, 0x00, 0x00, 0xf4, 0x00, 0x7f, 0xff, 0xff, 0xff,
    0xf8, 0x00, 0x00, 0x00, 0xf4, 0x00, 0x7c, 0x00, 0x00, 0x00, 0xb8, 0x00, 0x00, 0x00, 0xf4, 0x00,
    0x7f, 0xff, 0xff, 0xff, 0xf8, 0x00, 0x00, 0x00, 0xf4, 0x00, 0x7c, 0x00, 0x00, 0x00, 0xc8, 0x00,
    0x00, 0x00, 0xf4, 0x36, 0x7c, 0x00, 0x00, 0x00, 0xb8, 0x00, 0x00, 0x00, 0xf9, 0xe9, 0x7f, 0xff,
    0xff, 0xff, 0xf8, 0x00, 0x00, 0x03, 0xff, 0x80, 0x7c, 0x00, 0x00, 0x00, 0xc8, 0x00, 0x00, 0x0a,
    0xf6, 0x00, 0x7c, 0x00, 0x00, 0x00, 0xc8, 0x00, 0x00, 0x09, 0x50, 0x00, 0x7c, 0x00, 0x04, 0xff,
    0xf4, 0x00, 0x00, 0x00, 0x00, 0x00, 0x23, 0x00, 0x00, 0x32, 0x10, 0x00, 0x00, 0x00, 0x00, 0x00,
    0x00, 0x00, 0x10, 0x00, 0x00, 0x00, 0x01, 0x33, 0x33, 0x33, 0x30, 0x00, 0xd7, 0x00, 0x00, 0x00,
    0x03, 0xff, 0xff, 0xff, 0xc0, 0x02, 0xf4, 0x00, 0x00, 0x00, 0x03, 0xe0, 0x00, 0x05, 0xc0, 0x06,
    0xe0, 0x00, 0x00, 0x00, 0x03, 0xe0, 0x4c, 0x05, 0xc0, 0x0a, 0xff, 0xff, 0xff, 0xd0, 0x03, 0xe0,
    0x4e, 0x05, 0xc0, 0x1e, 0x63, 0x33, 0xd8, 0x30, 0x03, 0xe0, 0x4e, 0x05, 0xc0, 0x6d, 0x00, 0x00,
    0xe4, 0x00, 0x03, 0xe0, 0x4e, 0x05, 0xc0, 0xdc, 0x00, 0x01, 0xf2, 0x00, 0x03, 0xe0, 0x4e, 0x05,
    0xc7, 0xff, 0x10, 0x04, 0xe0, 0x00, 0x03, 0xe0, 0x4e, 0x05, 0xc5, 0x7c, 0x60, 0x07, 0xb0, 0x00,
    0x03, 0xe0, 0x5d, 0x05, 0xc0, 0x07, 0xb0, 0x0b, 0x70, 0x00, 0x03, 0xe0, 0x5c, 0x05, 0xc0, 0x01,
    0xf3, 0x2f, 0x20, 0x00, 0x03, 0xe0, 0x7b, 0x05, 0xc0, 0x00, 0x9b, 0x7d, 0x00, 0x00, 0x03, 0xe0,
    0xa8, 0x05, 0xc0, 0x00, 0x2f, 0xe6, 0x00, 0x00, 0x00, 0x10, 0xe4, 0x20, 0x00, 0x00, 0x0a, 0xf1,
    0x00, 0x00, 0x00, 0x06, 0xd1, 0xe6, 0x00, 0x00, 0x3e, 0xeb, 0x00, 0x00, 0x00, 0x1e, 0x60, 0x5e,
    0x20, 0x01, 0xd9, 0x3e, 0x90, 0x00, 0x01, 0xbc, 0x00, 0x0a, 0xb0, 0x3d, 0xc0, 0x04, 0xfb, 0x10,
    0x1d, 0xd1, 0x00, 0x01, 0xc6, 0xfa, 0x10, 0x00, 0x3d, 0xe1, 0x05, 0x10, 0x00, 0x00, 0x01, 0x60,
    0x00, 0x00, 0x01, 0x50, 0x00, 0x01, 0x71, 0x00, 0x00, 0x00, 0x00, 0x00, 0x00, 0x00, 0x00, 0x03,
    0xf2, 0x00, 0x02, 0x33, 0x33, 0x33, 0x31, 0x00, 0x00, 0x06, 0xe0, 0x00, 0x08, 0xff, 0xff, 0xff,
    0xfc, 0x00, 0x0f, 0xff, 0xff, 0xff, 0x70, 0x00, 0x00, 0x05, 0xf4, 0x00, 0x04, 0x4d, 0x94, 0x44,
    0x20, 0x00, 0x00, 0x2e, 0xb0, 0x00, 0x00, 0x1f, 0x30, 0x00, 0x00, 0x00, 0x01, 0xcd, 0x10, 0x00,
    0x00, 0x5e, 0x1b, 0x20, 0x00, 0x00, 0x1c, 0xe3, 0x00, 0x00, 0x00, 0x99, 0x1f, 0x30, 0x00, 0x03,
    0xdf, 0xfa, 0x20, 0x00, 0x00, 0xe4, 0x1f, 0x30, 0x00, 0x7f, 0xc2, 0x4d, 0xf8, 0x00, 0x05, 0xf4,
    0x4f, 0x63, 0x5d, 0xf9, 0x10, 0x00, 0x7f, 0xc0, 0x0a, 0xff, 0xff, 0xff, 0x6a, 0x30, 0x00, 0x00,
    0x03, 0x60, 0x03, 0x20, 0x1f, 0x30, 0x01, 0x33, 0x33, 0x33, 0x33, 0x00, 0x00, 0x00, 0x1f, 0x30,
    0x06, 0xff, 0xff, 0xff, 0xff, 0x20, 0x00, 0x00, 0x1f, 0x32, 0x20, 0x00, 0x0c, 0x80, 0x00, 0x00,
    0x02, 0x57, 0xaf, 0xff, 0x60, 0x00, 0x0c, 0x80, 0x00, 0x00, 0x1f, 0xeb, 0x9f, 0x50, 0x00, 0x00,
    0x0c, 0x80, 0x00, 0x00, 0x01, 0x00, 0x1f, 0x30, 0x00, 0x00, 0x0c, 0x80, 0x00, 0x00, 0x00, 0x00,
    0x1f, 0x30, 0x24, 0x44, 0x4d, 0xa4, 0x44, 0x40, 0x00, 0x00, 0x1f, 0x30, 0x8f, 0xff, 0xff, 0xff,
    0xff, 0xf0, 0x00, 0x00, 0x07, 0x10, 0x00, 0x00, 0x00, 0x00, 0x00, 0x00, 0x00, 0x05, 0x40, 0x00,
    0x00, 0x00, 0x17, 0x10, 0x00, 0x00, 0x00, 0x0b, 0x80, 0x00, 0x00, 0x00, 0x9e, 0x10, 0x00, 0x00,
    0x00, 0x0d, 0x50, 0x00, 0x00, 0x07, 0xfd, 0xa0, 0x00, 0x00, 0x0f, 0xff, 0xff, 0xf5, 0x00, 0x6f,
    0x52, 0xdb, 0x10, 0x00, 0x04, 0x7e, 0x44, 0x41, 0x09, 0xf5, 0x00, 0x2d, 0xc4, 0x00, 0x00, 0x7b,
    0x00, 0x04, 0xdf, 0x72, 0x22, 0x23, 0xcf, 0xa2, 0x00, 0xa7, 0x66, 0x09, 0xa8, 0xff, 0xff, 0xff,
    0xd5, 0xb1, 0x00, 0xe3, 0x89, 0x00, 0x00, 0x00, 0x00, 0x00, 0x03, 0x10, 0x03, 0xe0, 0x89, 0x00,
    0xaf, 0xff, 0xf7, 0x38, 0x0b, 0x50, 0x08, 0xb3, 0xaa, 0x31, 0xa8, 0x22, 0xa7, 0x4c, 0x0b, 0x50,
    0x0c, 0xff, 0xff, 0xf4, 0xa7, 0x00, 0xa7, 0x4c, 0x0b, 0x50, 0x02, 0x00, 0x89, 0x00, 0xaf, 0xff,
    0xf7, 0x4c, 0x0b, 0x50, 0x00, 0x00, 0x89, 0x00, 0xa7, 0x11, 0xa7, 0x4c, 0x0b, 0x50, 0x00, 0x00,
    0x9c, 0x93, 0xa7, 0x00, 0xa7, 0x4c, 0x0b, 0x50, 0x06, 0x9d, 0xfe, 0x92, 0xaf, 0xff, 0xf7, 0x4c,
    0x0b, 0x50, 0x0d, 0xa7, 0xa9, 0x00, 0xa7, 0x11, 0xa7, 0x4b, 0x0b, 0x50, 0x00, 0x00, 0x89, 0x00,
    0xa7, 0x00, 0xa7, 0x00, 0x0b, 0x50, 0x00, 0x00, 0x89, 0x00, 0xa7, 0x00, 0xa7, 0x00, 0x0c, 0x50,
    0x00, 0x00, 0x89, 0x00, 0xa7, 0x1f, 0xf4, 0x0d, 0xfe, 0x20, 0x00, 0x00, 0x56, 0x00, 0x21, 0x02,
    0x10, 0x01, 0x10, 0x00, 0x00, 0x10, 0x00, 0x00, 0x00, 0x44, 0x00, 0x00, 0x00, 0x00, 0x01, 0xe6,
    0x00, 0x00, 0x00, 0xbb, 0x00, 0x00, 0x00, 0x00, 0x00, 0x7f, 0x30, 0x13, 0x33, 0xf8, 0x33, 0x33,
    0x33, 0x10, 0x00, 0x0b, 0xd1, 0x8f, 0xff, 0xff, 0xff, 0xff, 0xff, 0x60, 0x00, 0x01, 0xe6, 0x00,
    0x0c, 0x90, 0x00, 0x00, 0x00, 0x00, 0x00, 0x00, 0x10, 0x00, 0x4f, 0x20, 0x6a, 0x00, 0x00, 0x00,
    0x00, 0x00, 0x00, 0x00, 0xb9, 0x00, 0x8d, 0x00, 0x00, 0x00, 0x04, 0x44, 0x30, 0x06, 0xf6, 0x44,
    0xad, 0x44, 0x43, 0x00, 0x1f, 0xff, 0xd0, 0x0b, 0xff, 0xff, 0xff, 0xff, 0xfc, 0x00, 0x00, 0x06,
    0xd0, 0x02, 0x10, 0x00, 0x8d, 0x00, 0x00, 0x00, 0x00, 0x06, 0xd0, 0x00, 0x00, 0x00, 0x8d, 0x00,
    0x00, 0x00, 0x00, 0x06, 0xd0, 0x00, 0x00, 0x00, 0x8d, 0x00, 0x00, 0x00, 0x00, 0x06, 0xd0, 0xaf,
    0xff, 0xff, 0xff, 0xff, 0xff, 0xc0, 0x00, 0x06, 0xd0, 0x34, 0x44, 0x44, 0xad, 0x44, 0x44, 0x30,
    0x00, 0x06, 0xd0, 0x00, 0x00, 0x00, 0x8d, 0x00, 0x00, 0x00, 0x00, 0x08, 0xe0, 0x00, 0x00, 0x00,
    0x8d, 0x00, 0x00, 0x00, 0x00, 0xaf, 0xec, 0x20, 0x00, 0x00, 0x8d, 0x00, 0x00, 0x00, 0x09, 0xf4,
    0x1a, 0xfa, 0x52, 0x10, 0x46, 0x12, 0x23, 0x52, 0x2f, 0x70, 0x00, 0x5b, 0xff, 0xff, 0xff, 0xff,
    0xff, 0xf3, 0x04, 0x00, 0x00, 0x00, 0x13, 0x55, 0x55, 0x54, 0x43, 0x20, 0x00, 0x00, 0x00, 0x00,
    0x00, 0x00, 0x00, 0x00, 0x00, 0x00, 0x01, 0xd4, 0x00, 0x02, 0xff, 0xff, 0xff, 0xff, 0xf0, 0x00,
    0x00, 0x9e, 0x30, 0x02, 0xf5, 0x22, 0x22, 0x26, 0xf0, 0x00, 0x00, 0x0c, 0xc0, 0x02, 0xf3, 0x00,
    0x00, 0x04, 0xf0, 0x00, 0x00, 0x02, 0xe7, 0x02, 0xf4, 0x11, 0x11, 0x15, 0xf0, 0x00, 0x00, 0x00,
    0x52, 0x02, 0xff, 0xff, 0xff, 0xff, 0xf0, 0x00, 0x00, 0x00, 0x00, 0x02, 0xf3, 0x00, 0x00, 0x04,
    0xf0, 0x00, 0x00, 0x00, 0x00, 0x02, 0xf3, 0x00, 0x00, 0x04, 0xf0, 0x00, 0x0e, 0xff, 0xf2, 0x02,
    0xff, 0xff, 0xff, 0xff, 0xf0, 0x00, 0x04, 0x46, 0xf2, 0x02, 0xf5, 0x22, 0x22, 0x22, 0x4a, 0x20,
    0x00, 0x02, 0xf2, 0x02, 0xf3, 0x07, 0xb1, 0x03, 0xdb, 0x20, 0x00, 0x02, 0xf2, 0x02, 0xf3, 0x01,
    0xbd, 0x8e, 0x70, 0x00, 0x00, 0x02, 0xf2, 0x02, 0xf3, 0x00, 0x09, 0xf8, 0x00, 0x00, 0x00, 0x02,
    0xf2, 0x02, 0xf3, 0x15, 0x70, 0x7f, 0x60, 0x00, 0x00, 0x02, 0xf2, 0x07, 0xfd, 0xfd, 0x70, 0x06,
    0xf5, 0x00, 0x00, 0x02, 0xf2, 0x0b, 0xd8, 0x30, 0x00, 0x00, 0x7d, 0x00, 0x00, 0x5d, 0xfd, 0x41,
    0x00, 0x00, 0x00, 0x00, 0x01, 0x00, 0x07, 0xf7, 0x05, 0xed, 0x85, 0x43, 0x33, 0x44, 0x56, 0x71,
    0x0c, 0x60, 0x00, 0x15, 0xad, 0xef, 0xff, 0xee, 0xed, 0xc0, 0x01, 0x00, 0x00, 0x00, 0x00, 0x00,
    0x00, 0x00, 0x00, 0x00, 0x0c, 0xff, 0xff, 0xff, 0xff, 0x13, 0x44, 0x44, 0x44, 0x20, 0x02, 0x33,
    0xe4, 0xb7, 0x33, 0x0d, 0xff, 0xff, 0xff, 0x90, 0x00, 0x00, 0xd1, 0xa5, 0x00, 0x00, 0x00, 0x00,
    0x0b, 0x90, 0x00, 0x00, 0xd1, 0xa5, 0x00, 0x00, 0x00, 0x00, 0x0b, 0x90, 0x04, 0xff, 0xff, 0xff,
    0xfa, 0x00, 0x00, 0x00, 0x0b, 0x90, 0x04, 0xd3, 0xc4, 0xc4, 0x8a, 0x00, 0x00, 0x00, 0x0b, 0x90,
    0x04, 0xc0, 0xb1, 0xb1, 0x7a, 0x00, 0x00, 0x00, 0x0b, 0x90, 0x04, 0xc0, 0xc0, 0xb1, 0x7a, 0x0c,
    0xff, 0xff, 0xff, 0x90, 0x04, 0xc0, 0xc0, 0xb1, 0x7a, 0x0c, 0xa5, 0x55, 0x5c, 0x90, 0x04, 0xc3,
    0xa0, 0xb1, 0x7a, 0x0c, 0x80, 0x00, 0x0b, 0x90, 0x04, 0xdc, 0x30, 0x7c, 0xea, 0x0c, 0x80, 0x00,
    0x01, 0x10, 0x04, 0xc4, 0x00, 0x00, 0x7a, 0x0c, 0x80, 0x00, 0x00, 0x00, 0x04, 0xc0, 0x00, 0x00,
    0x7a, 0x0c, 0x80, 0x00, 0x00, 0x00, 0x04, 0xff, 0xff, 0xff, 0xfa, 0x0c, 0x80, 0x00, 0x00, 0x50,
    0x04, 0xc0, 0x00, 0x00, 0x7a, 0x0c, 0x80, 0x00, 0x00, 0xf4, 0x04, 0xc0, 0x00, 0x00, 0x7a, 0x0c,
    0x80, 0x00, 0x01, 0xf3, 0x04, 0xff, 0xff, 0xff, 0xfa, 0x0c, 0xa0, 0x00, 0x05, 0xf1, 0x04, 0xd2,
    0x22, 0x22, 0x8a, 0x07, 0xff, 0xff, 0xff, 0x90, 0x02, 0x70, 0x00, 0x00, 0x23, 0x00, 0x24, 0x44,
    0x43, 0x00, 0x00, 0x00, 0x00, 0x00, 0x00, 0x00, 0x00, 0x14, 0x10, 0x00, 0x00, 0x02, 0x34, 0x55,
    0x67, 0x8a, 0xce, 0xff, 0x90, 0x00, 0x00, 0x3f, 0xee, 0xdd, 0xde, 0xd8, 0x75, 0x41, 0x00, 0x00,
    0x00, 0x00, 0x00, 0x00, 0x0b, 0x90, 0x00, 0x00, 0x00, 0x00, 0x0c, 0xff, 0xff, 0xff, 0xff, 0xff,
    0xff, 0xff, 0xff, 0xd0, 0x02, 0x22, 0x22, 0x22, 0x2c, 0xa2, 0x22, 0x22, 0x22, 0x20, 0x00, 0x00,
    0x00, 0x00, 0x0b, 0x90, 0x00, 0x00, 0x00, 0x00, 0x00, 0x0c, 0xff, 0xff, 0xff, 0xff, 0xff, 0xff,
    0xe0, 0x00, 0x00, 0x0c, 0x70, 0x00, 0x0b, 0x90, 0x00, 0x06, 0xe0, 0x00, 0x00, 0x0c, 0xfe, 0xee,
    0xef, 0xfe, 0xee, 0xee, 0xe0, 0x00, 0x00, 0x0c, 0x70, 0x00, 0x0b, 0x90, 0x00, 0x06, 0xe0, 0x00,
    0x00, 0x0c, 0x70, 0x00, 0x0b, 0x90, 0x00, 0x06, 0xe0, 0x00, 0x00, 0x0c, 0xff, 0xff, 0xff, 0xff,
    0xff, 0xff, 0xe0, 0x00, 0x00, 0x00, 0x00, 0x00, 0x0b, 0x90, 0x00, 0x00, 0x00, 0x00, 0x00, 0x11,
    0x11, 0x11, 0x1c, 0x91, 0x11, 0x11, 0x11, 0x00, 0x00, 0x7f, 0xff, 0xff, 0xff, 0xff, 0xff, 0xff,
    0xfb, 0x00, 0x00, 0x00, 0x00, 0x00, 0x0b, 0x90, 0x00, 0x00, 0x00, 0x00, 0x01, 0x22, 0x22, 0x22,
    0x2c, 0xa2, 0x22, 0x22, 0x22, 0x20, 0x0e, 0xff, 0xff, 0xff, 0xff, 0xff, 0xff, 0xff, 0xff, 0xe0,
};

static const lv_font_fmt_txt_glyph_dsc_t glyph_dsc[] = {
    /* Glyph ID 0 is reserved. */
    {0},
    /* U+0020 */
    {.bitmap_index = 0, .adv_w = 71, .box_w = 0, .box_h = 0, .ofs_x = 0, .ofs_y = 0},
    /* U+0021 */
    {.bitmap_index = 0, .adv_w = 100, .box_w = 6, .box_h = 16, .ofs_x = 0, .ofs_y = 0},
    /* U+0022 */
    {.bitmap_index = 48, .adv_w = 146, .box_w = 9, .box_h = 16, .ofs_x = 0, .ofs_y = 0},
    /* U+0023 */
    {.bitmap_index = 120, .adv_w = 176, .box_w = 11, .box_h = 15, .ofs_x = 0, .ofs_y = 0},
    /* U+0024 */
    {.bitmap_index = 203, .adv_w = 176, .box_w = 11, .box_h = 19, .ofs_x = 0, .ofs_y = -2},
    /* U+0025 */
    {.bitmap_index = 308, .adv_w = 292, .box_w = 18, .box_h = 15, .ofs_x = 0, .ofs_y = 0},
    /* U+0026 */
    {.bitmap_index = 443, .adv_w = 214, .box_w = 14, .box_h = 15, .ofs_x = 0, .ofs_y = 0},
    /* U+0027 */
    {.bitmap_index = 548, .adv_w = 86, .box_w = 5, .box_h = 16, .ofs_x = 0, .ofs_y = 0},
    /* U+0028 */
    {.bitmap_index = 588, .adv_w = 106, .box_w = 7, .box_h = 21, .ofs_x = 0, .ofs_y = -4},
    /* U+0029 */
    {.bitmap_index = 662, .adv_w = 106, .box_w = 7, .box_h = 21, .ofs_x = 0, .ofs_y = -4},
    /* U+002A */
    {.bitmap_index = 736, .adv_w = 147, .box_w = 9, .box_h = 16, .ofs_x = 0, .ofs_y = 0},
    /* U+002B */
    {.bitmap_index = 808, .adv_w = 176, .box_w = 11, .box_h = 13, .ofs_x = 0, .ofs_y = 0},
    /* U+002C */
    {.bitmap_index = 880, .adv_w = 86, .box_w = 5, .box_h = 7, .ofs_x = 0, .ofs_y = -4},
    /* U+002D */
    {.bitmap_index = 898, .adv_w = 110, .box_w = 7, .box_h = 7, .ofs_x = 0, .ofs_y = 0},
    /* U+002E */
    {.bitmap_index = 923, .adv_w = 86, .box_w = 5, .box_h = 3, .ofs_x = 0, .ofs_y = 0},
    /* U+002F */
    {.bitmap_index = 931, .adv_w = 126, .box_w = 8, .box_h = 20, .ofs_x = 0, .ofs_y = -4},
    /* U+0030 */
    {.bitmap_index = 1011, .adv_w = 176, .box_w = 11, .box_h = 15, .ofs_x = 0, .ofs_y = 0},
    /* U+0031 */
    {.bitmap_index = 1094, .adv_w = 176, .box_w = 11, .box_h = 15, .ofs_x = 0, .ofs_y = 0},
    /* U+0032 */
    {.bitmap_index = 1177, .adv_w = 176, .box_w = 11, .box_h = 15, .ofs_x = 0, .ofs_y = 0},
    /* U+0033 */
    {.bitmap_index = 1260, .adv_w = 176, .box_w = 11, .box_h = 15, .ofs_x = 0, .ofs_y = 0},
    /* U+0034 */
    {.bitmap_index = 1343, .adv_w = 176, .box_w = 11, .box_h = 15, .ofs_x = 0, .ofs_y = 0},
    /* U+0035 */
    {.bitmap_index = 1426, .adv_w = 176, .box_w = 11, .box_h = 15, .ofs_x = 0, .ofs_y = 0},
    /* U+0036 */
    {.bitmap_index = 1509, .adv_w = 176, .box_w = 11, .box_h = 15, .ofs_x = 0, .ofs_y = 0},
    /* U+0037 */
    {.bitmap_index = 1592, .adv_w = 176, .box_w = 11, .box_h = 15, .ofs_x = 0, .ofs_y = 0},
    /* U+0038 */
    {.bitmap_index = 1675, .adv_w = 176, .box_w = 11, .box_h = 15, .ofs_x = 0, .ofs_y = 0},
    /* U+0039 */
    {.bitmap_index = 1758, .adv_w = 176, .box_w = 11, .box_h = 15, .ofs_x = 0, .ofs_y = 0},
    /* U+003A */
    {.bitmap_index = 1841, .adv_w = 86, .box_w = 5, .box_h = 11, .ofs_x = 0, .ofs_y = 0},
    /* U+003B */
    {.bitmap_index = 1869, .adv_w = 86, .box_w = 5, .box_h = 15, .ofs_x = 0, .ofs_y = -4},
    /* U+003C */
    {.bitmap_index = 1907, .adv_w = 176, .box_w = 11, .box_h = 12, .ofs_x = 0, .ofs_y = 0},
    /* U+003D */
    {.bitmap_index = 1973, .adv_w = 176, .box_w = 11, .box_h = 11, .ofs_x = 0, .ofs_y = 0},
    /* U+003E */
    {.bitmap_index = 2034, .adv_w = 176, .box_w = 11, .box_h = 12, .ofs_x = 0, .ofs_y = 0},
    /* U+003F */
    {.bitmap_index = 2100, .adv_w = 150, .box_w = 9, .box_h = 16, .ofs_x = 0, .ofs_y = 0},
    /* U+0040 */
    {.bitmap_index = 2172, .adv_w = 299, .box_w = 19, .box_h = 19, .ofs_x = 0, .ofs_y = -4},
    /* U+0041 */
    {.bitmap_index = 2353, .adv_w = 193, .box_w = 12, .box_h = 15, .ofs_x = 0, .ofs_y = 0},
    /* U+0042 */
    {.bitmap_index = 2443, .adv_w = 209, .box_w = 13, .box_h = 15, .ofs_x = 0, .ofs_y = 0},
    /* U+0043 */
    {.bitmap_index = 2541, .adv_w = 203, .box_w = 13, .box_h = 15, .ofs_x = 0, .ofs_y = 0},
    /* U+0044 */
    {.bitmap_index = 2639, .adv_w = 218, .box_w = 14, .box_h = 15, .ofs_x = 0, .ofs_y = 0},
    /* U+0045 */
    {.bitmap_index = 2744, .adv_w = 187, .box_w = 12, .box_h = 15, .ofs_x = 0, .ofs_y = 0},
    /* U+0046 */
    {.bitmap_index = 2834, .adv_w = 175, .box_w = 11, .box_h = 15, .ofs_x = 0, .ofs_y = 0},
    /* U+0047 */
    {.bitmap_index = 2917, .adv_w = 219, .box_w = 14, .box_h = 15, .ofs_x = 0, .ofs_y = 0},
    /* U+0048 */
    {.bitmap_index = 3022, .adv_w = 231, .box_w = 14, .box_h = 15, .ofs_x = 0, .ofs_y = 0},
    /* U+0049 */
    {.bitmap_index = 3127, .adv_w = 92, .box_w = 6, .box_h = 15, .ofs_x = 0, .ofs_y = 0},
    /* U+004A */
    {.bitmap_index = 3172, .adv_w = 170, .box_w = 11, .box_h = 15, .ofs_x = 0, .ofs_y = 0},
    /* U+004B */
    {.bitmap_index = 3255, .adv_w = 204, .box_w = 13, .box_h = 15, .ofs_x = 0, .ofs_y = 0},
    /* U+004C */
    {.bitmap_index = 3353, .adv_w = 172, .box_w = 11, .box_h = 15, .ofs_x = 0, .ofs_y = 0},
    /* U+004D */
    {.bitmap_index = 3436, .adv_w = 257, .box_w = 16, .box_h = 15, .ofs_x = 0, .ofs_y = 0},
    /* U+004E */
    {.bitmap_index = 3556, .adv_w = 230, .box_w = 14, .box_h = 15, .ofs_x = 0, .ofs_y = 0},
    /* U+004F */
    {.bitmap_index = 3661, .adv_w = 236, .box_w = 15, .box_h = 15, .ofs_x = 0, .ofs_y = 0},
    /* U+0050 */
    {.bitmap_index = 3774, .adv_w = 200, .box_w = 13, .box_h = 15, .ofs_x = 0, .ofs_y = 0},
    /* U+0051 */
    {.bitmap_index = 3872, .adv_w = 236, .box_w = 15, .box_h = 19, .ofs_x = 0, .ofs_y = -4},
    /* U+0052 */
    {.bitmap_index = 4015, .adv_w = 201, .box_w = 13, .box_h = 15, .ofs_x = 0, .ofs_y = 0},
    /* U+0053 */
    {.bitmap_index = 4113, .adv_w = 189, .box_w = 12, .box_h = 15, .ofs_x = 0, .ofs_y = 0},
    /* U+0054 */
    {.bitmap_index = 4203, .adv_w = 190, .box_w = 12, .box_h = 15, .ofs_x = 0, .ofs_y = 0},
    /* U+0055 */
    {.bitmap_index = 4293, .adv_w = 229, .box_w = 14, .box_h = 15, .ofs_x = 0, .ofs_y = 0},
    /* U+0056 */
    {.bitmap_index = 4398, .adv_w = 182, .box_w = 12, .box_h = 15, .ofs_x = 0, .ofs_y = 0},
    /* U+0057 */
    {.bitmap_index = 4488, .adv_w = 279, .box_w = 17, .box_h = 15, .ofs_x = 0, .ofs_y = 0},
    /* U+0058 */
    {.bitmap_index = 4616, .adv_w = 180, .box_w = 11, .box_h = 15, .ofs_x = 0, .ofs_y = 0},
    /* U+0059 */
    {.bitmap_index = 4699, .adv_w = 167, .box_w = 11, .box_h = 15, .ofs_x = 0, .ofs_y = 0},
    /* U+005A */
    {.bitmap_index = 4782, .adv_w = 192, .box_w = 12, .box_h = 15, .ofs_x = 0, .ofs_y = 0},
    /* U+005B */
    {.bitmap_index = 4872, .adv_w = 106, .box_w = 7, .box_h = 19, .ofs_x = 0, .ofs_y = -3},
    /* U+005C */
    {.bitmap_index = 4939, .adv_w = 126, .box_w = 8, .box_h = 20, .ofs_x = 0, .ofs_y = -4},
    /* U+005D */
    {.bitmap_index = 5019, .adv_w = 106, .box_w = 7, .box_h = 19, .ofs_x = 0, .ofs_y = -3},
    /* U+005E */
    {.bitmap_index = 5086, .adv_w = 176, .box_w = 11, .box_h = 15, .ofs_x = 0, .ofs_y = 0},
    /* U+005F */
    {.bitmap_index = 5169, .adv_w = 178, .box_w = 11, .box_h = 3, .ofs_x = 0, .ofs_y = -3},
    /* U+0060 */
    {.bitmap_index = 5186, .adv_w = 193, .box_w = 12, .box_h = 18, .ofs_x = 0, .ofs_y = 0},
    /* U+0061 */
    {.bitmap_index = 5294, .adv_w = 178, .box_w = 11, .box_h = 11, .ofs_x = 0, .ofs_y = 0},
    /* U+0062 */
    {.bitmap_index = 5355, .adv_w = 196, .box_w = 12, .box_h = 16, .ofs_x = 0, .ofs_y = 0},
    /* U+0063 */
    {.bitmap_index = 5451, .adv_w = 162, .box_w = 10, .box_h = 11, .ofs_x = 0, .ofs_y = 0},
    /* U+0064 */
    {.bitmap_index = 5506, .adv_w = 197, .box_w = 12, .box_h = 16, .ofs_x = 0, .ofs_y = 0},
    /* U+0065 */
    {.bitmap_index = 5602, .adv_w = 176, .box_w = 11, .box_h = 11, .ofs_x = 0, .ofs_y = 0},
    /* U+0066 */
    {.bitmap_index = 5663, .adv_w = 102, .box_w = 7, .box_h = 17, .ofs_x = 0, .ofs_y = 0},
    /* U+0067 */
    {.bitmap_index = 5723, .adv_w = 178, .box_w = 11, .box_h = 16, .ofs_x = 0, .ofs_y = -5},
    /* U+0068 */
    {.bitmap_index = 5811, .adv_w = 193, .box_w = 12, .box_h = 16, .ofs_x = 0, .ofs_y = 0},
    /* U+0069 */
    {.bitmap_index = 5907, .adv_w = 86, .box_w = 5, .box_h = 16, .ofs_x = 0, .ofs_y = 0},
    /* U+006A */
    {.bitmap_index = 5947, .adv_w = 86, .box_w = 6, .box_h = 21, .ofs_x = -1, .ofs_y = -5},
    /* U+006B */
    {.bitmap_index = 6010, .adv_w = 174, .box_w = 11, .box_h = 17, .ofs_x = 0, .ofs_y = 0},
    /* U+006C */
    {.bitmap_index = 6104, .adv_w = 89, .box_w = 6, .box_h = 17, .ofs_x = 0, .ofs_y = 0},
    /* U+006D */
    {.bitmap_index = 6155, .adv_w = 294, .box_w = 18, .box_h = 11, .ofs_x = 0, .ofs_y = 0},
    /* U+006E */
    {.bitmap_index = 6254, .adv_w = 194, .box_w = 12, .box_h = 11, .ofs_x = 0, .ofs_y = 0},
    /* U+006F */
    {.bitmap_index = 6320, .adv_w = 193, .box_w = 12, .box_h = 11, .ofs_x = 0, .ofs_y = 0},
    /* U+0070 */
    {.bitmap_index = 6386, .adv_w = 197, .box_w = 12, .box_h = 16, .ofs_x = 0, .ofs_y = -5},
    /* U+0071 */
    {.bitmap_index = 6482, .adv_w = 197, .box_w = 12, .box_h = 16, .ofs_x = 0, .ofs_y = -5},
    /* U+0072 */
    {.bitmap_index = 6578, .adv_w = 121, .box_w = 8, .box_h = 11, .ofs_x = 0, .ofs_y = 0},
    /* U+0073 */
    {.bitmap_index = 6622, .adv_w = 148, .box_w = 9, .box_h = 11, .ofs_x = 0, .ofs_y = 0},
    /* U+0074 */
    {.bitmap_index = 6672, .adv_w = 118, .box_w = 8, .box_h = 15, .ofs_x = 0, .ofs_y = 0},
    /* U+0075 */
    {.bitmap_index = 6732, .adv_w = 193, .box_w = 12, .box_h = 11, .ofs_x = 0, .ofs_y = 0},
    /* U+0076 */
    {.bitmap_index = 6798, .adv_w = 164, .box_w = 10, .box_h = 11, .ofs_x = 0, .ofs_y = 0},
    /* U+0077 */
    {.bitmap_index = 6853, .adv_w = 254, .box_w = 16, .box_h = 11, .ofs_x = 0, .ofs_y = 0},
    /* U+0078 */
    {.bitmap_index = 6941, .adv_w = 156, .box_w = 10, .box_h = 11, .ofs_x = 0, .ofs_y = 0},
    /* U+0079 */
    {.bitmap_index = 6996, .adv_w = 164, .box_w = 10, .box_h = 16, .ofs_x = 0, .ofs_y = -5},
    /* U+007A */
    {.bitmap_index = 7076, .adv_w = 150, .box_w = 9, .box_h = 11, .ofs_x = 0, .ofs_y = 0},
    /* U+007B */
    {.bitmap_index = 7126, .adv_w = 106, .box_w = 7, .box_h = 19, .ofs_x = 0, .ofs_y = -3},
    /* U+007C */
    {.bitmap_index = 7193, .adv_w = 85, .box_w = 5, .box_h = 23, .ofs_x = 0, .ofs_y = -6},
    /* U+007D */
    {.bitmap_index = 7251, .adv_w = 106, .box_w = 7, .box_h = 19, .ofs_x = 0, .ofs_y = -3},
    /* U+007E */
    {.bitmap_index = 7318, .adv_w = 176, .box_w = 11, .box_h = 9, .ofs_x = 0, .ofs_y = 0},
    /* U+4E2D */
    {.bitmap_index = 7368, .adv_w = 320, .box_w = 20, .box_h = 20, .ofs_x = 0, .ofs_y = -2},
    /* U+5165 */
    {.bitmap_index = 7568, .adv_w = 320, .box_w = 20, .box_h = 18, .ofs_x = 0, .ofs_y = -1},
    /* U+518C */
    {.bitmap_index = 7748, .adv_w = 320, .box_w = 20, .box_h = 19, .ofs_x = 0, .ofs_y = -2},
    /* U+51C6 */
    {.bitmap_index = 7938, .adv_w = 320, .box_w = 20, .box_h = 20, .ofs_x = 0, .ofs_y = -2},
    /* U+51FA */
    {.bitmap_index = 8138, .adv_w = 320, .box_w = 20, .box_h = 20, .ofs_x = 0, .ofs_y = -2},
    /* U+521D */
    {.bitmap_index = 8338, .adv_w = 320, .box_w = 20, .box_h = 20, .ofs_x = 0, .ofs_y = -2},
    /* U+529F */
    {.bitmap_index = 8538, .adv_w = 320, .box_w = 20, .box_h = 20, .ofs_x = 0, .ofs_y = -2},
    /* U+52A1 */
    {.bitmap_index = 8738, .adv_w = 320, .box_w = 20, .box_h = 20, .ofs_x = 0, .ofs_y = -2},
    /* U+52A8 */
    {.bitmap_index = 8938, .adv_w = 320, .box_w = 20, .box_h = 20, .ofs_x = 0, .ofs_y = -2},
    /* U+5316 */
    {.bitmap_index = 9138, .adv_w = 320, .box_w = 20, .box_h = 20, .ofs_x = 0, .ofs_y = -2},
    /* U+53D6 */
    {.bitmap_index = 9338, .adv_w = 320, .box_w = 20, .box_h = 19, .ofs_x = 0, .ofs_y = -2},
    /* U+540E */
    {.bitmap_index = 9528, .adv_w = 320, .box_w = 20, .box_h = 20, .ofs_x = 0, .ofs_y = -2},
    /* U+542C */
    {.bitmap_index = 9728, .adv_w = 320, .box_w = 20, .box_h = 20, .ofs_x = 0, .ofs_y = -2},
    /* U+542F */
    {.bitmap_index = 9928, .adv_w = 320, .box_w = 20, .box_h = 20, .ofs_x = 0, .ofs_y = -2},
    /* U+56DE */
    {.bitmap_index = 10128, .adv_w = 320, .box_w = 20, .box_h = 19, .ofs_x = 0, .ofs_y = -2},
    /* U+5728 */
    {.bitmap_index = 10318, .adv_w = 320, .box_w = 20, .box_h = 20, .ofs_x = 0, .ofs_y = -2},
    /* U+58F0 */
    {.bitmap_index = 10518, .adv_w = 320, .box_w = 20, .box_h = 20, .ofs_x = 0, .ofs_y = -2},
    /* U+5907 */
    {.bitmap_index = 10718, .adv_w = 320, .box_w = 20, .box_h = 20, .ofs_x = 0, .ofs_y = -2},
    /* U+590D */
    {.bitmap_index = 10918, .adv_w = 320, .box_w = 20, .box_h = 20, .ofs_x = 0, .ofs_y = -2},
    /* U+5931 */
    {.bitmap_index = 11118, .adv_w = 320, .box_w = 20, .box_h = 20, .ofs_x = 0, .ofs_y = -2},
    /* U+59CB */
    {.bitmap_index = 11318, .adv_w = 320, .box_w = 20, .box_h = 20, .ofs_x = 0, .ofs_y = -2},
    /* U+5BF9 */
    {.bitmap_index = 11518, .adv_w = 320, .box_w = 20, .box_h = 20, .ofs_x = 0, .ofs_y = -2},
    /* U+5C31 */
    {.bitmap_index = 11718, .adv_w = 320, .box_w = 20, .box_h = 20, .ofs_x = 0, .ofs_y = -2},
    /* U+5DF2 */
    {.bitmap_index = 11918, .adv_w = 320, .box_w = 20, .box_h = 18, .ofs_x = 0, .ofs_y = -1},
    /* U+5E38 */
    {.bitmap_index = 12098, .adv_w = 320, .box_w = 20, .box_h = 20, .ofs_x = 0, .ofs_y = -2},
    /* U+5E94 */
    {.bitmap_index = 12298, .adv_w = 320, .box_w = 20, .box_h = 20, .ofs_x = 0, .ofs_y = -2},
    /* U+5F00 */
    {.bitmap_index = 12498, .adv_w = 320, .box_w = 20, .box_h = 19, .ofs_x = 0, .ofs_y = -2},
    /* U+5F02 */
    {.bitmap_index = 12688, .adv_w = 320, .box_w = 20, .box_h = 19, .ofs_x = 0, .ofs_y = -2},
    /* U+5F85 */
    {.bitmap_index = 12878, .adv_w = 320, .box_w = 20, .box_h = 20, .ofs_x = 0, .ofs_y = -2},
    /* U+601D */
    {.bitmap_index = 13078, .adv_w = 320, .box_w = 20, .box_h = 19, .ofs_x = 0, .ofs_y = -2},
    /* U+6062 */
    {.bitmap_index = 13268, .adv_w = 320, .box_w = 20, .box_h = 20, .ofs_x = 0, .ofs_y = -2},
    /* U+6210 */
    {.bitmap_index = 13468, .adv_w = 320, .box_w = 20, .box_h = 20, .ofs_x = 0, .ofs_y = -2},
    /* U+63A5 */
    {.bitmap_index = 13668, .adv_w = 320, .box_w = 20, .box_h = 20, .ofs_x = 0, .ofs_y = -2},
    /* U+65AD */
    {.bitmap_index = 13868, .adv_w = 320, .box_w = 20, .box_h = 20, .ofs_x = 0, .ofs_y = -2},
    /* U+65B0 */
    {.bitmap_index = 14068, .adv_w = 320, .box_w = 20, .box_h = 20, .ofs_x = 0, .ofs_y = -2},
    /* U+670D */
    {.bitmap_index = 14268, .adv_w = 320, .box_w = 20, .box_h = 19, .ofs_x = 0, .ofs_y = -2},
    /* U+675F */
    {.bitmap_index = 14458, .adv_w = 320, .box_w = 20, .box_h = 20, .ofs_x = 0, .ofs_y = -2},
    /* U+6B63 */
    {.bitmap_index = 14658, .adv_w = 320, .box_w = 20, .box_h = 17, .ofs_x = 0, .ofs_y = -1},
    /* U+6CE8 */
    {.bitmap_index = 14828, .adv_w = 320, .box_w = 20, .box_h = 20, .ofs_x = 0, .ofs_y = -2},
    /* U+70B9 */
    {.bitmap_index = 15028, .adv_w = 320, .box_w = 20, .box_h = 20, .ofs_x = 0, .ofs_y = -2},
    /* U+70ED */
    {.bitmap_index = 15228, .adv_w = 320, .box_w = 20, .box_h = 20, .ofs_x = 0, .ofs_y = -2},
    /* U+7528 */
    {.bitmap_index = 15428, .adv_w = 320, .box_w = 20, .box_h = 18, .ofs_x = 0, .ofs_y = -2},
    /* U+7801 */
    {.bitmap_index = 15608, .adv_w = 320, .box_w = 20, .box_h = 19, .ofs_x = 0, .ofs_y = -2},
    /* U+79BB */
    {.bitmap_index = 15798, .adv_w = 320, .box_w = 20, .box_h = 20, .ofs_x = 0, .ofs_y = -2},
    /* U+7B49 */
    {.bitmap_index = 15998, .adv_w = 320, .box_w = 20, .box_h = 20, .ofs_x = 0, .ofs_y = -2},
    /* U+7EB9 */
    {.bitmap_index = 16198, .adv_w = 320, .box_w = 20, .box_h = 20, .ofs_x = 0, .ofs_y = -2},
    /* U+7EBF */
    {.bitmap_index = 16398, .adv_w = 320, .box_w = 20, .box_h = 20, .ofs_x = 0, .ofs_y = -2},
    /* U+7ED3 */
    {.bitmap_index = 16598, .adv_w = 320, .box_w = 20, .box_h = 20, .ofs_x = 0, .ofs_y = -2},
    /* U+7EDC */
    {.bitmap_index = 16798, .adv_w = 320, .box_w = 20, .box_h = 20, .ofs_x = 0, .ofs_y = -2},
    /* U+7EEA */
    {.bitmap_index = 16998, .adv_w = 320, .box_w = 20, .box_h = 20, .ofs_x = 0, .ofs_y = -2},
    /* U+7F51 */
    {.bitmap_index = 17198, .adv_w = 320, .box_w = 20, .box_h = 19, .ofs_x = 0, .ofs_y = -2},
    /* U+8003 */
    {.bitmap_index = 17388, .adv_w = 320, .box_w = 20, .box_h = 20, .ofs_x = 0, .ofs_y = -2},
    /* U+8046 */
    {.bitmap_index = 17588, .adv_w = 320, .box_w = 20, .box_h = 20, .ofs_x = 0, .ofs_y = -2},
    /* U+83B7 */
    {.bitmap_index = 17788, .adv_w = 320, .box_w = 20, .box_h = 20, .ofs_x = 0, .ofs_y = -2},
    /* U+89E6 */
    {.bitmap_index = 17988, .adv_w = 320, .box_w = 20, .box_h = 20, .ofs_x = 0, .ofs_y = -2},
    /* U+8BBE */
    {.bitmap_index = 18188, .adv_w = 320, .box_w = 20, .box_h = 20, .ofs_x = 0, .ofs_y = -2},
    /* U+8BD5 */
    {.bitmap_index = 18388, .adv_w = 320, .box_w = 20, .box_h = 20, .ofs_x = 0, .ofs_y = -2},
    /* U+8BDD */
    {.bitmap_index = 18588, .adv_w = 320, .box_w = 20, .box_h = 20, .ofs_x = 0, .ofs_y = -2},
    /* U+8BF7 */
    {.bitmap_index = 18788, .adv_w = 320, .box_w = 20, .box_h = 20, .ofs_x = 0, .ofs_y = -2},
    /* U+8D25 */
    {.bitmap_index = 18988, .adv_w = 320, .box_w = 20, .box_h = 20, .ofs_x = 0, .ofs_y = -2},
    /* U+8F7B */
    {.bitmap_index = 19188, .adv_w = 320, .box_w = 20, .box_h = 20, .ofs_x = 0, .ofs_y = -2},
    /* U+8F93 */
    {.bitmap_index = 19388, .adv_w = 320, .box_w = 20, .box_h = 20, .ofs_x = 0, .ofs_y = -2},
    /* U+8FDE */
    {.bitmap_index = 19588, .adv_w = 320, .box_w = 20, .box_h = 20, .ofs_x = 0, .ofs_y = -2},
    /* U+9000 */
    {.bitmap_index = 19788, .adv_w = 320, .box_w = 20, .box_h = 20, .ofs_x = 0, .ofs_y = -2},
    /* U+914D */
    {.bitmap_index = 19988, .adv_w = 320, .box_w = 20, .box_h = 19, .ofs_x = 0, .ofs_y = -2},
    /* U+91CD */
    {.bitmap_index = 20178, .adv_w = 320, .box_w = 20, .box_h = 19, .ofs_x = 0, .ofs_y = -1},
};

static const uint16_t unicode_list[] = {
    0x0000, 0x0001, 0x0002, 0x0003, 0x0004, 0x0005, 0x0006, 0x0007, 0x0008, 0x0009, 0x000a, 0x000b,
    0x000c, 0x000d, 0x000e, 0x000f, 0x0010, 0x0011, 0x0012, 0x0013, 0x0014, 0x0015, 0x0016, 0x0017,
    0x0018, 0x0019, 0x001a, 0x001b, 0x001c, 0x001d, 0x001e, 0x001f, 0x0020, 0x0021, 0x0022, 0x0023,
    0x0024, 0x0025, 0x0026, 0x0027, 0x0028, 0x0029, 0x002a, 0x002b, 0x002c, 0x002d, 0x002e, 0x002f,
    0x0030, 0x0031, 0x0032, 0x0033, 0x0034, 0x0035, 0x0036, 0x0037, 0x0038, 0x0039, 0x003a, 0x003b,
    0x003c, 0x003d, 0x003e, 0x003f, 0x0040, 0x0041, 0x0042, 0x0043, 0x0044, 0x0045, 0x0046, 0x0047,
    0x0048, 0x0049, 0x004a, 0x004b, 0x004c, 0x004d, 0x004e, 0x004f, 0x0050, 0x0051, 0x0052, 0x0053,
    0x0054, 0x0055, 0x0056, 0x0057, 0x0058, 0x0059, 0x005a, 0x005b, 0x005c, 0x005d, 0x005e, 0x4e0d,
    0x5145, 0x516c, 0x51a6, 0x51da, 0x51fd, 0x527f, 0x5281, 0x5288, 0x52f6, 0x53b6, 0x53ee, 0x540c,
    0x540f, 0x56be, 0x5708, 0x58d0, 0x58e7, 0x58ed, 0x5911, 0x59ab, 0x5bd9, 0x5c11, 0x5dd2, 0x5e18,
    0x5e74, 0x5ee0, 0x5ee2, 0x5f65, 0x5ffd, 0x6042, 0x61f0, 0x6385, 0x658d, 0x6590, 0x66ed, 0x673f,
    0x6b43, 0x6cc8, 0x7099, 0x70cd, 0x7508, 0x77e1, 0x799b, 0x7b29, 0x7e99, 0x7e9f, 0x7eb3, 0x7ebc,
    0x7eca, 0x7f31, 0x7fe3, 0x8026, 0x8397, 0x89c6, 0x8b9e, 0x8bb5, 0x8bbd, 0x8bd7, 0x8d05, 0x8f5b,
    0x8f73, 0x8fbe, 0x8fe0, 0x912d, 0x91ad,
};

static const lv_font_fmt_txt_cmap_t cmaps[] = {
    {
        .range_start = 0x20,
        .range_length = 37294,
        .glyph_id_start = 1,
        .unicode_list = unicode_list,
        .list_length = 161,
        .type = LV_FONT_FMT_TXT_CMAP_SPARSE_TINY,
    },
};

static const lv_font_fmt_txt_dsc_t font_dsc = {
    .glyph_bitmap = glyph_bitmap,
    .glyph_dsc = glyph_dsc,
    .cmaps = cmaps,
    .cmap_num = 1,
    .bpp = 4,
};

const lv_font_t mybot_cores3_font_20 = {
    .get_glyph_dsc = lv_font_get_glyph_dsc_fmt_txt,
    .get_glyph_bitmap = lv_font_get_bitmap_fmt_txt,
    .line_height = 26,
    .base_line = 7,
    .subpx = LV_FONT_SUBPX_NONE,
    .underline_position = -1,
    .underline_thickness = 1,
    .dsc = &font_dsc,
};
